person_id,temperature,reasoning,pred_extraversion,pred_agreeableness,pred_conscientiousness,pred_neuroticism,pred_openness,mean_trait_std
30.0,0.1,cot,0.0,0.022360679774997887,0.022360679774997866,0.027386127875258313,0.0,0.014421497485050814
30.0,0.1,direct,0.027386127875258313,0.0,0.0,0.0223606797749979,0.027386127875258317,0.015426587105102908
30.0,0.1,think,0.0,0.02738612787525833,0.0,0.0223606797749979,0.02738612787525833,0.015426587105102913
30.0,0.3,cot,0.04472135954999578,0.03535533905932735,0.022360679774997887,0.022360679774997894,0.022360679774997887,0.02943174758686336
30.0,0.3,direct,0.0273861278752583,0.027386127875258317,0.0,0.022360679774997907,0.02236067977499793,0.019898723060102493
30.0,0.3,think,0.0,0.0,0.0,0.027386127875258324,0.02738612787525833,0.010954451150103331
30.0,0.5,cot,0.09746794344808962,0.0,0.0,0.0223606797749979,0.0447213595499958,0.03290999655461666
30.0,0.5,direct,0.02738612787525829,0.02738612787525832,0.022360679774997862,0.02738612787525831,0.02236067977499793,0.025375948635154143
30.0,0.5,think,0.1341640786499874,0.022360679774997935,0.0,0.0223606797749979,0.027386127875258317,0.041254313215048306
30.0,0.7,cot,0.11180339887498951,0.027386127875258317,0.0,0.0223606797749979,0.027386127875258272,0.0377872668801008
30.0,0.7,direct,0.09746794344808965,0.022360679774997918,0.0,0.02738612787525832,0.022360679774997918,0.03391508617466876
30.0,0.7,think,0.1341640786499874,0.02738612787525833,0.0,0.02738612787525832,0.02738612787525833,0.04326449245515247
30.0,0.9,cot,0.06123724356957941,0.022360679774997866,0.022360679774997935,0.0,0.04472135954999579,0.0301359925339142
30.0,0.9,direct,0.18371173070873834,0.02236067977499793,0.0,0.03535533905932738,0.02738612787525833,0.05376277548366439
30.0,0.9,think,0.022360679774997894,0.022360679774997935,0.0,0.027386127875258324,0.022360679774997918,0.018893633440050413
57.0,0.1,cot,0.0,0.022360679774997918,0.19685019685029528,0.0,0.0,0.043842175325058644
57.0,0.1,direct,0.0,0.0,0.0,0.0,0.027386127875258296,0.0054772255750516596
57.0,0.1,think,0.0273861278752583,0.027386127875258317,0.0,0.0,0.0273861278752583,0.01643167672515498
57.0,0.3,cot,0.14747881203752627,0.022360679774997918,0.28809720581775866,0.027386127875258317,0.15165750888103102,0.12739606687731445
57.0,0.3,direct,0.0,0.0,0.0,0.0,0.027386127875258303,0.00547722557505166
57.0,0.3,think,0.022360679774997894,0.027386127875258317,0.04472135954999577,0.0223606797749979,0.022360679774997894,0.02783790535004956
57.0,0.5,cot,0.12549900398011135,0.027386127875258317,0.21908902300206645,0.027386127875258317,0.054772255750516585,0.0908265076966422
57.0,0.5,direct,0.02236067977499789,0.02236067977499793,0.022360679774997876,0.0223606797749979,0.04472135954999579,0.02683281572999748
57.0,0.5,think,0.04183300132670376,0.02738612787525833,0.02738612787525829,0.027386127875258324,0.0273861278752583,0.030275502565547403
57.0,0.7,cot,0.10839741694339398,0.022360679774997873,0.022360679774997873,0.02738612787525831,0.1643167672515498,0.06896433432403956
57.0,0.7,direct,0.2524876234590519,0.04183300132670378,0.0273861278752583,0.02738612787525832,0.0447213595499958,0.07876284801725361
57.0,0.7,think,0.22192341021172146,0.03535533905932736,0.04183300132670376,0.03535533905932737,0.08215838362577492,0.08332509465657098
57.0,0.9,cot,0.08660254037844387,0.02236067977499793,0.2761340254296815,0.03535533905932738,0.12041594578792296,0.10817370608607473
57.0,0.9,direct,0.0273861278752583,0.027386127875258317,0.0273861278752583,0.027386127875258324,0.07582875444051548,0.03707465318830974
57.0,0.9,think,0.0273861278752583,0.022360679774997935,0.041833001326703756,0.027386127875258324,0.0273861278752583,0.029270412945495324
66.0,0.1,cot,0.02738612787525829,0.022360679774997935,0.027386127875258258,0.0758287544405155,0.07071067811865477,0.04473447361693696
66.0,0.1,direct,0.02738612787525829,0.02236067977499793,0.0,0.0,0.0,0.009949361530051243
66.0,0.1,think,0.0,0.0,0.027386127875258296,0.02738612787525831,0.04472135954999579,0.01989872306010248
66.0,0.3,cot,0.04183300132670376,0.022360679774997918,0.022360679774997887,0.19685019685029526,0.044721359549995815,0.06562518345539811
66.0,0.3,direct,0.02236067977499789,0.022360679774997918,0.0,0.02738612787525831,0.022360679774997918,0.01889363344005041
66.0,0.3,think,0.03535533905932738,0.02738612787525833,0.022360679774997876,0.0,0.08944271909999159,0.03490897316191503
66.0,0.5,cot,0.022360679774997894,0.0,0.027386127875258286,0.0,0.02738612787525833,0.0154265871051029
66.0,0.5,direct,0.0,0.022360679774997918,0.02738612787525828,0.027386127875258317,0.27386127875258304,0.07019884285561952
66.0,0.5,think,0.0,0.0,0.0,0.0,0.04472135954999577,0.008944271909999154
66.0,0.7,cot,0.08366600265340755,0.04472135954999581,0.0,0.09746794344808965,0.0670820393249937,0.05858746899529734
66.0,0.7,direct,0.02738612787525829,0.03535533905932742,0.02738612787525828,0.0,0.054772255750516606,0.028979970112072116
66.0,0.7,think,0.0,0.022360679774997935,0.022360679774997918,0.0,0.0547722557505166,0.019898723060102493
66.0,0.9,cot,0.1036822067666386,0.02738612787525833,0.027386127875258258,0.0223606797749979,0.054772255750516634,0.04711747960853395
66.0,0.9,direct,0.04472135954999577,0.022360679774997918,0.02738612787525826,0.02738612787525832,0.2247220505424423,0.06931526912359051
66.0,0.9,think,0.027386127875258293,0.022360679774997918,0.0,0.027386127875258313,0.0894427190999916,0.03331513092510123
71.0,0.1,cot,0.027386127875258303,0.0,0.02738612787525828,0.022360679774997907,0.09746794344808962,0.03492017579472082
71.0,0.1,direct,0.022360679774997894,0.02738612787525833,0.022360679774997918,0.0,0.0,0.01442149748505083
71.0,0.1,think,0.12549900398011135,0.0,0.027386127875258296,0.0,0.20124611797498104,0.07082624996607015
71.0,0.3,cot,0.17464249196572978,0.02738612787525833,0.022360679774997918,0.022360679774997907,0.18708286933869703,0.08676656974593619
71.0,0.3,direct,0.0,0.022360679774997935,0.027386127875258286,0.0,0.022360679774997935,0.014421497485050833
71.0,0.3,think,0.04183300132670377,0.022360679774997935,0.022360679774997918,0.027386127875258313,0.17677669529663687,0.058143436809718965
71.0,0.5,cot,0.11180339887498954,0.0,0.02738612787525826,0.0,0.10839741694339397,0.04951738873872835
71.0,0.5,direct,0.28372521918222215,0.04183300132670382,0.022360679774997862,0.027386127875258313,0.02738612787525833,0.08053823120688809
71.0,0.5,think,0.06123724356957946,0.02236067977499793,0.0,0.027386127875258317,0.18841443681416772,0.05987969760680069
71.0,0.7,cot,0.10954451150103325,0.02738612787525833,0.022360679774997873,0.022360679774997907,0.10368220676663858,0.05706684113858519
71.0,0.7,direct,0.23075961518428653,0.02738612787525832,0.022360679774997873,0.02738612787525832,0.07905694150420949,0.07738989844280211
71.0,0.7,think,0.1565247584249853,0.022360679774997918,0.0,0.0223606797749979,0.1717556403731767,0.07460035166963157
71.0,0.9,cot,0.1387443692551161,0.02738612787525833,0.04472135954999577,0.022360679774997907,0.10368220676663858,0.06737894864440133
71.0,0.9,direct,0.22638462845343543,0.04183300132670381,0.022360679774997873,0.035355339059327376,0.05,0.07518672972289289
71.0,0.9,think,0.13416407864998742,0.022360679774997918,0.02738612787525829,0.027386127875258324,0.1890767040118904,0.08007474363747846
101.0,0.1,cot,0.0,0.022360679774997935,0.0,0.0223606797749979,0.06708203932499368,0.022360679774997904
101.0,0.1,direct,0.0894427190999916,0.0,0.022360679774997876,0.02738612787525832,0.08944271909999155,0.045726449170047874
101.0,0.1,think,0.022360679774997838,0.027386127875258317,0.0,0.02738612787525832,0.02738612787525833,0.020903812680154562
101.0,0.3,cot,0.022360679774997935,0.0,0.0,0.0,0.04999999999999997,0.014472135954999582
101.0,0.3,direct,0.02738612787525824,0.022360679774997935,0.0,0.02738612787525832,0.08366600265340755,0.032159787635784406
101.0,0.3,think,0.022360679774997876,0.0,0.0,0.027386127875258317,0.04183300132670378,0.018315961795391994
101.0,0.5,cot,0.022360679774997935,0.027386127875258317,0.0,0.0223606797749979,0.04472135954999578,0.02336576939504999
101.0,0.5,direct,0.022360679774997876,0.04183300132670374,0.0,0.0273861278752583,0.08660254037844389,0.03563646987108076
101.0,0.5,think,0.11180339887498948,0.02738612787525833,0.022360679774997873,0.027386127875258313,0.15652475842498528,0.06909221856509787
101.0,0.7,cot,0.0,0.022360679774997918,0.0,0.022360679774997894,0.08944271909999156,0.02683281572999747
101.0,0.7,direct,0.022360679774997838,0.022360679774997935,0.0,0.022360679774997887,0.09746794344808966,0.03290999655461666
101.0,0.7,think,0.09617692030835669,0.02738612787525833,0.0,0.02738612787525831,0.18506755523321744,0.06720334625841815
101.0,0.9,cot,0.0,0.02236067977499793,0.022360679774997873,0.027386127875258317,0.0547722557505166,0.025375948635154143
101.0,0.9,direct,0.11937336386313324,0.03535533905932742,0.0,0.03535533905932737,0.10368220676663858,0.05875324974968532
101.0,0.9,think,0.11510864433221338,0.02738612787525832,0.022360679774997876,0.04183300132670378,0.057008771254956875,0.05273944491282605
112.0,0.1,cot,0.022360679774997838,0.02236067977499793,0.04472135954999579,0.0,0.027386127875258317,0.023365769395049973
112.0,0.1,direct,0.0273861278752583,0.02738612787525833,0.022360679774997918,0.027386127875258313,0.0,0.020903812680154572
112.0,0.1,think,0.027386127875258303,0.02738612787525832,0.0,0.027386127875258313,0.0418330013267038,0.024798276990495745
112.0,0.3,cot,0.022360679774997876,0.022360679774997918,0.0,0.0,0.0547722557505166,0.01989872306010248
112.0,0.3,direct,0.0273861278752583,0.022360679774997935,0.022360679774997873,0.0223606797749979,0.0,0.0188936334400504
112.0,0.3,think,0.0273861278752583,0.0,0.0,0.027386127875258313,0.0,0.010954451150103323
112.0,0.5,cot,0.14142135623730953,0.02738612787525833,0.022360679774997918,0.022360679774997894,0.13038404810405296,0.06878257835332333
112.0,0.5,direct,0.0223606797749979,0.0,0.02738612787525828,0.022360679774997907,0.0,0.014421497485050816
112.0,0.5,think,0.049999999999999996,0.022360679774997935,0.022360679774997873,0.02738612787525831,0.2274862633215465,0.06991875014936012
112.0,0.7,cot,0.11510864433221339,0.02236067977499793,0.022360679774997887,0.027386127875258317,0.0790569415042095,0.05325461465233541
112.0,0.7,direct,0.02236067977499789,0.022360679774997935,0.022360679774997887,0.0223606797749979,0.022360679774997935,0.022360679774997907
112.0,0.7,think,0.10839741694339401,0.027386127875258348,0.05477225575051661,0.035355339059327376,0.23874672772626643,0.09293157347095256
112.0,0.9,cot,0.1036822067666386,0.02738612787525832,0.06708203932499372,0.027386127875258313,0.08944271909999157,0.06299584418842812
112.0,0.9,direct,0.022360679774997887,0.02738612787525833,0.0,0.0223606797749979,0.05700877125495692,0.02582325173604221
112.0,0.9,think,0.1414213562373095,0.02738612787525832,0.0,0.027386127875258313,0.057008771254956916,0.05064047664855661
125.0,0.1,cot,0.044721359549995815,0.02738612787525833,0.02738612787525826,0.0223606797749979,0.044721359549995794,0.03331513092510122
125.0,0.1,direct,0.0,0.0,0.0,0.0,0.0,0.0
125.0,0.1,think,0.10368220676663864,0.02738612787525832,0.0,0.022360679774997894,0.203100960115899,0.07130599490655878
125.0,0.3,cot,0.04472135954999582,0.02738612787525832,0.0,0.0,0.07416198487095661,0.029253894459242147
125.0,0.3,direct,0.0273861278752583,0.02738612787525833,0.0,0.027386127875258313,0.0,0.016431676725154987
125.0,0.3,think,0.15572411502397437,0.022360679774997935,0.022360679774997918,0.027386127875258324,0.20432816741702553,0.08643195397325082
125.0,0.5,cot,0.04472135954999584,0.022360679774997918,0.022360679774997873,0.0,0.08944271909999155,0.03577708763999664
125.0,0.5,direct,0.21908902300206645,0.04472135954999582,0.0,0.027386127875258317,0.035355339059327424,0.0653103698973296
125.0,0.5,think,0.05477225575051658,0.022360679774997918,0.0,0.0,0.08660254037844387,0.03274709518079168
125.0,0.7,cot,0.022360679774997918,0.027386127875258317,0.022360679774997862,0.0223606797749979,0.09746794344808966,0.03838722212966833
125.0,0.7,direct,0.15165750888103102,0.03535533905932741,0.022360679774997862,0.027386127875258317,0.04472135954999583,0.05629620302812209
125.0,0.7,think,0.15165750888103102,0.022360679774997935,0.0,0.0,0.14832396974191325,0.06446843167958845
125.0,0.9,cot,0.04472135954999582,0.02738612787525832,0.0,0.0223606797749979,0.09999999999999998,0.0388936334400504
125.0,0.9,direct,0.21965882636488798,0.035355339059327424,0.02738612787525828,0.027386127875258324,0.044721359549995836,0.07090155614494557
125.0,0.9,think,0.15572411502397437,0.041833001326703784,0.0,0.022360679774997894,0.06519202405202651,0.057021964035540516
129.0,0.1,cot,0.0,0.0,0.04183300132670381,0.022360679774997866,0.02236067977499789,0.017310872175339914
129.0,0.1,direct,0.0,0.0547722557505166,0.0,0.0,0.0,0.010954451150103319
129.0,0.1,think,0.0,0.0,0.027386127875258317,0.0,0.02236067977499789,0.009949361530051241
129.0,0.3,cot,0.04472135954999577,0.041833001326703784,0.02738612787525833,0.02738612787525833,0.022360679774997904,0.03273745928044282
129.0,0.3,direct,0.0,0.08366600265340753,0.044721359549995836,0.044721359549995766,0.022360679774997894,0.0390938803056794
129.0,0.3,think,0.0,0.0,0.022360679774997918,0.02738612787525829,0.0,0.009949361530051241
129.0,0.5,cot,0.022360679774997894,0.04472135954999578,0.02738612787525833,0.0353553390593274,0.0273861278752583,0.031441926826967545
129.0,0.5,direct,0.0,0.05477225575051657,0.0,0.04472135954999582,0.08660254037844387,0.03721923113579125
129.0,0.5,think,0.0,0.0,0.04472135954999585,0.02738612787525829,0.022360679774997894,0.018893633440050406
129.0,0.7,cot,0.0273861278752583,0.12247448713915886,0.022360679774997918,0.044721359549995794,0.027386127875258306,0.04886575644293384
129.0,0.7,direct,0.0,0.022360679774997935,0.022360679774997935,0.04183300132670378,0.027386127875258293,0.02278809775039159
129.0,0.7,think,0.022360679774997894,0.04472135954999579,0.04472135954999585,0.0273861278752583,0.022360679774997894,0.03231004130504914
129.0,0.9,cot,0.02236067977499789,0.14832396974191325,0.027386127875258317,0.02738612787525828,0.0651920240520265,0.05812978586389085
129.0,0.9,direct,0.022360679774997894,0.06519202405202651,0.0,0.07071067811865472,0.09354143466934854,0.050360963323005534
129.0,0.9,think,0.022360679774997894,0.06123724356957946,0.035355339059327424,0.027386127875258272,0.022360679774997894,0.03374001401083219
189.0,0.1,cot,0.03535533905932736,0.0,0.02236067977499793,0.02236067977499793,0.07071067811865478,0.030157475345595597
189.0,0.1,direct,0.0,0.0,0.0,0.05477225575051667,0.0,0.010954451150103333
189.0,0.1,think,0.0273861278752583,0.0,0.0,0.0,0.0273861278752583,0.010954451150103319
189.0,0.3,cot,0.02236067977499789,0.0,0.06519202405202648,0.02738612787525826,0.05477225575051663,0.03394221749055985
189.0,0.3,direct,0.0,0.04472135954999581,0.0,0.061237243569579464,0.04183300132670376,0.029558320889255807
189.0,0.3,think,0.04999999999999999,0.049999999999999996,0.0,0.054772255750516585,0.04472135954999577,0.03989872306010247
189.0,0.5,cot,0.0273861278752583,0.022360679774997918,0.06519202405202654,0.027386127875258317,0.027386127875258286,0.033942217490559874
189.0,0.5,direct,0.0,0.0,0.0,0.054772255750516634,0.07582875444051551,0.02612020203820643
189.0,0.5,think,0.02236067977499789,0.05477225575051662,0.04472135954999585,0.04183300132670377,0.04472135954999579,0.04168173119044198
189.0,0.7,cot,0.05477225575051662,0.02738612787525829,0.04183300132670381,0.04183300132670382,0.09746794344808965,0.05265846594545444
189.0,0.7,direct,0.0273861278752583,0.02738612787525833,0.0,0.02236067977499793,0.08366600265340754,0.03215978763578442
189.0,0.7,think,0.027386127875258293,0.06708203932499364,0.06519202405202652,0.03535533905932736,0.027386127875258303,0.04448033163737282
189.0,0.9,cot,0.022360679774997894,0.035355339059327404,0.09082951062292476,0.0,0.022360679774997887,0.03418124184644959
189.0,0.9,direct,0.022360679774997894,0.05000000000000002,0.022360679774997935,0.0570087712549569,0.0894427190999916,0.048234569980988865
189.0,0.9,think,0.057008771254956875,0.0447213595499958,0.04472135954999583,0.04472135954999583,0.06708203932499372,0.051650977845987614
211.0,0.1,cot,0.022360679774997894,0.035355339059327404,0.02738612787525833,0.027386127875258258,0.07582875444051551,0.03766340580507148
211.0,0.1,direct,0.02236067977499789,0.022360679774997918,0.04472135954999583,0.022360679774997887,0.0670820393249937,0.03577708763999664
211.0,0.1,think,0.0,0.0,0.027386127875258348,0.02738612787525829,0.0,0.010954451150103328
211.0,0.3,cot,0.0,0.054772255750516634,0.0,0.044721359549995794,0.02236067977499789,0.024370859015102064
211.0,0.3,direct,0.0,0.08944271909999157,0.022360679774997918,0.02738612787525828,0.041833001326703784,0.036204505615390306
211.0,0.3,think,0.0,0.05477225575051665,0.02738612787525833,0.022360679774997887,0.0670820393249937,0.03432022054515331
211.0,0.5,cot,0.02236067977499789,0.044721359549995815,0.02236067977499793,0.04472135954999579,0.10368220676663858,0.0475692570833252
211.0,0.5,direct,0.027386127875258293,0.12247448713915891,0.054772255750516655,0.04183300132670375,0.17818529681205467,0.08493023378073845
211.0,0.5,think,0.0,0.054772255750516634,0.0,0.0447213595499958,0.0,0.019898723060102486
211.0,0.7,cot,0.022360679774997894,0.0447213595499958,0.022360679774997935,0.04999999999999999,0.07582875444051551,0.043054294708101425
211.0,0.7,direct,0.02738612787525829,0.108397416943394,0.02738612787525833,0.06519202405202648,0.06519202405202648,0.05871074415959272
211.0,0.7,think,0.04183300132670377,0.10246950765959602,0.02738612787525833,0.04183300132670375,0.0670820393249937,0.056120735502651106
211.0,0.9,cot,0.0273861278752583,0.1,0.027386127875258348,0.027386127875258348,0.07582875444051551,0.0515974276132581
211.0,0.9,direct,0.049999999999999996,0.08944271909999157,0.027386127875258348,0.05700877125495692,0.1565247584249853,0.07607247533103842
211.0,0.9,think,0.0273861278752583,0.04472135954999579,0.02738612787525833,0.04183300132670377,0.06519202405202651,0.04130372813584854
212.0,0.1,cot,0.0223606797749979,0.03535533905932737,0.04472135954999583,0.13038404810405296,0.035355339059327376,0.05363535310954028
212.0,0.1,direct,0.02738612787525829,0.05700877125495691,0.022360679774997873,0.09082951062292474,0.13416407864998736,0.06634983363562504
212.0,0.1,think,0.022360679774997894,0.0,0.0,0.12041594578792293,0.02236067977499789,0.03302746106758374
212.0,0.3,cot,0.022360679774997894,0.022360679774997918,0.022360679774997918,0.041833001326703805,0.027386127875258293,0.027260233705391167
212.0,0.3,direct,0.0273861278752583,0.02738612787525833,0.022360679774997918,0.06519202405202651,0.08944271909999157,0.046353535735506525
212.0,0.3,think,0.0,0.06123724356957944,0.0273861278752583,0.14747881203752627,0.0,0.0472204366964728
212.0,0.5,cot,0.022360679774997887,0.02738612787525833,0.0,0.18506755523321747,0.0670820393249937,0.060379280441693474
212.0,0.5,direct,0.0273861278752583,0.022360679774997918,0.022360679774997862,0.1118033988749895,0.09999999999999998,0.05678217726004871
212.0,0.5,think,0.03535533905932737,0.04999999999999998,0.0,0.14404860290887933,0.06123724356957946,0.058128237107557226
212.0,0.7,cot,0.0651920240520265,0.06519202405202648,0.0,0.21679483388678797,0.10246950765959602,0.08992967793008738
212.0,0.7,direct,0.022360679774997894,0.022360679774997873,0.0,0.08944271909999159,0.0894427190999916,0.044721359549995794
212.0,0.7,think,0.08215838362577493,0.07582875444051551,0.04183300132670374,0.08944271909999159,0.10954451150103325,0.0797614739988038
212.0,0.9,cot,0.027386127875258313,0.03535533905932733,0.044721359549995836,0.11937336386313326,0.07582875444051551,0.06053298895764605
212.0,0.9,direct,0.02236067977499789,0.06123724356957945,0.03535533905932736,0.11510864433221338,0.10839741694339403,0.06849186473590244
212.0,0.9,think,0.0273861278752583,0.05700877125495688,0.0,0.102469507659596,0.07071067811865477,0.051515016981693196
221.0,0.1,cot,0.07905694150420949,0.022360679774997918,0.0,0.035355339059327376,0.07582875444051551,0.04252034295581006
221.0,0.1,direct,0.06708203932499367,0.022360679774997918,0.0447213595499958,0.0223606797749979,0.10246950765959599,0.051798853216916255
221.0,0.1,think,0.02236067977499789,0.0,0.0,0.0,0.02236067977499789,0.008944271909999156
221.0,0.3,cot,0.08944271909999159,0.022360679774997935,0.0,0.022360679774997887,0.0547722557505166,0.0377872668801008
221.0,0.3,direct,0.022360679774997894,0.02738612787525833,0.027386127875258265,0.04183300132670378,0.0273861278752583,0.02927041294549531
221.0,0.3,think,0.02738612787525829,0.022360679774997935,0.0,0.0223606797749979,0.04472135954999579,0.023365769395049984
221.0,0.5,cot,0.04183300132670376,0.0,0.0,0.0223606797749979,0.07582875444051551,0.028004487108443433
221.0,0.5,direct,0.027386127875258293,0.02236067977499793,0.0,0.022360679774997894,0.04183300132670376,0.022788097750391572
221.0,0.5,think,0.02738612787525829,0.022360679774997918,0.0,0.0,0.04183300132670376,0.018315961795391994
221.0,0.7,cot,0.03535533905932737,0.02236067977499793,0.022360679774997887,0.0,0.04183300132670376,0.024381939987205385
221.0,0.7,direct,0.04183300132670377,0.04472135954999581,0.022360679774997918,0.04183300132670378,0.10839741694339394,0.05182909178435904
221.0,0.7,think,0.027386127875258293,0.0,0.0,0.0,0.027386127875258293,0.010954451150103317
221.0,0.9,cot,0.02236067977499789,0.0,0.0,0.022360679774997887,0.04472135954999579,0.017888543819998312
221.0,0.9,direct,0.04183300132670378,0.0,0.0,0.0,0.0821583836257749,0.02479827699049574
221.0,0.9,think,0.0273861278752583,0.02738612787525833,0.0,0.0223606797749979,0.11401754250991379,0.038230095607085665
234.0,0.1,cot,0.0,0.022360679774997918,0.022360679774997873,0.0,0.12549900398011132,0.034044072706021423
234.0,0.1,direct,0.02738612787525829,0.027386127875258317,0.0,0.027386127875258317,0.0,0.016431676725154984
234.0,0.1,think,0.022360679774997894,0.027386127875258317,0.0,0.022360679774997907,0.022360679774997935,0.018893633440050413
234.0,0.3,cot,0.02236067977499789,0.022360679774997935,0.0,0.0223606797749979,0.11937336386313319,0.03729108063762539
234.0,0.3,direct,0.0273861278752583,0.02738612787525832,0.0,0.027386127875258317,0.0,0.016431676725154987
234.0,0.3,think,0.027386127875258286,0.022360679774997935,0.0,0.02738612787525832,0.035355339059327404,0.02249765491696839
234.0,0.5,cot,0.02236067977499789,0.022360679774997935,0.0,0.0223606797749979,0.22192341021172143,0.05780108990734303
234.0,0.5,direct,0.027386127875258286,0.02738612787525833,0.0,0.022360679774997907,0.022360679774997935,0.019898723060102493
234.0,0.5,think,0.0,0.022360679774997935,0.022360679774997876,0.0,0.041833001326703756,0.017310872175339914
234.0,0.7,cot,0.027386127875258303,0.022360679774997935,0.027386127875258272,0.0223606797749979,0.061237243569579436,0.032146171774018364
234.0,0.7,direct,0.02738612787525829,0.02738612787525833,0.0,0.02738612787525831,0.022360679774997935,0.020903812680154572
234.0,0.7,think,0.02738612787525829,0.027386127875258317,0.0,0.0,0.027386127875258317,0.016431676725154984
234.0,0.9,cot,0.0,0.0,0.02738612787525829,0.0,0.07071067811865472,0.019619361198782603
234.0,0.9,direct,0.02738612787525829,0.044721359549995815,0.022360679774997876,0.02738612787525832,0.02738612787525833,0.02984808459015373
234.0,0.9,think,0.0,0.022360679774997918,0.022360679774997873,0.0,0.13874436925511607,0.036693145761022374
240.0,0.1,cot,0.0,0.0547722557505166,0.027386127875258348,0.027386127875258348,0.04472135954999579,0.030853174210205815
240.0,0.1,direct,0.03535533905932737,0.022360679774997935,0.022360679774997935,0.035355339059327424,0.0758287544405155,0.03825215842183323
240.0,0.1,think,0.04183300132670378,0.13416407864998733,0.02738612787525833,0.041833001326703756,0.09617692030835673,0.068278625897402
240.0,0.3,cot,0.02738612787525831,0.10246950765959596,0.04472135954999585,0.02738612787525833,0.04472135954999578,0.04933689650202085
240.0,0.3,direct,0.12041594578792297,0.1643167672515498,0.027386127875258317,0.027386127875258317,0.09082951062292471,0.08606689588258282
240.0,0.3,think,0.04472135954999579,0.04999999999999999,0.1118033988749895,0.022360679774997918,0.08366600265340755,0.06251028817067815
240.0,0.5,cot,0.02236067977499789,0.08944271909999157,0.022360679774997918,0.022360679774997918,0.09999999999999999,0.05130495168499706
240.0,0.5,direct,0.11510864433221339,0.16046806535881214,0.02738612787525833,0.054772255750516634,0.09617692030835673,0.09078240272503145
240.0,0.5,think,0.04183300132670377,0.09999999999999998,0.02738612787525833,0.0570087712549569,0.10954451150103321,0.06715448239159043
240.0,0.7,cot,0.022360679774997887,0.05477225575051662,0.04183300132670376,0.04183300132670374,0.06519202405202651,0.0451981924461897
240.0,0.7,direct,0.0,0.10954451150103323,0.0,0.044721359549995815,0.14142135623730948,0.059137445457667706
240.0,0.7,think,0.04183300132670376,0.102469507659596,0.04183300132670381,0.02738612787525833,0.022360679774997904,0.04717646359265196
240.0,0.9,cot,0.03535533905932737,0.09082951062292476,0.04183300132670382,0.04472135954999584,0.09082951062292473,0.0607137442363753
240.0,0.9,direct,0.04183300132670376,0.14747881203752627,0.0,0.03535533905932741,0.04472135954999582,0.05387770239471066
240.0,0.9,think,0.07416198487095663,0.15572411502397435,0.02236067977499793,0.06519202405202651,0.06519202405202648,0.07652616555479638
290.0,0.1,cot,0.027386127875258296,0.022360679774997935,0.0,0.05477225575051663,0.12549900398011132,0.04600361347617683
290.0,0.1,direct,0.0,0.0,0.0,0.0,0.0,0.0
290.0,0.1,think,0.0,0.027386127875258317,0.04183300132670378,0.022360679774997876,0.0,0.018315961795391994
290.0,0.3,cot,0.022360679774997904,0.027386127875258348,0.02236067977499793,0.05,0.02738612787525828,0.029898723060102494
290.0,0.3,direct,0.0,0.0,0.057008771254956944,0.02738612787525829,0.0,0.01687897982604305
290.0,0.3,think,0.027386127875258286,0.022360679774997935,0.022360679774997876,0.049999999999999996,0.022360679774997838,0.028893633440050387
290.0,0.5,cot,0.0,0.027386127875258317,0.06123724356957944,0.03535533905932739,0.04183300132670375,0.03316234236617378
290.0,0.5,direct,0.03535533905932737,0.04472135954999579,0.041833001326703756,0.027386127875258258,0.0,0.029859165562257033
290.0,0.5,think,0.02236067977499789,0.02738612787525833,0.04472135954999583,0.04183300132670377,0.022360679774997838,0.03173236966039074
290.0,0.7,cot,0.02236067977499789,0.02738612787525833,0.04472135954999582,0.04183300132670376,0.061237243569579436,0.03950768241930705
290.0,0.7,direct,0.04183300132670376,0.044721359549995836,0.04472135954999582,0.027386127875258272,0.03535533905932737,0.03880343747225621
290.0,0.7,think,0.03535533905932737,0.022360679774997935,0.022360679774997873,0.022360679774997873,0.022360679774997935,0.024959611631863797
290.0,0.9,cot,0.0273861278752583,0.02738612787525833,0.0,0.054772255750516634,0.08944271909999163,0.03979744612020498
290.0,0.9,direct,0.02236067977499789,0.0547722557505166,0.05700877125495687,0.022360679774997876,0.03535533905932736,0.038371545122959316
290.0,0.9,think,0.04183300132670377,0.02738612787525832,0.022360679774997838,0.04999999999999999,0.041833001326703784,0.03668256206073274
307.0,0.1,cot,0.04472135954999577,0.022360679774997935,0.0,0.0,0.02738612787525829,0.0188936334400504
307.0,0.1,direct,0.0,0.022360679774997918,0.0,0.0,0.0,0.004472135954999583
307.0,0.1,think,0.03535533905932737,0.0,0.0,0.022360679774997914,0.0273861278752583,0.017020429341916714
307.0,0.3,cot,0.13509256086106297,0.04183300132670381,0.0,0.0223606797749979,0.04183300132670377,0.048223848657893684
307.0,0.3,direct,0.0,0.0,0.0,0.0,0.0,0.0
307.0,0.3,think,0.04183300132670377,0.022360679774997918,0.0,0.0223606797749979,0.03535533905932738,0.0243819399872054
307.0,0.5,cot,0.14404860290887936,0.04183300132670379,0.022360679774997876,0.0,0.04472135954999579,0.050592728712115356
307.0,0.5,direct,0.24135036772294338,0.041833001326703825,0.022360679774997873,0.027386127875258313,0.19170289512680816,0.10492661436534231
307.0,0.5,think,0.22638462845343543,0.03535533905932742,0.022360679774997876,0.022360679774997907,0.027386127875258303,0.06676949098760339
307.0,0.7,cot,0.11180339887498948,0.03535533905932742,0.0,0.02738612787525832,0.04472135954999577,0.043853245071914196
307.0,0.7,direct,0.27703790354390134,0.022360679774997918,0.02738612787525829,0.0223606797749979,0.28591956910991595,0.12701299201581429
307.0,0.7,think,0.02236067977499789,0.0,0.0,0.0223606797749979,0.06519202405202648,0.021982676720404454
307.0,0.9,cot,0.0570087712549569,0.0,0.022360679774997862,0.022360679774997907,0.0651920240520265,0.03338443097139583
307.0,0.9,direct,0.16583123951777,0.03535533905932741,0.06123724356957944,0.0223606797749979,0.21505813167606566,0.09996852671954808
307.0,0.9,think,0.04472135954999579,0.0,0.027386127875258272,0.02738612787525832,0.0547722557505166,0.03085317421020579
343.0,0.1,cot,0.022360679774997887,0.0,0.0,0.0,0.0651920240520265,0.017510540765404876
343.0,0.1,direct,0.04472135954999578,0.02738612787525833,0.02738612787525829,0.02738612787525832,0.1596871942267131,0.05731338748049677
343.0,0.1,think,0.0,0.022360679774997918,0.0,0.0,0.027386127875258286,0.00994936153005124
343.0,0.3,cot,0.0273861278752583,0.022360679774997918,0.0,0.0,0.03535533905932737,0.017020429341916714
343.0,0.3,direct,0.04183300132670376,0.04472135954999585,0.04183300132670376,0.03535533905932739,0.1753567791675018,0.06781989608604652
343.0,0.3,think,0.0273861278752583,0.027386127875258317,0.022360679774997887,0.0223606797749979,0.049999999999999996,0.029898723060102477
343.0,0.5,cot,0.022360679774997904,0.022360679774997935,0.022360679774997918,0.0,0.08366600265340757,0.030149608395680268
343.0,0.5,direct,0.04472135954999579,0.02236067977499793,0.027386127875258265,0.022360679774997907,0.022360679774997894,0.02783790535004955
343.0,0.5,think,0.022360679774997894,0.022360679774997935,0.022360679774997873,0.022360679774997894,0.07071067811865477,0.03203067944372927
343.0,0.7,cot,0.04472135954999577,0.0,0.022360679774997876,0.0223606797749979,0.1,0.03788854381999831
343.0,0.7,direct,0.022360679774997894,0.022360679774997918,0.022360679774997873,0.041833001326703784,0.08944271909999157,0.03967155195033781
343.0,0.7,think,0.02236067977499789,0.022360679774997918,0.022360679774997876,0.027386127875258317,0.02236067977499789,0.02336576939504998
343.0,0.9,cot,0.02236067977499789,0.022360679774997935,0.022360679774997887,0.022360679774997907,0.0894427190999916,0.03577708763999664
343.0,0.9,direct,0.04999999999999999,0.05000000000000006,0.0273861278752583,0.027386127875258324,0.1541103500742244,0.061776521164948216
343.0,0.9,think,0.03535533905932737,0.022360679774997935,0.0,0.022360679774997914,0.02738612787525829,0.021492565296916302
368.0,0.1,cot,0.0,0.0,0.022360679774997918,0.022360679774997862,0.0,0.008944271909999156
368.0,0.1,direct,0.022360679774997894,0.16431676725154984,0.0,0.04183300132670374,0.08215838362577493,0.06213376639580528
368.0,0.1,think,0.0,0.05477225575051658,0.02738612787525833,0.02738612787525826,0.0,0.021908902300206635
368.0,0.3,cot,0.0273861278752583,0.05477225575051662,0.0,0.0547722557505166,0.04183300132670377,0.03575272814059906
368.0,0.3,direct,0.04183300132670376,0.151657508881031,0.022360679774997935,0.022360679774997862,0.0547722557505166,0.05859682510164943
368.0,0.3,think,0.0273861278752583,0.1095445115010332,0.04183300132670379,0.02738612787525833,0.04183300132670377,0.04959655398099148
368.0,0.5,cot,0.022360679774997894,0.0,0.02738612787525832,0.0353553390593274,0.09082951062292476,0.03518633146650167
368.0,0.5,direct,0.022360679774997894,0.1341640786499874,0.02236067977499793,0.022360679774997918,0.0273861278752583,0.04572644917004788
368.0,0.5,think,0.02236067977499789,0.08944271909999155,0.022360679774997935,0.04472135954999577,0.02236067977499789,0.040249223594996206
368.0,0.7,cot,0.0,0.08944271909999157,0.02738612787525833,0.027386127875258248,0.04472135954999577,0.03778726688010079
368.0,0.7,direct,0.04999999999999999,0.16431676725154984,0.04472135954999582,0.03535533905932733,0.04472135954999578,0.06782296508217375
368.0,0.7,think,0.02738612787525829,0.11510864433221339,0.04183300132670379,0.02738612787525829,0.03535533905932737,0.049413848093752225
368.0,0.9,cot,0.022360679774997894,0.022360679774997918,0.027386127875258317,0.0273861278752583,0.04472135954999579,0.02884299497010164
368.0,0.9,direct,0.03535533905932737,0.07416198487095658,0.02738612787525832,0.027386127875258317,0.1396424004376894,0.060786396023697994
368.0,0.9,think,0.0273861278752583,0.15,0.05700877125495693,0.02738612787525824,0.03535533905932737,0.059427273212960166
417.0,0.1,cot,0.0894427190999916,0.0,0.0,0.022360679774997907,0.027386127875258348,0.027837905350049576
417.0,0.1,direct,0.0273861278752583,0.022360679774997935,0.0,0.02738612787525831,0.0,0.01542658710510291
417.0,0.1,think,0.0,0.0,0.0,0.0,0.0,0.0
417.0,0.3,cot,0.06708203932499371,0.0,0.0,0.02738612787525832,0.04472135954999577,0.027837905350049562
417.0,0.3,direct,0.022360679774997904,0.02738612787525833,0.0,0.022360679774997894,0.04472135954999582,0.02336576939504999
417.0,0.3,think,0.11180339887498952,0.04472135954999585,0.022360679774997918,0.027386127875258324,0.03535533905932741,0.048325381026913805
417.0,0.5,cot,0.10246950765959602,0.022360679774997918,0.0,0.027386127875258317,0.049999999999999996,0.04044326306197045
417.0,0.5,direct,0.0,0.04472135954999585,0.022360679774997873,0.0,0.03535533905932741,0.020487475676864226
417.0,0.5,think,0.10954451150103327,0.022360679774997935,0.022360679774997918,0.027386127875258306,0.04472135954999581,0.045274671695256646
417.0,0.7,cot,0.06519202405202651,0.0,0.0,0.0223606797749979,0.022360679774997918,0.021982676720404465
417.0,0.7,direct,0.1341640786499874,0.02738612787525833,0.022360679774997876,0.027386127875258317,0.03535533905932742,0.049330470646965864
417.0,0.7,think,0.02738612787525831,0.02738612787525833,0.0,0.0,0.04183300132670381,0.01932105141544409
417.0,0.9,cot,0.11726039399558576,0.02738612787525833,0.022360679774997862,0.027386127875258317,0.06708203932499371,0.052295073769218804
417.0,0.9,direct,0.0,0.04183300132670382,0.02738612787525829,0.022360679774997907,0.027386127875258317,0.023793187370443666
417.0,0.9,think,0.03535533905932737,0.022360679774997918,0.022360679774997862,0.02738612787525831,0.027386127875258348,0.026969790871967957
451.0,0.1,cot,0.022360679774997876,0.0,0.0,0.0223606797749979,0.0,0.008944271909999154
451.0,0.1,direct,0.13693063937629152,0.0,0.02738612787525833,0.022360679774997894,0.04999999999999997,0.04733548940530954
451.0,0.1,think,0.0,0.022360679774997918,0.0,0.0223606797749979,0.027386127875258317,0.014421497485050828
451.0,0.3,cot,0.11180339887498948,0.027386127875258248,0.027386127875258286,0.0,0.05477225575051663,0.044269582075204525
451.0,0.3,direct,0.21389249636207433,0.03535533905932735,0.0,0.0273861278752583,0.04472135954999583,0.06427106456933115
451.0,0.3,think,0.0,0.027386127875258348,0.0,0.02738612787525832,0.02738612787525833,0.016431676725155
451.0,0.5,cot,0.022360679774997873,0.022360679774997862,0.04472135954999575,0.0223606797749979,0.04472135954999581,0.03130495168499704
451.0,0.5,direct,0.27477263328068174,0.022360679774997935,0.0,0.03535533905932738,0.04472135954999584,0.07544200233300058
451.0,0.5,think,0.0447213595499958,0.022360679774997918,0.0,0.02738612787525832,0.027386127875258348,0.024370859015102077
451.0,0.7,cot,0.11180339887498951,0.027386127875258317,0.0,0.02738612787525832,0.05700877125495691,0.04471688517609261
451.0,0.7,direct,0.09746794344808965,0.04472135954999584,0.0,0.044721359549995794,0.02236067977499793,0.04185426846461584
451.0,0.7,think,0.02236067977499789,0.0,0.0,0.0223606797749979,0.02738612787525832,0.01442149748505082
451.0,0.9,cot,0.13509256086106297,0.027386127875258348,0.0,0.02738612787525831,0.04183300132670375,0.04633956358765668
451.0,0.9,direct,0.17888543819998318,0.044721359549995836,0.0,0.04183300132670378,0.022360679774997935,0.05756009577033615
451.0,0.9,think,0.022360679774997887,0.02738612787525832,0.0,0.022360679774997914,0.022360679774997918,0.01889363344005041
454.0,0.1,cot,0.0,0.04472135954999579,0.04472135954999578,0.022360679774997935,0.0,0.0223606797749979
454.0,0.1,direct,0.0,0.044721359549995766,0.03535533905932741,0.022360679774997873,0.09082951062292473,0.03865337780144915
454.0,0.1,think,0.0,0.05477225575051658,0.08215838362577488,0.022360679774997918,0.0,0.031858263830257874
454.0,0.3,cot,0.0,0.07071067811865471,0.06708203932499368,0.022360679774997918,0.0651920240520265,0.04506908425413456
454.0,0.3,direct,0.02236067977499789,0.03535533905932735,0.05477225575051666,0.02738612787525829,0.20124611797498107,0.06822410408701625
454.0,0.3,think,0.0,0.02738612787525833,0.04472135954999577,0.02236067977499793,0.044721359549995836,0.027837905350049576
454.0,0.5,cot,0.0,0.08215838362577495,0.07582875444051554,0.02738612787525833,0.02738612787525833,0.04255187876336143
454.0,0.5,direct,0.04472135954999577,0.04183300132670376,0.022360679774997918,0.022360679774997866,0.14577379737113252,0.055409903559565564
454.0,0.5,think,0.022360679774997894,0.0707106781186547,0.08366600265340754,0.0,0.04472135954999581,0.04429174401941119
454.0,0.7,cot,0.022360679774997894,0.0821583836257749,0.05477225575051657,0.044721359549995836,0.04472135954999583,0.04974680765025621
454.0,0.7,direct,0.0894427190999916,0.06708203932499371,0.06519202405202651,0.041833001326703784,0.07582875444051547,0.06787570764884622
454.0,0.7,think,0.02236067977499789,0.07582875444051551,0.04183300132670377,0.03535533905932741,0.09746794344808968,0.05456914360992685
454.0,0.9,cot,0.04472135954999578,0.02738612787525824,0.04183300132670382,0.04183300132670374,0.08215838362577493,0.047586374740887304
454.0,0.9,direct,0.04183300132670377,0.022360679774997918,0.022360679774997918,0.022360679774997862,0.21213203435596426,0.06420941500153235
454.0,0.9,think,0.027386127875258303,0.022360679774997918,0.02738612787525833,0.02738612787525833,0.1557241150239744,0.05204863568494946
465.0,0.1,cot,0.0273861278752583,0.10954451150103323,0.07071067811865478,0.041833001326703756,0.04183300132670378,0.058261464029670765
465.0,0.1,direct,0.0,0.11401754250991379,0.04183300132670381,0.027386127875258272,0.0,0.036647334342375174
465.0,0.1,think,0.027386127875258293,0.08944271909999157,0.06123724356957946,0.03535533905932735,0.0273861278752583,0.04816151149588299
465.0,0.3,cot,0.04472135954999579,0.04472135954999579,0.0,0.04472135954999578,0.0894427190999916,0.044721359549995794
465.0,0.3,direct,0.0,0.09746794344808962,0.022360679774997935,0.02738612787525829,0.02738612787525829,0.03492017579472083
465.0,0.3,think,0.0,0.08944271909999157,0.10000000000000007,0.05477225575051661,0.04472135954999578,0.05778726688010081
465.0,0.5,cot,0.04183300132670377,0.08944271909999159,0.05477225575051662,0.04183300132670376,0.03535533905932738,0.052647263312648615
465.0,0.5,direct,0.04472135954999579,0.08944271909999156,0.022360679774997918,0.02738612787525828,0.07582875444051551,0.051947928148151815
465.0,0.5,think,0.03535533905932737,0.0670820393249937,0.06519202405202648,0.022360679774997838,0.04183300132670376,0.04636461670760983
465.0,0.7,cot,0.04472135954999579,0.08215838362577493,0.08660254037844388,0.027386127875258275,0.06123724356957946,0.06042113099981047
465.0,0.7,direct,0.049999999999999996,0.14317821063276354,0.02738612787525833,0.022360679774997918,0.027386127875258306,0.054062229231655615
465.0,0.7,think,0.02738612787525829,0.0,0.07416198487095665,0.027386127875258258,0.02738612787525829,0.0312640736993463
465.0,0.9,cot,0.022360679774997904,0.1254990039801113,0.022360679774997935,0.022360679774997935,0.022360679774997887,0.04298834461602059
465.0,0.9,direct,0.022360679774997894,0.12549900398011132,0.03535533905932742,0.0,0.0273861278752583,0.04212023013793899
465.0,0.9,think,0.0273861278752583,0.09746794344808964,0.13038404810405302,0.05477225575051661,0.04999999999999999,0.07200207503558351
472.0,0.1,cot,0.0821583836257749,0.04472135954999578,0.02236067977499793,0.044721359549995836,0.0670820393249937,0.05220876436515163
472.0,0.1,direct,0.0273861278752583,0.041833001326703784,0.022360679774997935,0.0,0.10954451150103318,0.04022486409559864
472.0,0.1,think,0.0,0.03535533905932742,0.02738612787525833,0.02738612787525833,0.0,0.018025518961968818
472.0,0.3,cot,0.10954451150103323,0.02738612787525833,0.022360679774997873,0.04472135954999585,0.07071067811865477,0.05494467136398801
472.0,0.3,direct,0.022360679774997894,0.06519202405202645,0.022360679774997838,0.0,0.13038404810405294,0.04805948634121503
472.0,0.3,think,0.0,0.02738612787525833,0.02738612787525833,0.03535533905932737,0.04472135954999579,0.026969790871967964
472.0,0.5,cot,0.12942179105544785,0.027386127875258317,0.0,0.027386127875258317,0.11510864433221342,0.05986053822763558
472.0,0.5,direct,0.022360679774997894,0.06519202405202648,0.022360679774997918,0.04472135954999577,0.027386127875258275,0.03640417420545527
472.0,0.5,think,0.09746794344808964,0.0758287544405155,0.022360679774997918,0.05700877125495693,0.151657508881031,0.0808647315599182
472.0,0.7,cot,0.09746794344808965,0.022360679774997918,0.0,0.05477225575051666,0.0670820393249937,0.04833658365971959
472.0,0.7,direct,0.23021728866442676,0.06123724356957946,0.0,0.0707106781186548,0.09354143466934849,0.09114132900440189
472.0,0.7,think,0.10839741694339398,0.04472135954999583,0.0,0.08366600265340754,0.10368220676663864,0.0680933971826872
472.0,0.9,cot,0.08215838362577493,0.0418330013267038,0.0,0.027386127875258317,0.1414213562373095,0.05855977381300931
472.0,0.9,direct,0.027386127875258293,0.022360679774997935,0.0,0.02738612787525833,0.23021728866442678,0.06147004483798827
472.0,0.9,think,0.08660254037844388,0.022360679774997838,0.0,0.0,0.1717556403731767,0.05614377210532369
483.0,0.1,cot,0.03535533905932737,0.02738612787525833,0.022360679774997862,0.04472135954999579,0.02738612787525829,0.031441926826967524
483.0,0.1,direct,0.0,0.02738612787525833,0.022360679774997838,0.02738612787525829,0.0273861278752583,0.020903812680154555
483.0,0.1,think,0.02236067977499789,0.02738612787525833,0.03535533905932736,0.035355339059327404,0.02236067977499789,0.028563633108781773
483.0,0.3,cot,0.022360679774997894,0.0,0.022360679774997873,0.02738612787525828,0.04999999999999999,0.02442149748505081
483.0,0.3,direct,0.0,0.027386127875258348,0.0273861278752583,0.04183300132670375,0.0,0.01932105141544408
483.0,0.3,think,0.02738612787525829,0.022360679774997918,0.027386127875258258,0.027386127875258286,0.02738612787525829,0.026381038255206206
483.0,0.5,cot,0.02236067977499789,0.027386127875258317,0.03535533905932737,0.04183300132670375,0.04999999999999999,0.03538702960725747
483.0,0.5,direct,0.022360679774997894,0.022360679774997918,0.04183300132670381,0.04183300132670375,0.027386127875258293,0.031154698015732334
483.0,0.5,think,0.022360679774997894,0.022360679774997918,0.04472135954999582,0.027386127875258286,0.022360679774997894,0.027837905350049562
483.0,0.7,cot,0.022360679774997904,0.02738612787525833,0.054772255750516606,0.022360679774997876,0.04999999999999999,0.03537594863515414
483.0,0.7,direct,0.022360679774997894,0.02236067977499793,0.02738612787525833,0.022360679774997876,0.0273861278752583,0.024370859015102064
483.0,0.7,think,0.0273861278752583,0.022360679774997918,0.027386127875258248,0.027386127875258265,0.0273861278752583,0.026381038255206206
483.0,0.9,cot,0.022360679774997894,0.022360679774997935,0.07071067811865474,0.04472135954999575,0.08366600265340754,0.04876387997441077
483.0,0.9,direct,0.0,0.022360679774997918,0.05477225575051663,0.04183300132670373,0.0,0.023793187370443655
483.0,0.9,think,0.0,0.02738612787525832,0.04999999999999998,0.022360679774997935,0.0,0.019949361530051248
520.0,0.1,cot,0.027386127875258306,0.0,0.022360679774997862,0.04472135954999579,0.12942179105544782,0.04477799165113996
520.0,0.1,direct,0.02236067977499789,0.02236067977499793,0.0,0.0223606797749979,0.0,0.013416407864998741
520.0,0.1,think,0.02236067977499789,0.0,0.0,0.0,0.0,0.004472135954999578
520.0,0.3,cot,0.1474788120375263,0.022360679774997918,0.022360679774997873,0.0223606797749979,0.16807736313971613,0.07652764290044722
520.0,0.3,direct,0.02236067977499789,0.02738612787525833,0.022360679774997876,0.02738612787525832,0.0,0.019898723060102482
520.0,0.3,think,0.0223606797749979,0.022360679774997918,0.0,0.0,0.04472135954999577,0.01788854381999832
520.0,0.5,cot,0.0,0.02236067977499793,0.02236067977499793,0.0,0.02738612787525829,0.01442149748505083
520.0,0.5,direct,0.027386127875258286,0.02738612787525833,0.022360679774997876,0.022360679774997914,0.19170289512680816,0.05823930208546411
520.0,0.5,think,0.02738612787525829,0.0,0.04472135954999577,0.02738612787525832,0.21679483388678794,0.06325768983746007
520.0,0.7,cot,0.02236067977499789,0.022360679774997918,0.0273861278752583,0.0223606797749979,0.11726039399558572,0.04234571223916754
520.0,0.7,direct,0.0758287544405155,0.02738612787525833,0.022360679774997887,0.0,0.041833001326703784,0.033481712683495105
520.0,0.7,think,0.027386127875258293,0.022360679774997935,0.022360679774997876,0.0,0.03535533905932737,0.021492565296916295
520.0,0.9,cot,0.0223606797749979,0.022360679774997935,0.02738612787525828,0.022360679774997907,0.08944271909999159,0.03678217726004872
520.0,0.9,direct,0.02738612787525829,0.0,0.02738612787525829,0.0,0.022360679774997876,0.01542658710510289
520.0,0.9,think,0.02738612787525829,0.02738612787525833,0.022360679774997862,0.0223606797749979,0.03535533905932739,0.026969790871967953
531.0,0.1,cot,0.02236067977499789,0.0,0.06123724356957944,0.02738612787525829,0.0,0.022196810243967125
531.0,0.1,direct,0.0,0.0,0.0,0.0,0.0,0.0
531.0,0.1,think,0.0273861278752583,0.02738612787525833,0.027386127875258258,0.02738612787525833,0.027386127875258265,0.027386127875258293
531.0,0.3,cot,0.027386127875258293,0.027386127875258317,0.0,0.049999999999999996,0.1244989959798873,0.04585425034608078
531.0,0.3,direct,0.0,0.0,0.022360679774997876,0.022360679774997876,0.0,0.00894427190999915
531.0,0.3,think,0.02236067977499789,0.022360679774997935,0.0,0.04472135954999578,0.04183300132670378,0.026255144085339077
531.0,0.5,cot,0.027386127875258303,0.022360679774997935,0.027386127875258275,0.035355339059327355,0.02738612787525828,0.027974880492020026
531.0,0.5,direct,0.24596747752497689,0.0,0.0273861278752583,0.06123724356957945,0.044721359549995836,0.07586244170396209
531.0,0.5,think,0.02738612787525829,0.022360679774997935,0.0,0.07071067811865472,0.04472135954999579,0.03303576906378135
531.0,0.7,cot,0.027386127875258306,0.0,0.022360679774997876,0.022360679774997876,0.022360679774997866,0.018893633440050385
531.0,0.7,direct,0.2413503677229434,0.06708203932499367,0.027386127875258286,0.06708203932499374,0.05477225575051666,0.09153456599974115
531.0,0.7,think,0.027386127875258303,0.022360679774997935,0.022360679774997838,0.022360679774997918,0.027386127875258265,0.024370859015102053
531.0,0.9,cot,0.027386127875258296,0.0,0.061237243569579464,0.022360679774997838,0.054772255750516606,0.033151261394070444
531.0,0.9,direct,0.3286335345030997,0.05000000000000002,0.0418330013267038,0.0651920240520265,0.07582875444051551,0.11229746286446911
531.0,0.9,think,0.1341640786499874,0.035355339059327424,0.04999999999999998,0.05477225575051666,0.17818529681205467,0.09049539405437723
533.0,0.1,cot,0.02236067977499789,0.02738612787525833,0.04183300132670375,0.03535533905932737,0.15968719422671313,0.057324468452600086
533.0,0.1,direct,0.0,0.02738612787525833,0.0,0.0,0.0,0.0054772255750516665
533.0,0.1,think,0.02738612787525829,0.02738612787525833,0.022360679774997876,0.02738612787525829,0.02738612787525829,0.026381038255206213
533.0,0.3,cot,0.02738612787525829,0.022360679774997935,0.0273861278752583,0.04183300132670376,0.07416198487095665,0.03862558434463499
533.0,0.3,direct,0.02236067977499789,0.02738612787525833,0.0,0.0,0.23345235059857503,0.05663983164976625
533.0,0.3,think,0.02236067977499789,0.02738612787525833,0.06123724356957945,0.022360679774997838,0.02738612787525829,0.032146171774018364
533.0,0.5,cot,0.04472135954999578,0.022360679774997935,0.022360679774997873,0.044721359549995794,0.21621748310439654,0.07007631235087677
533.0,0.5,direct,0.02236067977499789,0.02738612787525833,0.050000000000000044,0.02738612787525826,0.1857417562100671,0.06257493834711633
533.0,0.5,think,0.02236067977499789,0.022360679774997918,0.06123724356957944,0.022360679774997862,0.23822258499143195,0.07330837357720102
533.0,0.7,cot,0.02236067977499789,0.02738612787525833,0.022360679774997876,0.04183300132670376,0.19493588689617924,0.06177527512962742
533.0,0.7,direct,0.0,0.02738612787525833,0.022360679774997838,0.0273861278752583,0.16355427233796124,0.048137441572695144
533.0,0.7,think,0.041833001326703784,0.02738612787525833,0.022360679774997935,0.0273861278752583,0.22748626332154648,0.06929044003475296
533.0,0.9,cot,0.05477225575051661,0.02738612787525833,0.04472135954999582,0.035355339059327355,0.1987460691435179,0.07219623027572321
533.0,0.9,direct,0.027386127875258293,0.06123724356957947,0.0,0.044721359549995794,0.216794833886788,0.07002791297632431
533.0,0.9,think,0.0273861278752583,0.027386127875258348,0.027386127875258317,0.0273861278752583,0.21389249636207433,0.06468740157262151
536.0,0.1,cot,0.02738612787525829,0.1917028951268081,0.022360679774997862,0.027386127875258324,0.0758287544405155,0.06893291701856762
536.0,0.1,direct,0.2738612787525831,0.04472135954999582,0.0,0.0223606797749979,0.022360679774997918,0.07266079957051494
536.0,0.1,think,0.04183300132670376,0.022360679774997935,0.04472135954999585,0.022360679774997894,0.03535533905932736,0.03332621189720456
536.0,0.3,cot,0.12942179105544788,0.08215838362577492,0.027386127875258286,0.0,0.1274754878398196,0.07328835807926014
536.0,0.3,direct,0.2738612787525831,0.0,0.0,0.027386127875258313,0.02236067977499793,0.06472161728056787
536.0,0.3,think,0.0273861278752583,0.02236067977499793,0.07582875444051551,0.022360679774997914,0.1140175425099138,0.0523907568751367
536.0,0.5,cot,0.13693063937629157,0.11180339887498947,0.06123724356957943,0.0,0.14317821063276354,0.09062989849072481
536.0,0.5,direct,0.02236067977499789,0.1695582495781317,0.0273861278752583,0.0223606797749979,0.04472135954999582,0.05727741931067633
536.0,0.5,think,0.03535533905932738,0.022360679774997918,0.12549900398011132,0.04183300132670378,0.022360679774997894,0.04948174078322766
536.0,0.7,cot,0.11180339887498948,0.11937336386313326,0.06708203932499372,0.0223606797749979,0.09746794344808964,0.08361748505724079
536.0,0.7,direct,0.28809720581775866,0.044721359549995836,0.027386127875258286,0.0223606797749979,0.02738612787525833,0.0819903001786538
536.0,0.7,think,0.05700877125495688,0.041833001326703825,0.10839741694339398,0.03535533905932737,0.14577379737113255,0.07767366519110293
536.0,0.9,cot,0.10246950765959598,0.0,0.06519202405202647,0.022360679774997914,0.10606601717798214,0.0592176457329205
536.0,0.9,direct,0.22360679774997896,0.044721359549995836,0.027386127875258286,0.027386127875258313,0.02236067977499793,0.06909221856509787
536.0,0.9,think,0.130384048104053,0.15247950681976902,0.0670820393249937,0.022360679774997907,0.09082951062292476,0.09262715692934767
539.0,0.1,cot,0.08215838362577493,0.0,0.0,0.0,0.04472135954999579,0.025375948635154143
539.0,0.1,direct,0.27703790354390134,0.05477225575051658,0.044721359549995836,0.06519202405202648,0.10606601717798213,0.10955791201488448
539.0,0.1,think,0.0,0.05000000000000002,0.02738612787525832,0.02738612787525829,0.0,0.020954451150103325
539.0,0.3,cot,0.102469507659596,0.054772255750516606,0.0,0.02236067977499793,0.07071067811865477,0.050062624260753065
539.0,0.3,direct,0.20432816741702553,0.06708203932499368,0.022360679774997866,0.0651920240520265,0.12747548783981963,0.09728767968177265
539.0,0.3,think,0.04472135954999577,0.035355339059327355,0.02738612787525833,0.02738612787525833,0.044721359549995815,0.03591406278196712
539.0,0.5,cot,0.09999999999999999,0.027386127875258317,0.04183300132670379,0.041833001326703825,0.07905694150420946,0.05802181440657507
539.0,0.5,direct,0.09746794344808965,0.03535533905932735,0.027386127875258317,0.057008771254956944,0.10839741694339403,0.06512311971620525
539.0,0.5,think,0.022360679774997894,0.06708203932499364,0.022360679774997935,0.022360679774997935,0.0894427190999916,0.0447213595499958
539.0,0.7,cot,0.0894427190999916,0.09746794344808958,0.02738612787525833,0.04183300132670381,0.07905694150420947,0.06703734665085057
539.0,0.7,direct,0.24596747752497689,0.04472135954999578,0.022360679774997918,0.044721359549995836,0.044721359549995836,0.08049844718999245
539.0,0.7,think,0.03535533905932737,0.04472135954999578,0.044721359549995836,0.041833001326703735,0.12449899597988734,0.05822601109318202
539.0,0.9,cot,0.07582875444051551,0.05477225575051666,0.04183300132670382,0.02738612787525833,0.07071067811865474,0.05410616350232981
539.0,0.9,direct,0.11401754250991382,0.022360679774997838,0.02738612787525833,0.03535533905932737,0.06519202405202647,0.05286234265430476
539.0,0.9,think,0.10839741694339401,0.06123724356957948,0.04183300132670382,0.041833001326703825,0.11937336386313324,0.07453480540590288
592.0,0.1,cot,0.0670820393249937,0.0,0.044721359549995836,0.022360679774997918,0.044721359549995836,0.03577708763999666
592.0,0.1,direct,0.0,0.0,0.022360679774997838,0.04472135954999577,0.05477225575051663,0.024370859015102046
592.0,0.1,think,0.0273861278752583,0.027386127875258317,0.02738612787525829,0.02738612787525829,0.0273861278752583,0.0273861278752583
592.0,0.3,cot,0.08944271909999159,0.02738612787525833,0.02738612787525833,0.022360679774997838,0.0758287544405155,0.04848088181320431
592.0,0.3,direct,0.0,0.0,0.027386127875258286,0.05477225575051662,0.0,0.01643167672515498
592.0,0.3,think,0.03535533905932738,0.02738612787525833,0.022360679774997873,0.04183300132670376,0.23979157616563596,0.07334534484038466
592.0,0.5,cot,0.04183300132670377,0.0,0.04472135954999582,0.02738612787525829,0.10839741694339398,0.04446758113907038
592.0,0.5,direct,0.03535533905932737,0.0,0.06123724356957945,0.05477225575051661,0.19685019685029526,0.06964300704594374
592.0,0.5,think,0.0,0.0,0.02738612787525829,0.044721359549995836,0.14317821063276354,0.04305713961160353
592.0,0.7,cot,0.0273861278752583,0.02236067977499793,0.04183300132670378,0.04472135954999582,0.1903943276465977,0.0653390992347107
592.0,0.7,direct,0.0,0.0,0.0,0.027386127875258296,0.0,0.0054772255750516596
592.0,0.7,think,0.02236067977499789,0.022360679774997918,0.022360679774997838,0.04183300132670382,0.19493588689617924,0.06077018550957534
592.0,0.9,cot,0.10954451150103323,0.0,0.044721359549995836,0.04183300132670375,0.15652475842498528,0.07052472616054362
592.0,0.9,direct,0.02236067977499789,0.0,0.0,0.061237243569579464,0.044721359549995836,0.02566385657891464
592.0,0.9,think,0.0,0.022360679774997935,0.044721359549995766,0.04472135954999582,0.0447213595499958,0.031304951684997064
600.0,0.1,cot,0.0273861278752583,0.022360679774997918,0.022360679774997918,0.022360679774997918,0.06519202405202645,0.0319320382504557
600.0,0.1,direct,0.0273861278752583,0.0821583836257749,0.022360679774997866,0.02738612787525829,0.05477225575051666,0.042812714980361204
600.0,0.1,think,0.0,0.035355339059327355,0.0,0.05477225575051659,0.16431676725154984,0.050888872412278754
600.0,0.3,cot,0.0273861278752583,0.022360679774997935,0.0,0.04472135954999581,0.11937336386313326,0.04276830621267706
600.0,0.3,direct,0.0273861278752583,0.08215838362577495,0.0,0.0651920240520265,0.20736441353327723,0.07642018981726739
600.0,0.3,think,0.0273861278752583,0.06123724356957947,0.022360679774997876,0.04183300132670374,0.17818529681205464,0.0662004698717188
600.0,0.5,cot,0.02738612787525829,0.022360679774997918,0.044721359549995836,0.027386127875258286,0.11510864433221339,0.04739258788154475
600.0,0.5,direct,0.0,0.04472135954999578,0.0,0.022360679774997918,0.1788854381999832,0.049193495504995376
600.0,0.5,think,0.02236067977499789,0.022360679774997935,0.022360679774997862,0.05000000000000001,0.11510864433221336,0.04643813673144141
600.0,0.7,cot,0.02738612787525829,0.02738612787525833,0.0,0.041833001326703825,0.16431676725154978,0.05218440486575404
600.0,0.7,direct,0.0,0.02236067977499793,0.02738612787525824,0.027386127875258296,0.0,0.015426587105102894
600.0,0.7,think,0.0,0.06123724356957947,0.02738612787525833,0.035355339059327404,0.054772255750516634,0.03575019325093637
600.0,0.9,cot,0.027386127875258286,0.02738612787525833,0.035355339059327376,0.041833001326703805,0.0894427190999916,0.04428066304730788
600.0,0.9,direct,0.0273861278752583,0.07071067811865477,0.0,0.05700877125495693,0.12449899597988735,0.055920914645751475
600.0,0.9,think,0.0273861278752583,0.0447213595499958,0.0,0.0547722557505166,0.04183300132670376,0.0337425489004949
612.0,0.1,cot,0.04183300132670376,0.027386127875258265,0.027386127875258272,0.0,0.02738612787525833,0.024798276990495725
612.0,0.1,direct,0.0,0.0,0.022360679774997918,0.02236067977499789,0.022360679774997862,0.013416407864998734
612.0,0.1,think,0.04183300132670375,0.02738612787525824,0.0,0.0,0.0,0.013843825840392399
612.0,0.3,cot,0.04472135954999578,0.022360679774997866,0.022360679774997887,0.0,0.04472135954999585,0.02683281572999748
612.0,0.3,direct,0.0,0.0,0.0,0.0,0.0,0.0
612.0,0.3,think,0.0,0.022360679774997876,0.022360679774997904,0.0273861278752583,0.02236067977499793,0.0188936334400504
612.0,0.5,cot,0.022360679774997904,0.0,0.0,0.0,0.0418330013267038,0.012838736220340341
612.0,0.5,direct,0.022360679774997873,0.022360679774997873,0.02738612787525831,0.027386127875258306,0.02738612787525829,0.025375948635154126
612.0,0.5,think,0.0,0.027386127875258296,0.02738612787525831,0.0,0.02738612787525833,0.016431676725154987
612.0,0.7,cot,0.1635542723379613,0.03535533905932735,0.0,0.0223606797749979,0.027386127875258317,0.04973128380950897
612.0,0.7,direct,0.0,0.0,0.022360679774997935,0.022360679774997887,0.022360679774997838,0.01341640786499873
612.0,0.7,think,0.16431676725154984,0.022360679774997873,0.022360679774997918,0.0273861278752583,0.05700877125495693,0.05868660518635217
612.0,0.9,cot,0.10246950765959599,0.027386127875258265,0.027386127875258272,0.0,0.07416198487095667,0.046280749656213836
612.0,0.9,direct,0.11937336386313321,0.0570087712549569,0.022360679774997918,0.022360679774997887,0.04183300132670378,0.05258729919895794
612.0,0.9,think,0.27477263328068174,0.035355339059327376,0.0,0.0,0.050000000000000044,0.07202559446800183
620.0,0.1,cot,0.0,0.0,0.022360679774997918,0.02738612787525824,0.0,0.009949361530051232
620.0,0.1,direct,0.0,0.0,0.0,0.02738612787525824,0.0273861278752583,0.010954451150103309
620.0,0.1,think,0.022360679774997894,0.08944271909999155,0.022360679774997918,0.0,0.022360679774997894,0.03130495168499705
620.0,0.3,cot,0.027386127875258293,0.022360679774997904,0.02738612787525833,0.027386127875258265,0.03535533905932738,0.027974880492020036
620.0,0.3,direct,0.0,0.022360679774997935,0.0,0.022360679774997876,0.02236067977499789,0.013416407864998741
620.0,0.3,think,0.0273861278752583,0.13416407864998736,0.03535533905932742,0.022360679774997873,0.03535533905932738,0.05092431288377967
620.0,0.5,cot,0.03535533905932737,0.07416198487095658,0.027386127875258317,0.041833001326703735,0.09354143466934854,0.054455577560318914
620.0,0.5,direct,0.0,0.0,0.0,0.022360679774997887,0.022360679774997894,0.008944271909999156
620.0,0.5,think,0.02236067977499789,0.0547722557505166,0.02738612787525833,0.02738612787525826,0.02236067977499789,0.030853174210205798
620.0,0.7,cot,0.027386127875258293,0.0,0.02738612787525833,0.022360679774997887,0.04183300132670377,0.023793187370443655
620.0,0.7,direct,0.0,0.0,0.0,0.0,0.0,0.0
620.0,0.7,think,0.0273861278752583,0.0670820393249937,0.0,0.02738612787525829,0.027386127875258313,0.02984808459015372
620.0,0.9,cot,0.027386127875258293,0.08366600265340754,0.022360679774997935,0.02738612787525829,0.022360679774997887,0.03663192359078399
620.0,0.9,direct,0.02236067977499789,0.07071067811865474,0.044721359549995836,0.044721359549995794,0.027386127875258293,0.04198004097378051
620.0,0.9,think,0.0273861278752583,0.10606601717798216,0.022360679774997935,0.022360679774997838,0.03535533905932736,0.042705768732512715
655.0,0.1,cot,0.10954451150103325,0.0,0.027386127875258272,0.02738612787525832,0.13416407864998736,0.05969616918030744
655.0,0.1,direct,0.02738612787525829,0.04472135954999585,0.02738612787525828,0.027386127875258313,0.08366600265340757,0.042109149165835656
655.0,0.1,think,0.13693063937629157,0.06519202405202645,0.027386127875258248,0.04472135954999579,0.0,0.05484603017071441
655.0,0.3,cot,0.10954451150103325,0.022360679774997918,0.06519202405202648,0.022360679774997894,0.11401754250991376,0.06669508752259387
655.0,0.3,direct,0.1341640786499874,0.044721359549995836,0.0,0.027386127875258317,0.0866025403784439,0.058574821290737086
655.0,0.3,think,0.11180339887498952,0.06708203932499371,0.027386127875258286,0.027386127875258313,0.0670820393249937,0.060147946655098705
655.0,0.5,cot,0.10246950765959602,0.03535533905932741,0.0,0.022360679774997894,0.13509256086106294,0.05905561747099686
655.0,0.5,direct,0.1341640786499874,0.0670820393249937,0.035355339059327404,0.041833001326703784,0.08660254037844388,0.07300739974789125
655.0,0.5,think,0.1620185174601965,0.041833001326703825,0.022360679774997873,0.0223606797749979,0.2079663434308542,0.09130784435355006
655.0,0.7,cot,0.13874436925511613,0.02738612787525832,0.022360679774997918,0.027386127875258317,0.0758287544405155,0.05834121184422923
655.0,0.7,direct,0.02738612787525829,0.022360679774997935,0.0,0.0,0.07582875444051553,0.02511511241815435
655.0,0.7,think,0.11180339887498952,0.044721359549995836,0.022360679774997862,0.0223606797749979,0.04472135954999577,0.049193495504995376
655.0,0.9,cot,0.04472135954999582,0.02738612787525833,0.022360679774997873,0.022360679774997894,0.08366600265340753,0.04009896992573149
655.0,0.9,direct,0.1414213562373095,0.027386127875258317,0.022360679774997862,0.022360679774997907,0.1140175425099138,0.06550927723449548
655.0,0.9,think,0.130384048104053,0.06519202405202648,0.02738612787525828,0.02738612787525832,0.151657508881031,0.08040116735752542
693.0,0.1,cot,0.0,0.02738612787525833,0.022360679774997838,0.027386127875258275,0.02738612787525829,0.020903812680154548
693.0,0.1,direct,0.02236067977499789,0.0,0.022360679774997873,0.044721359549995836,0.022360679774997866,0.022360679774997894
693.0,0.1,think,0.02236067977499789,0.022360679774997935,0.02738612787525828,0.041833001326703805,0.07905694150420949,0.03859948605123348
693.0,0.3,cot,0.0,0.02738612787525833,0.027386127875258265,0.03535533905932735,0.0447213595499958,0.026969790871967946
693.0,0.3,direct,0.022360679774997894,0.0,0.022360679774997838,0.04472135954999582,0.0,0.01788854381999831
693.0,0.3,think,0.0,0.02738612787525833,0.02738612787525824,0.03535533905932741,0.04472135954999583,0.026969790871967957
693.0,0.5,cot,0.022360679774997894,0.02738612787525833,0.022360679774997866,0.022360679774997918,0.1857417562100671,0.056041984682063825
693.0,0.5,direct,0.0,0.0,0.027386127875258272,0.022360679774997866,0.0,0.009949361530051227
693.0,0.5,think,0.03535533905932737,0.027386127875258317,0.02738612787525824,0.06519202405202652,0.08215838362577493,0.04749560049752908
693.0,0.7,cot,0.027386127875258313,0.02738612787525832,0.0,0.02738612787525833,0.09999999999999998,0.03643167672515499
693.0,0.7,direct,0.02236067977499789,0.02236067977499793,0.02738612787525824,0.06519202405202654,0.044721359549995836,0.03640417420545529
693.0,0.7,think,0.02236067977499789,0.022360679774997935,0.044721359549995836,0.04183300132670382,0.044721359549995794,0.035199415995338254
693.0,0.9,cot,0.022360679774997904,0.022360679774997918,0.027386127875258265,0.0670820393249937,0.14404860290887936,0.056647625931825416
693.0,0.9,direct,0.027386127875258306,0.0,0.022360679774997862,0.07071067811865478,0.03535533905932739,0.031162564965647666
693.0,0.9,think,0.0,0.02738612787525833,0.04183300132670374,0.02738612787525833,0.130384048104053,0.045397861036254684
706.0,0.1,cot,0.09746794344808966,0.02236067977499793,0.0,0.02738612787525831,0.11401754250991376,0.052246458721651935
706.0,0.1,direct,0.02236067977499789,0.035355339059327424,0.022360679774997876,0.0223606797749979,0.2607680962081059,0.0726410949184854
706.0,0.1,think,0.02738612787525829,0.0,0.0,0.0223606797749979,0.04183300132670377,0.01831596179539199
706.0,0.3,cot,0.10368220676663864,0.03535533905932735,0.0,0.02738612787525832,0.08215838362577488,0.04971641146539984
706.0,0.3,direct,0.022360679774997887,0.02738612787525833,0.02738612787525828,0.022360679774997914,0.022360679774997935,0.024370859015102067
706.0,0.3,think,0.03535533905932737,0.022360679774997935,0.022360679774997873,0.02738612787525832,0.21908902300206642,0.06531036989732959
706.0,0.5,cot,0.022360679774997894,0.02738612787525832,0.0,0.02738612787525832,0.03535533905932735,0.022497654916968375
706.0,0.5,direct,0.1341640786499874,0.02738612787525833,0.022360679774997876,0.02738612787525831,0.23021728866442676,0.08830286056798572
706.0,0.5,think,0.02236067977499789,0.0,0.022360679774997876,0.022360679774997907,0.18574175621006708,0.05056475910701215
706.0,0.7,cot,0.12942179105544788,0.02236067977499793,0.0,0.022360679774997907,0.09617692030835674,0.05406401418276009
706.0,0.7,direct,0.14747881203752625,0.022360679774997935,0.022360679774997887,0.04472135954999578,0.022360679774997935,0.05185644218250316
706.0,0.7,think,0.04183300132670376,0.022360679774997935,0.022360679774997862,0.027386127875258317,0.2631539473388153,0.07541888721815464
706.0,0.9,cot,0.02236067977499789,0.0,0.0,0.0223606797749979,0.13038404810405296,0.03502108153080975
706.0,0.9,direct,0.14832396974191325,0.02738612787525833,0.0,0.0447213595499958,0.17464249196572978,0.07901478982657943
706.0,0.9,think,0.022360679774997894,0.02738612787525833,0.0,0.0223606797749979,0.14747881203752625,0.04391725989255608
707.0,0.1,cot,0.03535533905932737,0.02738612787525833,0.0,0.04472135954999579,0.04183300132670375,0.029859165562257046
707.0,0.1,direct,0.022360679774997894,0.0,0.022360679774997873,0.022360679774997873,0.0,0.013416407864998727
707.0,0.1,think,0.0,0.022360679774997935,0.022360679774997862,0.04183300132670375,0.022360679774997866,0.021783008130339482
707.0,0.3,cot,0.02738612787525829,0.027386127875258317,0.0,0.04183300132670374,0.022360679774997838,0.023793187370443634
707.0,0.3,direct,0.02236067977499789,0.0,0.022360679774997935,0.04472135954999575,0.0,0.017888543819998316
707.0,0.3,think,0.027386127875258313,0.027386127875258348,0.0,0.05477225575051657,0.0,0.021908902300206645
707.0,0.5,cot,0.0,0.022360679774997918,0.0273861278752583,0.0353553390593274,0.022360679774997873,0.021492565296916295
707.0,0.5,direct,0.0,0.0,0.022360679774997866,0.06519202405202647,0.0,0.017510540765404866
707.0,0.5,think,0.027386127875258313,0.022360679774997918,0.022360679774997866,0.02738612787525829,0.022360679774997918,0.02437085901510206
707.0,0.7,cot,0.02236067977499789,0.022360679774997918,0.0,0.06123724356957945,0.02738612787525829,0.02666894619896671
707.0,0.7,direct,0.03535533905932737,0.02738612787525833,0.0,0.0,0.04472135954999582,0.021492565296916306
707.0,0.7,think,0.027386127875258303,0.04472135954999578,0.04472135954999582,0.041833001326703756,0.05477225575051661,0.042686820810494054
707.0,0.9,cot,0.0273861278752583,0.02236067977499793,0.0,0.07071067811865474,0.02738612787525828,0.029568722728833853
707.0,0.9,direct,0.04183300132670377,0.04472135954999575,0.0,0.06519202405202648,0.044721359549995836,0.039293548895744365
707.0,0.9,think,0.027386127875258286,0.022360679774997935,0.022360679774997838,0.04472135954999582,0.022360679774997862,0.027837905350049548
713.0,0.1,cot,0.022360679774997838,0.022360679774997918,0.0,0.0,0.04183300132670378,0.017310872175339907
713.0,0.1,direct,0.02236067977499789,0.022360679774997935,0.0,0.0223606797749979,0.04472135954999582,0.02236067977499791
713.0,0.1,think,0.13693063937629157,0.022360679774997918,0.0,0.0,0.04183300132670378,0.04022486409559865
713.0,0.3,cot,0.027386127875258248,0.022360679774997876,0.022360679774997876,0.0,0.044721359549995836,0.023365769395049966
713.0,0.3,direct,0.027386127875258303,0.022360679774997935,0.0,0.0,0.022360679774997935,0.014421497485050835
713.0,0.3,think,0.11937336386313327,0.022360679774997918,0.0,0.0,0.0,0.028346808727626238
713.0,0.5,cot,0.120415945787923,0.02738612787525833,0.0,0.0,0.06123724356957944,0.04180786344655215
713.0,0.5,direct,0.14747881203752625,0.0,0.0,0.041833001326703784,0.027386127875258317,0.04333958824789767
713.0,0.5,think,0.15165750888103102,0.02738612787525833,0.0,0.0223606797749979,0.022360679774997862,0.04475299926125702
713.0,0.7,cot,0.13693063937629155,0.02236067977499793,0.0,0.027386127875258317,0.04472135954999582,0.04627976131530872
713.0,0.7,direct,0.0273861278752583,0.02738612787525833,0.0,0.0223606797749979,0.02738612787525833,0.020903812680154572
713.0,0.7,think,0.11401754250991382,0.022360679774997918,0.022360679774997873,0.0223606797749979,0.044721359549995766,0.04516418827698065
713.0,0.9,cot,0.11180339887498951,0.022360679774997935,0.0,0.0223606797749979,0.022360679774997935,0.03577708763999665
713.0,0.9,direct,0.15165750888103102,0.04472135954999582,0.022360679774997918,0.04183300132670378,0.04183300132670382,0.06048111017188647
713.0,0.9,think,0.13693063937629157,0.0,0.0,0.022360679774997894,0.06519202405202654,0.044896668640663204
722.0,0.1,cot,0.02738612787525829,0.0,0.022360679774997935,0.022360679774997838,0.05700877125495689,0.02582325173604219
722.0,0.1,direct,0.02236067977499789,0.04183300132670373,0.02236067977499793,0.08215838362577489,0.022360679774997918,0.038214684855494466
722.0,0.1,think,0.027386127875258303,0.022360679774997918,0.02738612787525832,0.027386127875258258,0.2079663434308542,0.062497081366325404
722.0,0.3,cot,0.022360679774997894,0.022360679774997935,0.04472135954999583,0.04472135954999577,0.1322875655532295,0.053290328840643386
722.0,0.3,direct,0.02236067977499789,0.022360679774997918,0.022360679774997862,0.07071067811865472,0.02236067977499793,0.03203067944372927
722.0,0.3,think,0.022360679774997904,0.022360679774997935,0.0,0.06708203932499371,0.06519202405202651,0.03539908458540321
722.0,0.5,cot,0.027386127875258286,0.02738612787525832,0.02236067977499793,0.03535533905932737,0.1695582495781317,0.05640930483259472
722.0,0.5,direct,0.022360679774997894,0.04472135954999577,0.027386127875258317,0.07582875444051548,0.1732050807568877,0.06870040047953103
722.0,0.5,think,0.02236067977499789,0.022360679774997935,0.02236067977499793,0.02738612787525833,0.1643167672515498,0.05175698689036038
722.0,0.7,cot,0.022360679774997894,0.02236067977499793,0.04472135954999582,0.04472135954999584,0.08215838362577486,0.04326449245515247
722.0,0.7,direct,0.02236067977499789,0.04472135954999583,0.022360679774997935,0.06123724356957946,0.04472135954999578,0.03908026444391338
722.0,0.7,think,0.02738612787525829,0.02738612787525833,0.04472135954999585,0.0651920240520265,0.12942179105544785,0.05882148608159736
722.0,0.9,cot,0.04472135954999579,0.02738612787525833,0.04472135954999582,0.054772255750516655,0.0894427190999916,0.05220876436515165
722.0,0.9,direct,0.027386127875258286,0.022360679774997873,0.0,0.06123724356957943,0.0418330013267038,0.030563410509307876
722.0,0.9,think,0.0273861278752583,0.02738612787525832,0.0,0.08215838362577493,0.07582875444051547,0.0425518787633614
758.0,0.1,cot,0.02236067977499789,0.02236067977499793,0.0,0.02738612787525833,0.0670820393249937,0.02783790535004957
758.0,0.1,direct,0.0447213595499958,0.0,0.027386127875258348,0.041833001326703756,0.04183300132670376,0.031154698015732334
758.0,0.1,think,0.022360679774997894,0.0,0.0,0.02738612787525832,0.041833001326703756,0.018315961795391994
758.0,0.3,cot,0.022360679774997894,0.02236067977499793,0.0,0.02738612787525833,0.04472135954999579,0.023365769395049987
758.0,0.3,direct,0.10368220676663858,0.041833001326703784,0.0,0.022360679774997935,0.04472135954999582,0.04251944948366722
758.0,0.3,think,0.0894427190999916,0.02738612787525833,0.0,0.027386127875258348,0.0670820393249937,0.04225940283510039
758.0,0.5,cot,0.02236067977499789,0.061237243569579464,0.0,0.02738612787525833,0.04472135954999578,0.03114108215396629
758.0,0.5,direct,0.08944271909999159,0.04999999999999999,0.0,0.02738612787525833,0.04472135954999582,0.04231004130504914
758.0,0.5,think,0.02236067977499789,0.027386127875258348,0.0,0.022360679774997935,0.07905694150420949,0.030232885785892734
758.0,0.7,cot,0.027386127875258296,0.02738612787525833,0.0,0.04183300132670376,0.0651920240520265,0.03235945622584938
758.0,0.7,direct,0.041833001326703784,0.02738612787525833,0.0,0.04183300132670378,0.08366600265340758,0.038943626636414694
758.0,0.7,think,0.11726039399558574,0.022360679774997935,0.022360679774997935,0.022360679774997873,0.07416198487095664,0.05170088363830723
758.0,0.9,cot,0.02738612787525829,0.03535533905932735,0.044721359549995836,0.022360679774997918,0.15968719422671313,0.057902140097258505
758.0,0.9,direct,0.07582875444051551,0.04472135954999578,0.0,0.035355339059327376,0.05477225575051661,0.04213554176007105
758.0,0.9,think,0.09354143466934854,0.02738612787525833,0.0,0.0,0.04472135954999577,0.033129784418920526
789.0,0.1,cot,0.0273861278752583,0.022360679774997935,0.027386127875258317,0.022360679774997838,0.04183300132670377,0.02826532332544323
789.0,0.1,direct,0.0,0.02738612787525833,0.044721359549995836,0.0,0.027386127875258293,0.019898723060102493
789.0,0.1,think,0.0,0.0,0.02236067977499793,0.022360679774997876,0.0,0.00894427190999916
789.0,0.3,cot,0.022360679774997894,0.0,0.0670820393249937,0.0,0.02236067977499789,0.022360679774997897
789.0,0.3,direct,0.0,0.02738612787525832,0.044721359549995836,0.022360679774997873,0.027386127875258293,0.024370859015102064
789.0,0.3,think,0.022360679774997894,0.022360679774997935,0.041833001326703805,0.022360679774997862,0.03535533905932737,0.02885407594220497
789.0,0.5,cot,0.0273861278752583,0.0,0.09354143466934854,0.03535533905932735,0.04183300132670376,0.03962318058612759
789.0,0.5,direct,0.0,0.02738612787525833,0.044721359549995836,0.02738612787525829,0.022360679774997894,0.02437085901510207
789.0,0.5,think,0.027386127875258293,0.02738612787525833,0.05477225575051666,0.027386127875258272,0.04183300132670376,0.03575272814059906
789.0,0.7,cot,0.0273861278752583,0.02738612787525833,0.18841443681416772,0.0,0.04183300132670376,0.05700393877827762
789.0,0.7,direct,0.02236067977499789,0.0,0.05000000000000005,0.0,0.0,0.014472135954999587
789.0,0.7,think,0.02236067977499789,0.02236067977499793,0.2109502310972899,0.027386127875258248,0.02738612787525829,0.06208876927956045
789.0,0.9,cot,0.022360679774997894,0.0,0.05477225575051667,0.04183300132670376,0.03535533905932737,0.030864255182309137
789.0,0.9,direct,0.0,0.04472135954999578,0.022360679774997918,0.022360679774997873,0.0,0.017888543819998316
789.0,0.9,think,0.027386127875258293,0.02236067977499793,0.08944271909999163,0.02738612787525832,0.04472135954999577,0.04225940283510039
830.0,0.1,cot,0.05,0.0,0.0,0.0,0.041833001326703756,0.018366600265340753
830.0,0.1,direct,0.11726039399558574,0.05700877125495691,0.0,0.022360679774997918,0.04472135954999579,0.048270240915107274
830.0,0.1,think,0.09354143466934851,0.041833001326703756,0.0,0.022360679774997918,0.11726039399558573,0.054999101953327176
830.0,0.3,cot,0.09354143466934854,0.04999999999999998,0.02738612787525833,0.050000000000000044,0.022360679774997918,0.04865764846392096
830.0,0.3,direct,0.027386127875258296,0.02236067977499793,0.022360679774997862,0.02236067977499793,0.044721359549995794,0.027837905350049562
830.0,0.3,think,0.08944271909999157,0.0,0.022360679774997866,0.0,0.12041594578792296,0.046443868932582476
830.0,0.5,cot,0.027386127875258286,0.0,0.0,0.04472135954999582,0.06519202405202645,0.027459902295456112
830.0,0.5,direct,0.2018662923818635,0.06519202405202651,0.022360679774997935,0.041833001326703825,0.08366600265340757,0.08298360003779987
830.0,0.5,think,0.10954451150103323,0.05477225575051658,0.0,0.0,0.13693063937629155,0.06024948132556827
830.0,0.7,cot,0.04183300132670379,0.0,0.0,0.0670820393249937,0.054772255750516606,0.03273745928044282
830.0,0.7,direct,0.10368220676663861,0.057008771254956875,0.0,0.02738612787525833,0.022360679774997838,0.04208755713437033
830.0,0.7,think,0.06519202405202651,0.022360679774997918,0.0,0.022360679774997918,0.044721359549995794,0.030926948630403628
830.0,0.9,cot,0.05477225575051663,0.022360679774997935,0.022360679774997935,0.022360679774997838,0.022360679774997918,0.02884299497010165
830.0,0.9,direct,0.12549900398011135,0.04183300132670373,0.022360679774997935,0.0651920240520265,0.022360679774997876,0.055449077781767483
830.0,0.9,think,0.08215838362577492,0.049999999999999996,0.022360679774997876,0.03535533905932741,0.07071067811865475,0.052117016115750994
835.0,0.1,cot,0.0,0.04472135954999578,0.02236067977499793,0.02236067977499793,0.041833001326703805,0.026255144085339088
835.0,0.1,direct,0.027386127875258293,0.05477225575051658,0.0,0.0,0.23184046238739256,0.06279976920263348
835.0,0.1,think,0.0,0.10954451150103321,0.03535533905932742,0.03535533905932736,0.0670820393249937,0.04946744578893634
835.0,0.3,cot,0.027386127875258293,0.11510864433221338,0.022360679774997935,0.04472135954999577,0.06519202405202648,0.05495376711689837
835.0,0.3,direct,0.02236067977499789,0.02738612787525833,0.02738612787525833,0.027386127875258275,0.1095445115010332,0.042812714980361204
835.0,0.3,think,0.0,0.049999999999999996,0.0,0.0,0.044721359549995815,0.01894427190999916
835.0,0.5,cot,0.02236067977499789,0.0,0.022360679774997918,0.04472135954999578,0.09354143466934854,0.03659683075386803
835.0,0.5,direct,0.0273861278752583,0.0447213595499958,0.02738612787525833,0.022360679774997876,0.21213203435596423,0.06679726588629491
835.0,0.5,think,0.03535533905932738,0.054772255750516606,0.02738612787525832,0.02738612787525829,0.035355339059327355,0.03605103792393759
835.0,0.7,cot,0.0,0.07416198487095664,0.03535533905932741,0.022360679774997918,0.06519202405202651,0.0394140055514617
835.0,0.7,direct,0.0273861278752583,0.0,0.03535533905932741,0.022360679774997866,0.23822258499143187,0.06466494634020309
835.0,0.7,think,0.02738612787525831,0.09082951062292476,0.02738612787525833,0.02738612787525832,0.04472135954999579,0.0435418507597391
835.0,0.9,cot,0.04183300132670376,0.04472135954999577,0.035355339059327424,0.022360679774997935,0.10246950765959602,0.049347977474124186
835.0,0.9,direct,0.027386127875258293,0.054772255750516606,0.022360679774997935,0.022360679774997866,0.09617692030835669,0.044611332696825476
835.0,0.9,think,0.03535533905932737,0.10368220676663854,0.02738612787525833,0.0,0.0894427190999916,0.05117327856024316
875.0,0.1,cot,0.02236067977499789,0.08366600265340755,0.02738612787525832,0.02738612787525832,0.0447213595499958,0.041104059545783576
875.0,0.1,direct,0.027386127875258293,0.022360679774997918,0.022360679774997918,0.022360679774997873,0.18371173070873834,0.05563597958179807
875.0,0.1,think,0.022360679774997894,0.04472135954999579,0.022360679774997935,0.022360679774997935,0.09746794344808965,0.04185426846461584
875.0,0.3,cot,0.027386127875258293,0.07071067811865472,0.022360679774997918,0.04999999999999997,0.0670820393249937,0.04750790501878092
875.0,0.3,direct,0.027386127875258293,0.022360679774997935,0.02738612787525833,0.022360679774997862,0.16355427233796127,0.05260957752769474
875.0,0.3,think,0.0273861278752583,0.08366600265340753,0.03535533905932741,0.022360679774997876,0.07582875444051551,0.04891938076070133
875.0,0.5,cot,0.0,0.08944271909999155,0.022360679774997935,0.04472135954999577,0.05000000000000002,0.04130495168499705
875.0,0.5,direct,0.027386127875258293,0.07071067811865472,0.027386127875258317,0.02236067977499793,0.15247950681976907,0.06006462409278766
875.0,0.5,think,0.0273861278752583,0.054772255750516585,0.03535533905932742,0.027386127875258286,0.10368220676663858,0.04971641146539983
875.0,0.7,cot,0.0,0.08660254037844385,0.022360679774997935,0.022360679774997935,0.044721359549995815,0.03520905189568711
875.0,0.7,direct,0.027386127875258293,0.0,0.02738612787525832,0.022360679774997838,0.24083189157584595,0.06359296542027208
875.0,0.7,think,0.0273861278752583,0.09999999999999998,0.02738612787525833,0.022360679774997838,0.07905694150420947,0.05123797540594478
875.0,0.9,cot,0.022360679774997894,0.08366600265340753,0.02738612787525833,0.022360679774997935,0.12942179105544788,0.05703905622682191
875.0,0.9,direct,0.04183300132670376,0.04183300132670377,0.05477225575051666,0.04183300132670376,0.07582875444051551,0.051220002834228694
875.0,0.9,think,0.0273861278752583,0.13038404810405296,0.02738612787525833,0.02738612787525833,0.10368220676663864,0.06324492769929331
901.0,0.1,cot,0.04183300132670378,0.02738612787525833,0.022360679774997838,0.03535533905932741,0.022360679774997918,0.029859165562257057
901.0,0.1,direct,0.2659887215654077,0.07582875444051548,0.022360679774997862,0.05477225575051666,0.05477225575051666,0.09474453345639086
901.0,0.1,think,0.12041594578792297,0.02738612787525832,0.0273861278752583,0.04183300132670376,0.022360679774997918,0.04787637652802825
901.0,0.3,cot,0.04999999999999999,0.02738612787525832,0.0,0.04183300132670375,0.04183300132670383,0.03221042610573318
901.0,0.3,direct,0.0,0.027386127875258286,0.022360679774997918,0.02236067977499793,0.022360679774997876,0.018893633440050402
901.0,0.3,think,0.11937336386313326,0.0,0.02738612787525826,0.022360679774997862,0.0,0.03382403430267787
901.0,0.5,cot,0.04183300132670376,0.027386127875258317,0.022360679774997876,0.04472135954999585,0.0651920240520265,0.04029863851579646
901.0,0.5,direct,0.1341640786499874,0.04183300132670375,0.02738612787525829,0.027386127875258317,0.044721359549995836,0.05509813905544072
901.0,0.5,think,0.07582875444051551,0.027386127875258317,0.022360679774997876,0.05,0.022360679774997918,0.03958724837315392
901.0,0.7,cot,0.0758287544405155,0.0,0.022360679774997862,0.0570087712549569,0.06123724356957946,0.043287089808009944
901.0,0.7,direct,0.15652475842498528,0.03535533905932742,0.02738612787525828,0.022360679774997935,0.04472135954999582,0.057269652936912954
901.0,0.7,think,0.0273861278752583,0.02236067977499793,0.022360679774997876,0.022360679774997876,0.035355339059327376,0.025964701251915873
901.0,0.9,cot,0.0447213595499958,0.03535533905932737,0.0,0.022360679774997918,0.07582875444051551,0.03565322656496732
901.0,0.9,direct,0.23822258499143195,0.035355339059327404,0.02738612787525829,0.05477225575051667,0.05700877125495691,0.08254901578629824
901.0,0.9,think,0.12747548783981966,0.05,0.022360679774997873,0.054772255750516655,0.07582875444051547,0.06608743556116993
906.0,0.1,cot,0.0,0.02738612787525833,0.0,0.02738612787525833,0.054772255750516606,0.021908902300206652
906.0,0.1,direct,0.0273861278752583,0.0,0.0,0.05700877125495691,0.17320508075688773,0.05151999597742059
906.0,0.1,think,0.06123724356957947,0.027386127875258275,0.027386127875258317,0.03535533905932741,0.05477225575051663,0.041227418825988016
906.0,0.3,cot,0.07582875444051551,0.027386127875258317,0.022360679774997935,0.04183300132670379,0.0651920240520265,0.046520117493900406
906.0,0.3,direct,0.12449899597988734,0.05477225575051658,0.022360679774997935,0.04472135954999577,0.14747881203752627,0.07876642061858478
906.0,0.3,think,0.0670820393249937,0.05477225575051658,0.02738612787525832,0.02738612787525832,0.07071067811865477,0.04946744578893634
906.0,0.5,cot,0.07582875444051553,0.13416407864998733,0.02738612787525832,0.03535533905932742,0.07582875444051551,0.06971261089312082
906.0,0.5,direct,0.04183300132670376,0.04472135954999579,0.022360679774997935,0.035355339059327376,0.08366600265340758,0.04558727647288648
906.0,0.5,think,0.09746794344808964,0.02738612787525833,0.0,0.054772255750516634,0.07582875444051551,0.051091016302876026
906.0,0.7,cot,0.06519202405202651,0.0,0.0,0.0,0.08215838362577492,0.02947008153556029
906.0,0.7,direct,0.07582875444051551,0.04472135954999578,0.0,0.02738612787525833,0.11180339887498948,0.05194792814815182
906.0,0.7,think,0.09082951062292476,0.07582875444051546,0.027386127875258317,0.050000000000000044,0.08215838362577493,0.0652405553128947
906.0,0.9,cot,0.08944271909999159,0.022360679774997935,0.0,0.02738612787525833,0.14404860290887936,0.05664762593182544
906.0,0.9,direct,0.04472135954999577,0.02738612787525833,0.02236067977499793,0.04183300132670381,0.0836660026534076,0.04399343423607269
906.0,0.9,think,0.06519202405202652,0.04472135954999578,0.04472135954999583,0.022360679774997935,0.06123724356957946,0.04764653329931911
940.0,0.1,cot,0.022360679774997894,0.13038404810405294,0.022360679774997918,0.04472135954999577,0.022360679774997894,0.04843748939580848
940.0,0.1,direct,0.0273861278752583,0.04472135954999579,0.05477225575051667,0.027386127875258286,0.04183300132670377,0.039219774475546566
940.0,0.1,think,0.022360679774997894,0.1095445115010332,0.02236067977499793,0.0,0.022360679774997894,0.03532531016520538
940.0,0.3,cot,0.0,0.08944271909999157,0.02738612787525833,0.022360679774997935,0.02236067977499789,0.03231004130504915
940.0,0.3,direct,0.0,0.0,0.0,0.02738612787525826,0.0273861278752583,0.010954451150103312
940.0,0.3,think,0.0,0.08944271909999157,0.03535533905932741,0.022360679774997873,0.0,0.02943174758686337
940.0,0.5,cot,0.02236067977499789,0.11401754250991376,0.0,0.0447213595499958,0.02236067977499789,0.040692052321981066
940.0,0.5,direct,0.02236067977499789,0.06519202405202644,0.044721359549995836,0.027386127875258286,0.0273861278752583,0.03740926382550735
940.0,0.5,think,0.027386127875258293,0.07416198487095663,0.04472135954999585,0.0273861278752583,0.04183300132670377,0.043097720299634566
940.0,0.7,cot,0.02236067977499789,0.08944271909999156,0.027386127875258317,0.04183300132670375,0.02236067977499789,0.04067664157038988
940.0,0.7,direct,0.02236067977499789,0.04472135954999578,0.02236067977499793,0.027386127875258265,0.0273861278752583,0.02884299497010163
940.0,0.7,think,0.0,0.0741619848709566,0.044721359549995836,0.022360679774997876,0.022360679774997894,0.03272094079418964
940.0,0.9,cot,0.0,0.08944271909999157,0.027386127875258348,0.0,0.027386127875258286,0.02884299497010164
940.0,0.9,direct,0.022360679774997894,0.15247950681976907,0.022360679774997918,0.02738612787525826,0.03535533905932737,0.051988466660870106
940.0,0.9,think,0.0,0.151657508881031,0.022360679774997935,0.0273861278752583,0.022360679774997894,0.04475299926125702
942.0,0.1,cot,0.022360679774997904,0.02236067977499793,0.044721359549995836,0.04472135954999578,0.10246950765959599,0.04732671726191669
942.0,0.1,direct,0.0273861278752583,0.0,0.0,0.0,0.0,0.0054772255750516596
942.0,0.1,think,0.03535533905932737,0.02738612787525833,0.022360679774997862,0.04183300132670374,0.1414213562373095,0.05367130085471936
942.0,0.3,cot,0.0,0.02738612787525833,0.0,0.04472135954999578,0.1036822067666386,0.03515793883837855
942.0,0.3,direct,0.027386127875258293,0.0,0.0,0.0,0.0,0.005477225575051659
942.0,0.3,think,0.022360679774997894,0.022360679774997918,0.027386127875258286,0.04183300132670374,0.022360679774997862,0.02726023370539114
942.0,0.5,cot,0.022360679774997894,0.022360679774997918,0.0,0.04472135954999579,0.1244989959798873,0.04278834301597578
942.0,0.5,direct,0.02236067977499789,0.04472135954999577,0.04472135954999577,0.022360679774997862,0.022360679774997873,0.031304951684997036
942.0,0.5,think,0.02236067977499789,0.02738612787525833,0.022360679774997918,0.0447213595499958,0.06519202405202644,0.036404174205455275
942.0,0.7,cot,0.02236067977499789,0.022360679774997935,0.0,0.04472135954999575,0.08215838362577493,0.0343202205451533
942.0,0.7,direct,0.02236067977499789,0.06708203932499371,0.0,0.022360679774997918,0.02236067977499793,0.02683281572999749
942.0,0.7,think,0.02236067977499789,0.0,0.0,0.04472135954999585,0.05477225575051657,0.02437085901510206
942.0,0.9,cot,0.027386127875258303,0.02738612787525833,0.044721359549995815,0.04183300132670382,0.04999999999999998,0.03826532332544325
942.0,0.9,direct,0.04183300132670376,0.04472135954999578,0.022360679774997873,0.05,0.044721359549995836,0.040727280040338654
942.0,0.9,think,0.02236067977499789,0.02236067977499793,0.022360679774997876,0.04183300132670378,0.17818529681205464,0.057420067492750415
986.0,0.1,cot,0.027386127875258348,0.0,0.0,0.0821583836257749,0.0,0.021908902300206652
986.0,0.1,direct,0.11180339887498951,0.0570087712549569,0.0,0.12549900398011132,0.02738612787525833,0.06433946039706322
986.0,0.1,think,0.027386127875258303,0.02738612787525832,0.027386127875258275,0.0,0.022360679774997918,0.020903812680154565
986.0,0.3,cot,0.0,0.0,0.0,0.027386127875258313,0.035355339059327355,0.012548293386917134
986.0,0.3,direct,0.02236067977499789,0.022360679774997866,0.022360679774997862,0.02738612787525833,0.02738612787525833,0.02437085901510206
986.0,0.3,think,0.02236067977499789,0.02738612787525833,0.027386127875258248,0.02738612787525832,0.05700877125495693,0.032305566931145946
986.0,0.5,cot,0.04183300132670382,0.022360679774997918,0.022360679774997873,0.12041594578792296,0.022360679774997935,0.045866197287924106
986.0,0.5,direct,0.11180339887498947,0.022360679774997918,0.02738612787525826,0.16431676725154978,0.035355339059327424,0.07224446256722457
986.0,0.5,think,0.05477225575051659,0.022360679774997918,0.022360679774997862,0.0,0.11180339887498944,0.042259402835100365
986.0,0.7,cot,0.044721359549995836,0.0,0.022360679774997873,0.1274754878398196,0.0670820393249937,0.0523279132979614
986.0,0.7,direct,0.19039432764659775,0.02236067977499793,0.0273861278752583,0.1620185174601965,0.04183300132670382,0.08879853081675085
986.0,0.7,think,0.06708203932499372,0.022360679774997918,0.02738612787525829,0.0,0.1224744871391589,0.04786066682288177
986.0,0.9,cot,0.09746794344808966,0.0,0.02738612787525829,0.11726039399558574,0.15165750888103102,0.07875439483999294
986.0,0.9,direct,0.15652475842498534,0.05477225575051666,0.02738612787525826,0.15652475842498526,0.041833001326703825,0.08740818036048986
986.0,0.9,think,0.0651920240520265,0.04472135954999579,0.027386127875258275,0.027386127875258317,0.027386127875258248,0.03841435344555942
1007.0,0.1,cot,0.02236067977499789,0.0,0.0,0.0,0.0,0.004472135954999578
1007.0,0.1,direct,0.0,0.0,0.022360679774997873,0.022360679774997907,0.04472135954999577,0.01788854381999831
1007.0,0.1,think,0.14317821063276354,0.04472135954999585,0.10954451150103323,0.05477225575051661,0.2109502310972899,0.11263331370631983
1007.0,0.3,cot,0.08215838362577495,0.0,0.0,0.022360679774997887,0.0,0.020903812680154565
1007.0,0.3,direct,0.0,0.05477225575051667,0.02738612787525829,0.027386127875258317,0.13693063937629152,0.04929503017546496
1007.0,0.3,think,0.022360679774997894,0.022360679774997935,0.13693063937629152,0.04183300132670377,0.09746794344808965,0.06419058874021615
1007.0,0.5,cot,0.06123724356957946,0.02738612787525833,0.0,0.0,0.10839741694339401,0.03940415767764636
1007.0,0.5,direct,0.0,0.04472135954999582,0.02738612787525829,0.027386127875258313,0.1118033988749895,0.042259402835100386
1007.0,0.5,think,0.06519202405202648,0.06123724356957947,0.12549900398011132,0.04183300132670377,0.10246950765959599,0.07924615611760341
1007.0,0.7,cot,0.02236067977499789,0.0,0.022360679774997876,0.0,0.0670820393249937,0.022360679774997894
1007.0,0.7,direct,0.04472135954999577,0.04472135954999582,0.02738612787525828,0.022360679774997914,0.15652475842498528,0.05914285703504661
1007.0,0.7,think,0.09617692030835673,0.041833001326703805,0.12549900398011132,0.03535533905932738,0.0894427190999916,0.07766139675489817
1007.0,0.9,cot,0.10839741694339401,0.022360679774997935,0.022360679774997873,0.035355339059327376,0.10368220676663861,0.05843126446387117
1007.0,0.9,direct,0.22360679774997902,0.06708203932499367,0.044721359549995794,0.04472135954999579,0.07071067811865474,0.0901684468587238
1007.0,0.9,think,0.21389249636207439,0.02738612787525833,0.1604680653588121,0.041833001326703784,0.16807736313971613,0.12233141081251293
1023.0,0.1,cot,0.03535533905932737,0.04472135954999579,0.022360679774997918,0.0447213595499958,0.07071067811865477,0.043573883210594334
1023.0,0.1,direct,0.022360679774997894,0.02738612787525833,0.0,0.04999999999999998,0.04472135954999581,0.028893633440050404
1023.0,0.1,think,0.10954451150103323,0.0547722557505166,0.02738612787525833,0.035355339059327404,0.0447213595499958,0.05435591874722626
1023.0,0.3,cot,0.03535533905932737,0.0836660026534075,0.022360679774997935,0.041833001326703784,0.0,0.03664300456288732
1023.0,0.3,direct,0.0,0.04183300132670377,0.022360679774997876,0.044721359549995766,0.02236067977499793,0.026255144085339067
1023.0,0.3,think,0.0547722557505166,0.04183300132670377,0.022360679774997935,0.04999999999999998,0.07071067811865475,0.047935322994174606
1023.0,0.5,cot,0.07582875444051553,0.035355339059327404,0.0,0.0,0.04472135954999579,0.031181090609967745
1023.0,0.5,direct,0.0,0.027386127875258317,0.03535533905932736,0.041833001326703735,0.0,0.020914893652257883
1023.0,0.5,think,0.11937336386313323,0.05,0.02236067977499793,0.02236067977499793,0.0651920240520265,0.055857349493031117
1023.0,0.7,cot,0.0547722557505166,0.0821583836257749,0.0,0.04472135954999579,0.09746794344808965,0.055823988474875394
1023.0,0.7,direct,0.022360679774997904,0.022360679774997918,0.02738612787525833,0.04183300132670375,0.06519202405202644,0.03582650256079687
1023.0,0.7,think,0.1036822067666386,0.07582875444051553,0.022360679774997935,0.041833001326703784,0.07416198487095664,0.06357332543596249
1023.0,0.9,cot,0.027386127875258306,0.049999999999999996,0.022360679774997918,0.022360679774997918,0.0447213595499958,0.033365769395049996
1023.0,0.9,direct,0.027386127875258306,0.04183300132670377,0.02236067977499793,0.05,0.022360679774997935,0.032788097750391584
1023.0,0.9,think,0.05700877125495688,0.09082951062292476,0.0,0.05,0.06519202405202648,0.052606061185981635
1042.0,0.1,cot,0.0,0.13038404810405296,0.022360679774997935,0.04999999999999999,0.0,0.04054894557581018
1042.0,0.1,direct,0.022360679774997894,0.1095445115010332,0.022360679774997918,0.027386127875258296,0.09746794344808965,0.055823988474875394
1042.0,0.1,think,0.02236067977499789,0.0547722557505166,0.07582875444051554,0.022360679774997862,0.0894427190999916,0.0529530177682039
1042.0,0.3,cot,0.04183300132670376,0.08944271909999155,0.02738612787525833,0.02738612787525833,0.07582875444051551,0.05237534612354548
1042.0,0.3,direct,0.0,0.0,0.05477225575051666,0.0273861278752583,0.03535533905932737,0.023502744537020465
1042.0,0.3,think,0.027386127875258293,0.04472135954999579,0.027386127875258317,0.027386127875258286,0.0651920240520265,0.038414353445559435
1042.0,0.5,cot,0.04472135954999578,0.08366600265340753,0.044721359549995836,0.05477225575051662,0.07582875444051551,0.06074194638888626
1042.0,0.5,direct,0.0273861278752583,0.11401754250991379,0.02738612787525833,0.022360679774997862,0.20796634343085418,0.0798233642932565
1042.0,0.5,think,0.02236067977499789,0.15165750888103102,0.04472135954999583,0.035355339059327355,0.08215838362577493,0.06725065417822541
1042.0,0.7,cot,0.0273861278752583,0.13416407864998733,0.02738612787525833,0.03535533905932737,0.07582875444051553,0.060024085580069365
1042.0,0.7,direct,0.02236067977499789,0.0547722557505166,0.04183300132670381,0.027386127875258265,0.07582875444051551,0.04443616383359842
1042.0,0.7,think,0.0273861278752583,0.08215838362577493,0.035355339059327424,0.022360679774997866,0.07582875444051551,0.0486178569551748
1042.0,0.9,cot,0.04183300132670377,0.0,0.04183300132670379,0.02738612787525824,0.12549900398011132,0.047310226901755424
1042.0,0.9,direct,0.022360679774997894,0.13038404810405294,0.044721359549995836,0.04472135954999577,0.022360679774997894,0.052909625350808065
1042.0,0.9,think,0.0,0.04472135954999579,0.04183300132670382,0.022360679774997866,0.054772255750516634,0.03273745928044282
1059.0,0.1,cot,0.0,0.0547722557505166,0.02738612787525833,0.035355339059327355,0.022360679774997904,0.027974880492020036
1059.0,0.1,direct,0.04472135954999579,0.0,0.044721359549995836,0.02738612787525824,0.21213203435596426,0.06579217626624283
1059.0,0.1,think,0.0,0.0,0.02738612787525832,0.02738612787525829,0.022360679774997894,0.0154265871051029
1059.0,0.3,cot,0.0,0.13038404810405294,0.02738612787525833,0.027386127875258248,0.04183300132670381,0.045397861036254664
1059.0,0.3,direct,0.0273861278752583,0.08944271909999157,0.02738612787525833,0.022360679774997862,0.2274862633215465,0.07881238358941052
1059.0,0.3,think,0.0,0.02738612787525828,0.022360679774997918,0.022360679774997873,0.0547722557505166,0.025375948635154133
1059.0,0.5,cot,0.0,0.13416407864998736,0.02738612787525833,0.041833001326703756,0.11510864433221342,0.06369837043683257
1059.0,0.5,direct,0.022360679774997894,0.04472135954999579,0.04183300132670382,0.02738612787525829,0.22248595461286988,0.07175742462796512
1059.0,0.5,think,0.022360679774997894,0.057008771254956896,0.027386127875258317,0.027386127875258317,0.0670820393249937,0.04024474922109302
1059.0,0.7,cot,0.022360679774997894,0.06123724356957946,0.022360679774997935,0.022360679774997866,0.08215838362577492,0.04209553330406962
1059.0,0.7,direct,0.0,0.06123724356957944,0.02738612787525832,0.0447213595499958,0.13038404810405296,0.05274575581977731
1059.0,0.7,think,0.0273861278752583,0.022360679774997918,0.022360679774997935,0.04999999999999998,0.04183300132670376,0.03278809775039158
1059.0,0.9,cot,0.022360679774997904,0.11180339887498948,0.02236067977499793,0.04472135954999582,0.08944271909999157,0.058137767414994546
1059.0,0.9,direct,0.022360679774997894,0.027386127875258317,0.03535533905932741,0.02738612787525829,0.22360679774997894,0.06721901446696417
1059.0,0.9,think,0.02236067977499789,0.05700877125495687,0.0,0.0,0.09746794344808965,0.035367478895608886
1068.0,0.1,cot,0.0273861278752583,0.02236067977499791,0.02738612787525832,0.02738612787525829,0.044721359549995794,0.02984808459015372
1068.0,0.1,direct,0.02236067977499789,0.04472135954999579,0.022360679774997935,0.022360679774997887,0.12942179105544782,0.048245037986087466
1068.0,0.1,think,0.0,0.04472135954999583,0.022360679774997935,0.0,0.0,0.013416407864998753
1068.0,0.3,cot,0.0273861278752583,0.04472135954999583,0.02738612787525833,0.027386127875258272,0.0894427190999916,0.04326449245515247
1068.0,0.3,direct,0.02236067977499789,0.07416198487095664,0.0,0.04472135954999578,0.1604680653588121,0.06034241791095248
1068.0,0.3,think,0.0,0.04472135954999583,0.022360679774997935,0.0,0.02236067977499789,0.017888543819998333
1068.0,0.5,cot,0.04472135954999579,0.022360679774997918,0.02738612787525833,0.027386127875258296,0.09617692030835673,0.04360624307677341
1068.0,0.5,direct,0.0273861278752583,0.07416198487095664,0.04472135954999582,0.027386127875258286,0.12549900398011138,0.05983092083031609
1068.0,0.5,think,0.02236067977499789,0.04472135954999583,0.02738612787525833,0.022360679774997862,0.02738612787525829,0.02884299497010164
1068.0,0.7,cot,0.022360679774997894,0.0447213595499958,0.022360679774997935,0.04472135954999577,0.09746794344808965,0.04632640441961541
1068.0,0.7,direct,0.04472135954999579,0.11180339887498948,0.027386127875258348,0.022360679774997876,0.17818529681205464,0.07689137257745922
1068.0,0.7,think,0.0,0.0447213595499958,0.02738612787525833,0.027386127875258272,0.03535533905932737,0.026969790871967953
1068.0,0.9,cot,0.02236067977499789,0.0447213595499958,0.027386127875258348,0.03535533905932736,0.10839741694339401,0.04764418464059468
1068.0,0.9,direct,0.035355339059327376,0.1,0.02738612787525833,0.06123724356957947,0.16807736313971613,0.07841121472877625
1068.0,0.9,think,0.0,0.054772255750516634,0.027386127875258348,0.022360679774997876,0.1341640786499874,0.04773662841015205
1084.0,0.1,cot,0.0,0.0,0.0,0.04472135954999581,0.08660254037844384,0.02626477998568793
1084.0,0.1,direct,0.0,0.0,0.0,0.0,0.0,0.0
1084.0,0.1,think,0.0,0.04472135954999577,0.02738612787525833,0.04183300132670374,0.11726039399558573,0.04624017654950872
1084.0,0.3,cot,0.02236067977499789,0.022360679774997873,0.0,0.0,0.022360679774997918,0.013416407864998736
1084.0,0.3,direct,0.022360679774997894,0.07071067811865478,0.022360679774997838,0.027386127875258296,0.0,0.02856363310878176
1084.0,0.3,think,0.03535533905932737,0.0,0.027386127875258348,0.04183300132670378,0.15165750888103105,0.05124639542846411
1084.0,0.5,cot,0.02236067977499789,0.0,0.0,0.04472135954999581,0.15652475842498523,0.04472135954999579
1084.0,0.5,direct,0.027386127875258303,0.06519202405202647,0.0,0.04472135954999577,0.022360679774997918,0.031932038250455694
1084.0,0.5,think,0.02236067977499789,0.06123724356957948,0.03535533905932736,0.04183300132670376,0.1396424004376894,0.06008573283365959
1084.0,0.7,cot,0.0821583836257749,0.08660254037844384,0.0,0.06519202405202651,0.1431782106327635,0.07542623173780175
1084.0,0.7,direct,0.0,0.0447213595499958,0.04183300132670376,0.02738612787525829,0.02738612787525833,0.028265323325443237
1084.0,0.7,think,0.04183300132670376,0.02236067977499793,0.022360679774997935,0.05700877125495685,0.13416407864998736,0.05554544215632877
1084.0,0.9,cot,0.0273861278752583,0.022360679774997935,0.0,0.0651920240520265,0.10606601717798211,0.044200969776052965
1084.0,0.9,direct,0.027386127875258293,0.022360679774997918,0.02738612787525829,0.02236067977499793,0.022360679774997918,0.02437085901510207
1084.0,0.9,think,0.027386127875258293,0.0570087712549569,0.0,0.022360679774997935,0.08366600265340755,0.03808431631172414
1095.0,0.1,cot,0.022360679774997894,0.16431676725154978,0.02738612787525833,0.04183300132670378,0.07071067811865477,0.0653214508694329
1095.0,0.1,direct,0.06123724356957945,0.07071067811865474,0.02738612787525833,0.027386127875258248,0.23874672772626646,0.08509338103300343
1095.0,0.1,think,0.02236067977499789,0.044721359549995815,0.0,0.02738612787525828,0.0894427190999916,0.03678217726004872
1095.0,0.3,cot,0.0273861278752583,0.16046806535881214,0.04472135954999577,0.0,0.08215838362577493,0.06294678728196823
1095.0,0.3,direct,0.022360679774997894,0.06519202405202652,0.03535533905932742,0.022360679774997862,0.10246950765959596,0.049547646064189134
1095.0,0.3,think,0.022360679774997894,0.05000000000000003,0.04183300132670381,0.02738612787525829,0.09746794344808965,0.047809550485009934
1095.0,0.5,cot,0.027386127875258293,0.12247448713915886,0.08366600265340757,0.04183300132670378,0.07071067811865475,0.06921405942263666
1095.0,0.5,direct,0.0273861278752583,0.08944271909999159,0.035355339059327424,0.027386127875258286,0.14142135623730948,0.06419833402942901
1095.0,0.5,think,0.0,0.130384048104053,0.07582875444051555,0.02738612787525829,0.04472135954999579,0.055664057993964525
1095.0,0.7,cot,0.02236067977499789,0.12449899597988731,0.11401754250991378,0.022360679774997866,0.06519202405202648,0.06968598441836467
1095.0,0.7,direct,0.0273861278752583,0.09746794344808962,0.05000000000000006,0.02738612787525829,0.130384048104053,0.06652484946053186
1095.0,0.7,think,0.022360679774997894,0.08944271909999162,0.06519202405202651,0.022360679774997876,0.0670820393249937,0.05328762840540152
1095.0,0.9,cot,0.022360679774997894,0.15652475842498526,0.04183300132670382,0.02738612787525828,0.15,0.07962091348038905
1095.0,0.9,direct,0.06123724356957945,0.14832396974191325,0.04472135954999583,0.04183300132670375,0.21908902300206642,0.10304091943805174
1095.0,0.9,think,0.0,0.0,0.0547722557505166,0.0,0.03535533905932737,0.018025518961968794
1122.0,0.1,cot,0.02738612787525831,0.04472135954999579,0.08944271909999163,0.04472135954999577,0.04183300132670377,0.04962091348038905
1122.0,0.1,direct,0.0,0.0,0.0,0.0,0.0,0.0
1122.0,0.1,think,0.027386127875258286,0.08944271909999157,0.04183300132670376,0.0,0.0273861278752583,0.037209595235442386
1122.0,0.3,cot,0.02236067977499789,0.04472135954999579,0.07582875444051553,0.0,0.02236067977499789,0.033054294708101416
1122.0,0.3,direct,0.02236067977499789,0.206155281280883,0.0,0.027386127875258348,0.1732050807568877,0.0858214339376054
1122.0,0.3,think,0.02738612787525829,0.08944271909999157,0.06519202405202654,0.02738612787525829,0.04183300132670377,0.050248000045847695
1122.0,0.5,cot,0.04472135954999579,0.0447213595499958,0.04472135954999582,0.04472135954999577,0.0651920240520265,0.04881549245040194
1122.0,0.5,direct,0.0,0.21908902300206645,0.0,0.04472135954999585,0.022360679774997894,0.057234212465412035
1122.0,0.5,think,0.03535533905932737,0.0447213595499958,0.1254990039801113,0.02738612787525829,0.07071067811865474,0.0607345017166695
1122.0,0.7,cot,0.0223606797749979,0.14577379737113247,0.08944271909999159,0.02738612787525833,0.07071067811865475,0.07113480044800702
1122.0,0.7,direct,0.04472135954999579,0.1341640786499874,0.0,0.044721359549995836,0.04472135954999579,0.053665631459994964
1122.0,0.7,think,0.04472135954999577,0.0670820393249937,0.09082951062292478,0.027386127875258317,0.04472135954999577,0.05494807938463366
1122.0,0.9,cot,0.0223606797749979,0.13509256086106294,0.07416198487095665,0.022360679774997935,0.022360679774997894,0.05526731701140266
1122.0,0.9,direct,0.09746794344808965,0.05477225575051659,0.022360679774997918,0.05,0.08366600265340757,0.06165337632540234
1122.0,0.9,think,0.027386127875258293,0.13416407864998736,0.06123724356957946,0.02738612787525833,0.027386127875258293,0.055511941169068345
1182.0,0.1,cot,0.0,0.04472135954999578,0.0,0.0,0.0,0.008944271909999156
1182.0,0.1,direct,0.0,0.0670820393249937,0.0,0.0,0.0,0.01341640786499874
1182.0,0.1,think,0.0,0.08366600265340753,0.02738612787525833,0.027386127875258286,0.0,0.027687651680784832
1182.0,0.3,cot,0.022360679774997894,0.13038404810405294,0.022360679774997918,0.02738612787525829,0.03535533905932737,0.04756937491772688
1182.0,0.3,direct,0.0,0.022360679774997935,0.0,0.0,0.0,0.004472135954999587
1182.0,0.3,think,0.0,0.08944271909999157,0.02738612787525833,0.022360679774997876,0.0,0.02783790535004956
1182.0,0.5,cot,0.022360679774997894,0.07071067811865475,0.0,0.0,0.02236067977499789,0.02308640753373011
1182.0,0.5,direct,0.027386127875258293,0.06708203932499363,0.04183300132670381,0.027386127875258258,0.04183300132670376,0.04110405954578355
1182.0,0.5,think,0.0,0.08366600265340754,0.0,0.04472135954999578,0.0,0.025677472440680665
1182.0,0.7,cot,0.02236067977499789,0.07416198487095664,0.022360679774997918,0.04472135954999578,0.02236067977499789,0.03719307674918922
1182.0,0.7,direct,0.0,0.10954451150103321,0.0,0.022360679774997862,0.02236067977499789,0.03085317421020579
1182.0,0.7,think,0.0,0.13038404810405294,0.02236067977499793,0.022360679774997876,0.0,0.035021081530809746
1182.0,0.9,cot,0.02236067977499789,0.16431676725154984,0.027386127875258348,0.04183300132670376,0.027386127875258296,0.05665654082075363
1182.0,0.9,direct,0.02236067977499789,0.04472135954999578,0.02738612787525833,0.022360679774997866,0.04183300132670376,0.031732369660390725
1182.0,0.9,think,0.0273861278752583,0.11401754250991376,0.02738612787525833,0.0273861278752583,0.08660254037844387,0.056555693302826504
1231.0,0.1,cot,0.10954451150103323,0.02738612787525833,0.02738612787525833,0.07071067811865478,0.06519202405202651,0.06004389388444623
1231.0,0.1,direct,0.04472135954999577,0.06519202405202651,0.0,0.06123724356957947,0.08944271909999163,0.05211866925431867
1231.0,0.1,think,0.03535533905932737,0.02738612787525833,0.022360679774997873,0.04183300132670381,0.0447213595499958,0.03433130151725664
1231.0,0.3,cot,0.10954451150103325,0.027386127875258317,0.022360679774997873,0.044721359549995766,0.11510864433221339,0.06382426460669972
1231.0,0.3,direct,0.027386127875258306,0.06123724356957947,0.022360679774997918,0.04472135954999577,0.22527760652137618,0.07619660345824153
1231.0,0.3,think,0.022360679774997894,0.0,0.035355339059327376,0.02236067977499793,0.054772255750516634,0.02696979087196797
1231.0,0.5,cot,0.0570087712549569,0.02738612787525833,0.0,0.0353553390593274,0.09617692030835674,0.043185431699579876
1231.0,0.5,direct,0.08944271909999159,0.05477225575051662,0.0,0.02738612787525833,0.2434132288927617,0.08300286632370565
1231.0,0.5,think,0.0273861278752583,0.022360679774997918,0.02236067977499793,0.03535533905932741,0.09746794344808965,0.04098615398653424
1231.0,0.7,cot,0.10954451150103323,0.02738612787525833,0.050000000000000044,0.04183300132670375,0.11401754250991382,0.06855623664258184
1231.0,0.7,direct,0.03535533905932737,0.07582875444051551,0.0,0.0821583836257749,0.24596747752497689,0.08786199093011893
1231.0,0.7,think,0.02236067977499789,0.022360679774997935,0.022360679774997918,0.04183300132670381,0.06123724356957947,0.03403045684425541
1231.0,0.9,cot,0.02738612787525829,0.022360679774997935,0.07071067811865477,0.04183300132670376,0.07582875444051553,0.04762384830722606
1231.0,0.9,direct,0.03535533905932737,0.04183300132670374,0.022360679774997935,0.06519202405202645,0.1643167672515498,0.06581156229292107
1231.0,0.9,think,0.03535533905932737,0.02236067977499793,0.022360679774997935,0.06519202405202644,0.14317821063276356,0.05768938665882264
1260.0,0.1,cot,0.0,0.02236067977499793,0.0,0.04183300132670375,0.0,0.012838736220340336
1260.0,0.1,direct,0.0,0.02236067977499793,0.022360679774997838,0.022360679774997918,0.0,0.013416407864998736
1260.0,0.1,think,0.02236067977499789,0.0,0.022360679774997862,0.022360679774997866,0.022360679774997918,0.01788854381999831
1260.0,0.3,cot,0.022360679774997887,0.022360679774997935,0.0,0.041833001326703805,0.022360679774997935,0.021783008130339513
1260.0,0.3,direct,0.0,0.0,0.0273861278752583,0.0273861278752583,0.0,0.010954451150103319
1260.0,0.3,think,0.022360679774997894,0.0,0.022360679774997838,0.041833001326703756,0.06708203932499367,0.030727280040338634
1260.0,0.5,cot,0.04999999999999999,0.022360679774997935,0.0,0.02738612787525833,0.11937336386313324,0.0438240343026779
1260.0,0.5,direct,0.022360679774997894,0.022360679774997918,0.027386127875258286,0.027386127875258272,0.04472135954999585,0.02884299497010164
1260.0,0.5,think,0.04183300132670377,0.022360679774997935,0.027386127875258258,0.02738612787525833,0.044721359549995766,0.03273745928044282
1260.0,0.7,cot,0.04472135954999579,0.02236067977499793,0.0,0.04183300132670375,0.0570087712549569,0.033184762381330876
1260.0,0.7,direct,0.027386127875258296,0.0,0.054772255750516634,0.02738612787525828,0.044721359549995836,0.030853174210205808
1260.0,0.7,think,0.04183300132670377,0.022360679774997935,0.027386127875258286,0.03535533905932737,0.18708286933869708,0.06280360347499689
1260.0,0.9,cot,0.027386127875258293,0.02738612787525833,0.0,0.06123724356957947,0.03535533905932737,0.030272967675884693
1260.0,0.9,direct,0.027386127875258313,0.022360679774997918,0.027386127875258272,0.03535533905932735,0.05477225575051667,0.033452106067071705
1260.0,0.9,think,0.022360679774997894,0.02236067977499793,0.027386127875258286,0.035355339059327355,0.06519202405202647,0.03453097010732159
1293.0,0.1,cot,0.0,0.02738612787525832,0.0,0.04472135954999578,0.0,0.01442149748505082
1293.0,0.1,direct,0.2880972058177587,0.06708203932499371,0.022360679774997873,0.04472135954999582,0.05477225575051663,0.09540670804365256
1293.0,0.1,think,0.02236067977499789,0.022360679774997918,0.0,0.04472135954999579,0.022360679774997873,0.022360679774997894
1293.0,0.3,cot,0.022360679774997894,0.02738612787525833,0.022360679774997873,0.02738612787525833,0.13038404810405294,0.045975532680913075
1293.0,0.3,direct,0.11180339887498948,0.022360679774997918,0.027386127875258258,0.06123724356957945,0.044721359549995836,0.053501761928964185
1293.0,0.3,think,0.022360679774997887,0.02738612787525833,0.04472135954999582,0.02738612787525833,0.04183300132670375,0.03273745928044282
1293.0,0.5,cot,0.14404860290887933,0.0447213595499958,0.022360679774997918,0.050000000000000024,0.027386127875258248,0.05770335402182626
1293.0,0.5,direct,0.108397416943394,0.07582875444051548,0.027386127875258296,0.06708203932499371,0.054772255750516655,0.06669331886693562
1293.0,0.5,think,0.04183300132670376,0.0,0.0273861278752583,0.06708203932499372,0.054772255750516585,0.03821468485549447
1293.0,0.7,cot,0.02236067977499789,0.022360679774997935,0.03535533905932735,0.05700877125495691,0.02738612787525824,0.03289431954790766
1293.0,0.7,direct,0.1036822067666386,0.06123724356957944,0.022360679774997876,0.04183300132670381,0.05700877125495692,0.05722438053857533
1293.0,0.7,think,0.04472135954999581,0.04183300132670382,0.0,0.04472135954999585,0.07582875444051554,0.0414208949734422
1293.0,0.9,cot,0.108397416943394,0.04183300132670381,0.022360679774997918,0.06123724356957947,0.13509256086106294,0.07378418049514764
1293.0,0.9,direct,0.28372521918222215,0.08215838362577495,0.04183300132670378,0.04472135954999582,0.05477225575051663,0.10144204388704266
1293.0,0.9,think,0.11937336386313327,0.041833001326703784,0.04183300132670378,0.057008771254956944,0.20615528128088306,0.09324068381047616
1299.0,0.1,cot,0.022360679774997894,0.0,0.0,0.0,0.041833001326703805,0.012838736220340341
1299.0,0.1,direct,0.18234582528810472,0.054772255750516655,0.0,0.04183300132670381,0.08215838362577492,0.07222189319822002
1299.0,0.1,think,0.0223606797749979,0.0,0.02236067977499793,0.02236067977499793,0.06123724356957946,0.025663856578914644
1299.0,0.3,cot,0.022360679774997894,0.02738612787525833,0.022360679774997918,0.04472135954999585,0.044721359549995794,0.03231004130504916
1299.0,0.3,direct,0.1837117307087384,0.04472135954999577,0.022360679774997876,0.02738612787525833,0.054772255750516655,0.0665904307319014
1299.0,0.3,think,0.108397416943394,0.022360679774997918,0.0,0.06519202405202651,0.13038404810405294,0.06526683377489427
1299.0,0.5,cot,0.02236067977499789,0.022360679774997935,0.04472135954999585,0.02738612787525832,0.05477225575051658,0.03432022054515332
1299.0,0.5,direct,0.19493588689617924,0.0651920240520265,0.0,0.06519202405202651,0.05477225575051662,0.07601843815014978
1299.0,0.5,think,0.12041594578792297,0.02738612787525833,0.02738612787525833,0.07071067811865477,0.054772255750516585,0.0601342270815222
1299.0,0.7,cot,0.0223606797749979,0.0,0.04472135954999582,0.022360679774997838,0.07071067811865471,0.032030679443729254
1299.0,0.7,direct,0.16807736313971613,0.04183300132670377,0.022360679774997862,0.04183300132670381,0.0821583836257749,0.0712524858387793
1299.0,0.7,think,0.08366600265340757,0.02738612787525833,0.0,0.02738612787525833,0.04183300132670376,0.0360542519461256
1299.0,0.9,cot,0.06708203932499371,0.0,0.05477225575051663,0.044721359549995836,0.11401754250991376,0.056118639427083984
1299.0,0.9,direct,0.2659887215654077,0.05477225575051663,0.04183300132670373,0.041833001326703825,0.0836660026534076,0.0976185965245479
1299.0,0.9,think,0.0670820393249937,0.022360679774997935,0.0,0.022360679774997935,0.08215838362577489,0.03879235650015289
1310.0,0.1,cot,0.0894427190999916,0.02738612787525833,0.0,0.02738612787525833,0.09617692030835674,0.048078379031773
1310.0,0.1,direct,0.12942179105544785,0.0418330013267038,0.027386127875258317,0.04183300132670377,0.07582875444051546,0.06326053520492583
1310.0,0.1,think,0.0894427190999916,0.027386127875258275,0.022360679774997935,0.022360679774997935,0.08660254037844385,0.04963054938073792
1310.0,0.3,cot,0.08215838362577493,0.027386127875258317,0.0,0.027386127875258317,0.08215838362577492,0.043817804600413304
1310.0,0.3,direct,0.0,0.02738612787525833,0.0,0.0,0.022360679774997866,0.00994936153005124
1310.0,0.3,think,0.10954451150103324,0.04183300132670374,0.022360679774997935,0.022360679774997935,0.11726039399558574,0.06267185327466372
1310.0,0.5,cot,0.02236067977499789,0.022360679774997918,0.0,0.022360679774997918,0.08215838362577488,0.02984808459015372
1310.0,0.5,direct,0.23979157616563598,0.02738612787525831,0.02738612787525833,0.05700877125495692,0.07071067811865481,0.08445665625795287
1310.0,0.5,think,0.1,0.04183300132670375,0.02738612787525833,0.05700877125495691,0.09746794344808964,0.06473916878100172
1310.0,0.7,cot,0.09617692030835673,0.0418330013267038,0.0,0.022360679774997935,0.11510864433221335,0.05509584914845437
1310.0,0.7,direct,0.09746794344808965,0.05477225575051658,0.027386127875258348,0.027386127875258348,0.0,0.041402490989824584
1310.0,0.7,think,0.0758287544405155,0.04183300132670378,0.04472135954999585,0.05700877125495693,0.12942179105544782,0.06976273552552396
1310.0,0.9,cot,0.06708203932499371,0.02738612787525833,0.03535533905932736,0.04183300132670381,0.12747548783981957,0.05982639908522056
1310.0,0.9,direct,0.12942179105544785,0.04472135954999577,0.02236067977499793,0.0758287544405155,0.06708203932499372,0.06788292482919014
1310.0,0.9,think,0.09617692030835673,0.04472135954999577,0.022360679774997918,0.02738612787525833,0.17888543819998318,0.07390610514171839
1317.0,0.1,cot,0.0223606797749979,0.022360679774997935,0.027386127875258296,0.0,0.02738612787525829,0.019898723060102486
1317.0,0.1,direct,0.04999999999999999,0.05000000000000005,0.027386127875258272,0.027386127875258313,0.057008771254956944,0.042356205401094714
1317.0,0.1,think,0.027386127875258286,0.0,0.022360679774997887,0.0,0.1341640786499874,0.03678217726004871
1317.0,0.3,cot,0.12449899597988735,0.0,0.02738612787525829,0.02236067977499789,0.12449899597988733,0.05974895992200617
1317.0,0.3,direct,0.027386127875258293,0.02738612787525832,0.027386127875258286,0.027386127875258313,0.2079663434308542,0.06350217098637749
1317.0,0.3,think,0.0,0.0,0.02738612787525828,0.0,0.07071067811865474,0.019619361198782603
1317.0,0.5,cot,0.02236067977499789,0.027386127875258317,0.022360679774997876,0.0547722557505166,0.06123724356957944,0.03762339734907002
1317.0,0.5,direct,0.03535533905932737,0.03535533905932742,0.044721359549995766,0.035355339059327376,0.09999999999999999,0.05015747534559558
1317.0,0.5,think,0.02236067977499789,0.022360679774997918,0.0,0.0223606797749979,0.08944271909999157,0.03130495168499706
1317.0,0.7,cot,0.0,0.02738612787525833,0.035355339059327355,0.02236067977499789,0.14404860290887936,0.04583014992369259
1317.0,0.7,direct,0.0,0.02738612787525832,0.04183300132670378,0.035355339059327376,0.13509256086106294,0.04793340582447049
1317.0,0.7,think,0.04183300132670377,0.022360679774997918,0.022360679774997862,0.0,0.12041594578792296,0.0413940613329245
1317.0,0.9,cot,0.09746794344808965,0.022360679774997935,0.02738612787525826,0.0223606797749979,0.2079663434308542,0.0755083548608396
1317.0,0.9,direct,0.0,0.054772255750516655,0.022360679774997838,0.0,0.10839741694339398,0.037106070493781694
1317.0,0.9,think,0.0,0.02236067977499793,0.0,0.02738612787525829,0.09082951062292476,0.02811526365463619
1318.0,0.1,cot,0.0273861278752583,0.04472135954999578,0.027386127875258275,0.04183300132670375,0.0273861278752583,0.03374254890049488
1318.0,0.1,direct,0.0,0.0,0.0,0.0,0.0547722557505166,0.010954451150103319
1318.0,0.1,think,0.0,0.04472135954999579,0.027386127875258248,0.02738612787525832,0.022360679774997894,0.02437085901510205
1318.0,0.3,cot,0.0273861278752583,0.13038404810405296,0.027386127875258317,0.03535533905932735,0.04183300132670378,0.052468928848120135
1318.0,0.3,direct,0.0,0.1643167672515498,0.0,0.0,0.0547722557505166,0.043817804600413277
1318.0,0.3,think,0.0,0.05477225575051663,0.0,0.04472135954999578,0.0,0.01989872306010248
1318.0,0.5,cot,0.027386127875258293,0.1095445115010332,0.022360679774997873,0.04183300132670376,0.04183300132670377,0.048591464360939376
1318.0,0.5,direct,0.0,0.0,0.0,0.027386127875258348,0.04472135954999579,0.014421497485050828
1318.0,0.5,think,0.022360679774997894,0.13416407864998733,0.022360679774997935,0.04472135954999578,0.022360679774997894,0.04919349550499537
1318.0,0.7,cot,0.0273861278752583,0.11180339887498945,0.02738612787525833,0.04183300132670373,0.04183300132670376,0.05004833145578271
1318.0,0.7,direct,0.0,0.16431676725154984,0.0,0.022360679774997918,0.04999999999999999,0.04733548940530955
1318.0,0.7,think,0.027386127875258293,0.08366600265340753,0.0570087712549569,0.04183300132670374,0.04183300132670376,0.05034538088740605
1318.0,0.9,cot,0.03535533905932737,0.04472135954999581,0.02236067977499793,0.04183300132670376,0.07416198487095663,0.043686472916396296
1318.0,0.9,direct,0.0894427190999916,0.044721359549995815,0.0,0.041833001326703825,0.1643167672515498,0.06806276944564821
1318.0,0.9,think,0.02236067977499789,0.04472135954999578,0.044721359549995836,0.0273861278752583,0.04183300132670377,0.03620450561539031
1319.0,0.1,cot,0.02236067977499789,0.02738612787525833,0.0,0.04472135954999577,0.1118033988749895,0.0412543132150483
1319.0,0.1,direct,0.0,0.0,0.027386127875258296,0.02738612787525824,0.0,0.010954451150103307
1319.0,0.1,think,0.0,0.027386127875258348,0.0,0.05477225575051658,0.10839741694339397,0.03811116011383378
1319.0,0.3,cot,0.02236067977499789,0.022360679774997935,0.04472135954999583,0.022360679774997876,0.0670820393249937,0.035777087639996645
1319.0,0.3,direct,0.0,0.0,0.04472135954999585,0.0,0.022360679774997876,0.013416407864998744
1319.0,0.3,think,0.022360679774997904,0.022360679774997935,0.05477225575051666,0.04183300132670374,0.10954451150103323,0.050174225625649896
1319.0,0.5,cot,0.027386127875258303,0.02738612787525833,0.02738612787525833,0.035355339059327355,0.15652475842498523,0.05480769622201751
1319.0,0.5,direct,0.022360679774997904,0.022360679774997935,0.02738612787525829,0.0273861278752583,0.035355339059327355,0.026969790871967957
1319.0,0.5,think,0.04183300132670376,0.027386127875258348,0.022360679774997935,0.027386127875258272,0.21908902300206642,0.06761099197085695
1319.0,0.7,cot,0.022360679774997904,0.0,0.027386127875258317,0.027386127875258317,0.10839741694339398,0.03710607049378171
1319.0,0.7,direct,0.0,0.022360679774997918,0.041833001326703784,0.022360679774997887,0.022360679774997876,0.021783008130339496
1319.0,0.7,think,0.02236067977499789,0.02738612787525833,0.04183300132670381,0.027386127875258286,0.17818529681205464,0.059430246732854596
1319.0,0.9,cot,0.04183300132670376,0.027386127875258317,0.06519202405202648,0.05700877125495693,0.1274754878398196,0.06377908246975302
1319.0,0.9,direct,0.03535533905932737,0.07582875444051551,0.035355339059327424,0.03535533905932736,0.07582875444051551,0.051544705211802634
1319.0,0.9,think,0.0,0.022360679774997935,0.022360679774997918,0.049999999999999996,0.1732050807568877,0.05358528806137671
1321.0,0.1,cot,0.12449899597988733,0.02738612787525833,0.022360679774997876,0.08660254037844385,0.05477225575051662,0.0631241199518208
1321.0,0.1,direct,0.02236067977499789,0.04183300132670379,0.0,0.06519202405202648,0.151657508881031,0.056208642806951835
1321.0,0.1,think,0.02236067977499789,0.02738612787525833,0.02738612787525829,0.06123724356957945,0.04999999999999999,0.03767403581901879
1321.0,0.3,cot,0.022360679774997887,0.0,0.0,0.11180339887498948,0.08215838362577493,0.04326449245515246
1321.0,0.3,direct,0.022360679774997894,0.06708203932499367,0.0,0.06708203932499371,0.022360679774997894,0.03577708763999663
1321.0,0.3,think,0.0,0.02236067977499793,0.04183300132670377,0.0,0.0547722557505166,0.023793187370443662
1321.0,0.5,cot,0.10368220676663858,0.027386127875258348,0.02236067977499793,0.14404860290887933,0.07582875444051551,0.07466127435325794
1321.0,0.5,direct,0.03535533905932737,0.0447213595499958,0.0,0.08215838362577493,0.1414213562373095,0.06073128769448153
1321.0,0.5,think,0.11401754250991379,0.027386127875258317,0.022360679774997838,0.07071067811865472,0.07582875444051551,0.062060756543868036
1321.0,0.7,cot,0.12449899597988734,0.022360679774997918,0.0,0.16431676725154978,0.1387443692551161,0.08998416245231022
1321.0,0.7,direct,0.108397416943394,0.04999999999999999,0.0,0.17818529681205458,0.15247950681976905,0.09781244411504353
1321.0,0.7,think,0.02236067977499789,0.02738612787525833,0.0,0.07416198487095663,0.0447213595499958,0.03372603041424173
1321.0,0.9,cot,0.05700877125495692,0.022360679774997935,0.0,0.13416407864998736,0.09082951062292477,0.060872608060573395
1321.0,0.9,direct,0.14832396974191328,0.04183300132670373,0.0,0.17888543819998315,0.1341640786499874,0.10064129758371751
1321.0,0.9,think,0.02236067977499789,0.02738612787525833,0.05477225575051661,0.04183300132670373,0.05477225575051659,0.040224864095598625
1332.0,0.1,cot,0.027386127875258293,0.05477225575051657,0.02236067977499793,0.04999999999999998,0.04183300132670377,0.03927041294549531
1332.0,0.1,direct,0.0,0.0,0.0,0.022360679774997876,0.02236067977499789,0.008944271909999153
1332.0,0.1,think,0.022360679774997894,0.12247448713915887,0.02236067977499793,0.022360679774997873,0.0273861278752583,0.04338853086788217
1332.0,0.3,cot,0.022360679774997894,0.04183300132670381,0.027386127875258317,0.03535533905932735,0.04472135954999577,0.03433130151725663
1332.0,0.3,direct,0.022360679774997894,0.0,0.0,0.02738612787525829,0.0273861278752583,0.015426587105102895
1332.0,0.3,think,0.0273861278752583,0.16431676725154978,0.05700877125495692,0.022360679774997838,0.04183300132670376,0.06258106949669331
1332.0,0.5,cot,0.027386127875258293,0.07416198487095663,0.06519202405202651,0.041833001326703784,0.04183300132670377,0.050081227890329795
1332.0,0.5,direct,0.022360679774997894,0.04472135954999578,0.04472135954999582,0.027386127875258272,0.03535533905932737,0.034908973161915026
1332.0,0.5,think,0.022360679774997894,0.0547722557505166,0.05700877125495691,0.02738612787525829,0.022360679774997894,0.03677770288614552
1332.0,0.7,cot,0.0,0.12041594578792293,0.02738612787525832,0.02738612787525832,0.04472135954999579,0.043981912217687075
1332.0,0.7,direct,0.022360679774997894,0.022360679774997918,0.022360679774997918,0.022360679774997862,0.04472135954999579,0.02683281572999748
1332.0,0.7,think,0.02236067977499789,0.08366600265340754,0.08366600265340758,0.027386127875258265,0.04183300132670377,0.05178236285675501
1332.0,0.9,cot,0.0273861278752583,0.130384048104053,0.022360679774997876,0.04183300132670376,0.04183300132670377,0.052759371681543335
1332.0,0.9,direct,0.022360679774997894,0.0758287544405155,0.044721359549995836,0.022360679774997918,0.04183300132670377,0.04142089497344218
1332.0,0.9,think,0.0273861278752583,0.10246950765959595,0.08366600265340764,0.022360679774997876,0.04472135954999577,0.0561207355026511
1382.0,0.1,cot,0.0,0.05700877125495687,0.0,0.0547722557505166,0.057008771254956916,0.03375795965208608
1382.0,0.1,direct,0.0,0.027386127875258286,0.022360679774997876,0.044721359549995794,0.022360679774997935,0.023365769395049977
1382.0,0.1,think,0.0,0.027386127875258317,0.0,0.0547722557505166,0.02738612787525833,0.021908902300206652
1382.0,0.3,cot,0.0273861278752583,0.05,0.0,0.05477225575051662,0.04183300132670381,0.034798276990495744
1382.0,0.3,direct,0.0,0.02738612787525833,0.0,0.054772255750516585,0.022360679774997935,0.020903812680154572
1382.0,0.3,think,0.0,0.03535533905932739,0.0,0.05477225575051661,0.041833001326703784,0.02639211922730956
1382.0,0.5,cot,0.02236067977499789,0.049999999999999996,0.022360679774997873,0.05,0.04183300132670377,0.037310872175339904
1382.0,0.5,direct,0.022360679774997894,0.06123724356957948,0.03535533905932736,0.04183300132670377,0.02738612787525833,0.037634478321173365
1382.0,0.5,think,0.027386127875258286,0.04183300132670379,0.0,0.04472135954999578,0.06519202405202648,0.03582650256079687
1382.0,0.7,cot,0.02738612787525831,0.07416198487095664,0.022360679774997935,0.04999999999999998,0.022360679774997918,0.039253894459242156
1382.0,0.7,direct,0.022360679774997904,0.04183300132670377,0.03535533905932737,0.02738612787525826,0.027386127875258317,0.030864255182309126
1382.0,0.7,think,0.0273861278752583,0.05477225575051661,0.02738612787525826,0.02738612787525833,0.0,0.0273861278752583
1382.0,0.9,cot,0.022360679774997894,0.11726039399558574,0.02236067977499793,0.04472135954999579,0.022360679774997873,0.04581275857411504
1382.0,0.9,direct,0.027386127875258296,0.05700877125495691,0.0,0.0,0.0,0.016878979826043042
1382.0,0.9,think,0.027386127875258296,0.03535533905932735,0.022360679774997876,0.02236067977499793,0.0670820393249937,0.034908973161915026
1405.0,0.1,cot,0.027386127875258272,0.022360679774997873,0.022360679774997873,0.022360679774997907,0.0,0.018893633440050385
1405.0,0.1,direct,0.027386127875258293,0.02738612787525833,0.0,0.0,0.04183300132670377,0.01932105141544408
1405.0,0.1,think,0.09617692030835673,0.0,0.0,0.0,0.022360679774997918,0.02370752001667093
1405.0,0.3,cot,0.16046806535881214,0.04183300132670377,0.022360679774997873,0.0,0.02738612787525833,0.050409574867154416
1405.0,0.3,direct,0.03535533905932737,0.027386127875258348,0.0,0.022360679774997914,0.04183300132670375,0.02538702960725748
1405.0,0.3,think,0.041833001326703756,0.02738612787525833,0.0,0.0,0.02738612787525833,0.019321051415444084
1405.0,0.5,cot,0.022360679774997887,0.02738612787525833,0.0,0.0,0.03535533905932741,0.017020429341916728
1405.0,0.5,direct,0.14747881203752625,0.02738612787525833,0.0,0.0447213595499958,0.02738612787525833,0.04939448546760773
1405.0,0.5,think,0.0,0.022360679774997918,0.0,0.0,0.022360679774997918,0.008944271909999166
1405.0,0.7,cot,0.13693063937629157,0.04999999999999995,0.022360679774997862,0.0223606797749979,0.02738612787525833,0.05180762536030912
1405.0,0.7,direct,0.027386127875258313,0.02738612787525833,0.0,0.0223606797749979,0.041833001326703805,0.02379318737044367
1405.0,0.7,think,0.1,0.02738612787525833,0.0,0.0,0.04183300132670381,0.03384382584039243
1405.0,0.9,cot,0.13693063937629157,0.0,0.0,0.0,0.04472135954999579,0.03633039978525747
1405.0,0.9,direct,0.15165750888103102,0.041833001326703735,0.027386127875258317,0.05477225575051663,0.04472135954999585,0.0640740506767011
1405.0,0.9,think,0.12549900398011132,0.02236067977499793,0.0,0.044721359549995794,0.02236067977499793,0.04298834461602059
1413.0,0.1,cot,0.04472135954999579,0.02738612787525833,0.022360679774997918,0.02738612787525831,0.12942179105544782,0.05025521722619164
1413.0,0.1,direct,0.02236067977499789,0.022360679774997918,0.0273861278752583,0.0223606797749979,0.02738612787525833,0.024370859015102067
1413.0,0.1,think,0.0,0.0,0.0,0.0223606797749979,0.06519202405202647,0.017510540765404876
1413.0,0.3,cot,0.04472135954999577,0.022360679774997935,0.02738612787525826,0.022360679774997914,0.07582875444051551,0.038531520283153084
1413.0,0.3,direct,0.04472135954999577,0.04472135954999582,0.02738612787525829,0.027386127875258324,0.23021728866442678,0.074886452702987
1413.0,0.3,think,0.03535533905932737,0.022360679774997935,0.022360679774997862,0.027386127875258313,0.08944271909999162,0.039381109116914614
1413.0,0.5,cot,0.02236067977499789,0.02236067977499793,0.022360679774997887,0.027386127875258313,0.022360679774997894,0.023365769395049984
1413.0,0.5,direct,0.02236067977499789,0.022360679774997935,0.0,0.02738612787525832,0.05000000000000002,0.024421497485050833
1413.0,0.5,think,0.0273861278752583,0.0,0.02738612787525826,0.027386127875258313,0.03535533905932737,0.023502744537020448
1413.0,0.7,cot,0.0547722557505166,0.02738612787525833,0.027386127875258286,0.02738612787525831,0.09617692030835673,0.046621511936929656
1413.0,0.7,direct,0.02236067977499789,0.04472135954999582,0.022360679774997873,0.0223606797749979,0.02738612787525833,0.02783790535004956
1413.0,0.7,think,0.03535533905932737,0.022360679774997918,0.022360679774997873,0.02738612787525832,0.15652475842498526,0.05279751698191335
1413.0,0.9,cot,0.06123724356957945,0.022360679774997935,0.022360679774997873,0.027386127875258306,0.16046806535881214,0.05876255927072914
1413.0,0.9,direct,0.02236067977499789,0.05477225575051666,0.022360679774997873,0.027386127875258313,0.04183300132670381,0.03374254890049491
1413.0,0.9,think,0.04183300132670376,0.027386127875258348,0.022360679774997876,0.02738612787525831,0.04183300132670378,0.03215978763578441
1425.0,0.1,cot,0.0,0.02738612787525833,0.022360679774997935,0.04472135954999577,0.0,0.01889363344005041
1425.0,0.1,direct,0.0273861278752583,0.02738612787525833,0.0,0.04183300132670374,0.0670820393249937,0.03273745928044282
1425.0,0.1,think,0.02738612787525829,0.0,0.05477225575051667,0.06519202405202651,0.0,0.029470081535560293
1425.0,0.3,cot,0.0,0.0,0.022360679774997876,0.0418330013267038,0.044721359549995836,0.021783008130339503
1425.0,0.3,direct,0.04999999999999999,0.07416198487095668,0.044721359549995836,0.06519202405202651,0.05477225575051661,0.057769524844699126
1425.0,0.3,think,0.04183300132670376,0.022360679774997935,0.05477225575051663,0.04472135954999585,0.0,0.03273745928044284
1425.0,0.5,cot,0.02236067977499789,0.027386127875258348,0.0,0.041833001326703784,0.027386127875258348,0.023793187370443676
1425.0,0.5,direct,0.022360679774997894,0.0,0.022360679774997935,0.022360679774997918,0.0,0.01341640786499875
1425.0,0.5,think,0.0273861278752583,0.02236067977499793,0.022360679774997862,0.02236067977499793,0.0,0.018893633440050406
1425.0,0.7,cot,0.0,0.02738612787525833,0.022360679774997935,0.05700877125495686,0.0670820393249937,0.03476752364604137
1425.0,0.7,direct,0.04472135954999579,0.022360679774997935,0.022360679774997866,0.05477225575051666,0.04472135954999582,0.03778726688010081
1425.0,0.7,think,0.022360679774997904,0.027386127875258317,0.02738612787525829,0.03535533905932735,0.022360679774997935,0.026969790871967957
1425.0,0.9,cot,0.027386127875258306,0.022360679774997918,0.022360679774997918,0.044721359549995766,0.022360679774997873,0.02783790535004956
1425.0,0.9,direct,0.10839741694339398,0.04183300132670379,0.022360679774997876,0.07071067811865475,0.04183300132670382,0.05702695549809085
1425.0,0.9,think,0.0223606797749979,0.02738612787525833,0.044721359549995836,0.04183300132670379,0.07905694150420951,0.043071622006233067
1429.0,0.1,cot,0.02738612787525833,0.022360679774997935,0.02738612787525829,0.0,0.03535533905932737,0.022497654916968386
1429.0,0.1,direct,0.12942179105544788,0.041833001326703825,0.0,0.022360679774997887,0.07582875444051553,0.053888845319533016
1429.0,0.1,think,0.02236067977499789,0.0,0.027386127875258296,0.0223606797749979,0.2361143790623519,0.06164437329752119
1429.0,0.3,cot,0.108397416943394,0.035355339059327424,0.02738612787525824,0.022360679774997894,0.08366600265340753,0.05543311326127701
1429.0,0.3,direct,0.239791576165636,0.02738612787525833,0.0,0.0,0.035355339059327424,0.06050660862004435
1429.0,0.3,think,0.0,0.0,0.0,0.0,0.07071067811865474,0.014142135623730947
1429.0,0.5,cot,0.0447213595499958,0.02738612787525833,0.03535533905932735,0.022360679774997894,0.0908295106229247,0.04413060337650082
1429.0,0.5,direct,0.15165750888103102,0.02738612787525833,0.0,0.027386127875258317,0.061237243569579485,0.05353340164022543
1429.0,0.5,think,0.022360679774997904,0.022360679774997935,0.022360679774997918,0.0223606797749979,0.229128784747792,0.06371430076955673
1429.0,0.7,cot,0.0,0.02738612787525833,0.022360679774997876,0.0,0.0961769203083567,0.029184745591722582
1429.0,0.7,direct,0.18907670401189036,0.022360679774997935,0.022360679774997887,0.02738612787525832,0.25099800796022265,0.10243643987947344
1429.0,0.7,think,0.022360679774997894,0.022360679774997918,0.02738612787525829,0.02236067977499789,0.15572411502397437,0.05003845644484528
1429.0,0.9,cot,0.11726039399558577,0.022360679774997918,0.0273861278752583,0.02236067977499789,0.13416407864998733,0.06470639201416543
1429.0,0.9,direct,0.20916500663351892,0.022360679774997918,0.022360679774997887,0.041833001326703784,0.05700877125495691,0.07054562775303509
1429.0,0.9,think,0.022360679774997887,0.022360679774997918,0.022360679774997887,0.0,0.2162174831043965,0.05665990448587803
1433.0,0.1,cot,0.07582875444051551,0.02738612787525832,0.044721359549995836,0.022360679774997876,0.16046806535881214,0.06615299739991594
1433.0,0.1,direct,0.0670820393249937,0.022360679774997873,0.0,0.12041594578792295,0.12549900398011132,0.06707153377360517
1433.0,0.1,think,0.13693063937629155,0.06519202405202652,0.027386127875258317,0.0,0.12942179105544788,0.07178611647180486
1433.0,0.3,cot,0.03535533905932737,0.04183300132670377,0.04472135954999582,0.04472135954999578,0.08366600265340754,0.05005941242788605
1433.0,0.3,direct,0.02236067977499789,0.04472135954999578,0.0,0.08944271909999156,0.21908902300206645,0.07512275628541035
1433.0,0.3,think,0.12942179105544785,0.04999999999999998,0.027386127875258317,0.022360679774997918,0.14747881203752627,0.07532948214864607
1433.0,0.5,cot,0.09617692030835673,0.02738612787525833,0.04472135954999584,0.027386127875258275,0.10839741694339403,0.06081359051045264
1433.0,0.5,direct,0.0,0.022360679774997876,0.022360679774997918,0.1095445115010332,0.12041594578792301,0.0549363633677904
1433.0,0.5,think,0.02236067977499789,0.03535533905932737,0.022360679774997918,0.044721359549995836,0.10246950765959599,0.045453513163783
1433.0,0.7,cot,0.08944271909999157,0.0670820393249937,0.044721359549995836,0.035355339059327376,0.14317821063276354,0.0759559335334144
1433.0,0.7,direct,0.054772255750516585,0.04472135954999577,0.022360679774997918,0.1341640786499874,0.25099800796022265,0.10140327633714405
1433.0,0.7,think,0.06123724356957945,0.04183300132670376,0.02738612787525833,0.022360679774997873,0.13509256086106294,0.05758192268152047
1433.0,0.9,cot,0.04472135954999577,0.0,0.02738612787525833,0.057008771254956916,0.1140175425099138,0.048626760238024966
1433.0,0.9,direct,0.12942179105544788,0.1732050807568877,0.02738612787525833,0.07071067811865477,0.16355427233796124,0.112855590028842
1433.0,0.9,think,0.1036822067666386,0.044721359549995836,0.0,0.0758287544405155,0.10839741694339403,0.06652594754010879
1454.0,0.1,cot,0.0,0.0707106781186547,0.035355339059327424,0.022360679774997918,0.06123724356957947,0.0379327881045119
1454.0,0.1,direct,0.24596747752497689,0.041833001326703805,0.02738612787525826,0.0651920240520265,0.05477225575051663,0.08703017730589642
1454.0,0.1,think,0.08215838362577493,0.0,0.04472135954999582,0.04472135954999581,0.09746794344808961,0.053813809234771234
1454.0,0.3,cot,0.0,0.12041594578792292,0.07582875444051553,0.027386127875258348,0.08215838362577493,0.061157842345894345
1454.0,0.3,direct,0.15165750888103097,0.022360679774997935,0.0,0.022360679774997935,0.12549900398011132,0.06437557448222764
1454.0,0.3,think,0.08215838362577493,0.0353553390593274,0.0570087712549569,0.04183300132670381,0.11510864433221338,0.06629282791979528
1454.0,0.5,cot,0.02738612787525829,0.04472135954999578,0.1341640786499874,0.050000000000000044,0.13509256086106294,0.07827282538726088
1454.0,0.5,direct,0.15247950681976907,0.02738612787525829,0.027386127875258286,0.02738612787525833,0.06708203932499371,0.06034398595410754
1454.0,0.5,think,0.08944271909999157,0.04472135954999577,0.03535533905932742,0.04472135954999582,0.07071067811865475,0.05699029107559307
1454.0,0.7,cot,0.07582875444051551,0.027386127875258317,0.06123724356957945,0.05477225575051666,0.06519202405202651,0.0568832811375793
1454.0,0.7,direct,0.19557607215607947,0.06123724356957951,0.022360679774997935,0.04472135954999585,0.061237243569579464,0.07702651972404644
1454.0,0.7,think,0.08215838362577493,0.02738612787525833,0.0,0.022360679774997935,0.07582875444051553,0.04154678914330935
1454.0,0.9,cot,0.07582875444051553,0.027386127875258317,0.04183300132670381,0.05477225575051666,0.11510864433221338,0.06298575674504155
1454.0,0.9,direct,0.28809720581775866,0.022360679774997935,0.02738612787525829,0.04183300132670382,0.05477225575051667,0.08688985410904708
1454.0,0.9,think,0.08215838362577492,0.03535533905932733,0.06519202405202651,0.027386127875258348,0.05700877125495685,0.05342012917346879
1490.0,0.1,cot,0.02236067977499789,0.07416198487095664,0.0,0.0,0.02738612787525829,0.024781758504242565
1490.0,0.1,direct,0.0,0.0,0.0,0.0,0.022360679774997918,0.004472135954999583
1490.0,0.1,think,0.0,0.04472135954999578,0.02738612787525833,0.04472135954999577,0.04472135954999583,0.03231004130504914
1490.0,0.3,cot,0.02236067977499789,0.12247448713915889,0.022360679774997935,0.04472135954999578,0.06708203932499368,0.055799849112828835
1490.0,0.3,direct,0.0,0.0,0.022360679774997918,0.022360679774997862,0.0,0.008944271909999156
1490.0,0.3,think,0.0273861278752583,0.07416198487095668,0.022360679774997918,0.0,0.0670820393249937,0.03819816636924132
1490.0,0.5,cot,0.022360679774997894,0.10246950765959595,0.022360679774997866,0.022360679774997935,0.04472135954999578,0.042854581306917085
1490.0,0.5,direct,0.027386127875258293,0.05700877125495691,0.022360679774997918,0.04472135954999577,0.0,0.030295387691041776
1490.0,0.5,think,0.02236067977499789,0.09354143466934851,0.02738612787525833,0.02738612787525833,0.09617692030835674,0.05337025810064396
1490.0,0.7,cot,0.022360679774997894,0.0758287544405155,0.022360679774997935,0.044721359549995766,0.11726039399558576,0.056506373507218564
1490.0,0.7,direct,0.04183300132670378,0.06708203932499365,0.027386127875258348,0.04183300132670378,0.10839741694339398,0.057306317359410705
1490.0,0.7,think,0.0,0.041833001326703735,0.04183300132670381,0.02738612787525833,0.0447213595499958,0.031154698015732334
1490.0,0.9,cot,0.027386127875258313,0.07071067811865474,0.0,0.04472135954999578,0.10246950765959602,0.04905753464070097
1490.0,0.9,direct,0.04183300132670377,0.022360679774997918,0.02738612787525833,0.04183300132670375,0.06708203932499364,0.04009896992573149
1490.0,0.9,think,0.0,0.06519202405202645,0.027386127875258348,0.027386127875258348,0.10954451150103323,0.04590175826071528
1493.0,0.1,cot,0.0,0.02738612787525833,0.022360679774997918,0.02738612787525833,0.027386127875258286,0.020903812680154572
1493.0,0.1,direct,0.0,0.0,0.02738612787525829,0.02738612787525829,0.0,0.010954451150103316
1493.0,0.1,think,0.022360679774997894,0.022360679774997918,0.035355339059327376,0.027386127875258317,0.022360679774997862,0.025964701251915873
1493.0,0.3,cot,0.0,0.022360679774997935,0.0,0.04183300132670376,0.02738612787525824,0.018315961795391987
1493.0,0.3,direct,0.0,0.0,0.027386127875258272,0.027386127875258265,0.0,0.010954451150103307
1493.0,0.3,think,0.0,0.0,0.0,0.05477225575051662,0.027386127875258265,0.016431676725154977
1493.0,0.5,cot,0.0418330013267038,0.0,0.04472135954999582,0.04183300132670382,0.022360679774997873,0.03014960839568026
1493.0,0.5,direct,0.11180339887498948,0.04472135954999579,0.04183300132670375,0.06123724356957945,0.0,0.05191900066425369
1493.0,0.5,think,0.0,0.0,0.0,0.061237243569579436,0.02738612787525829,0.017724674288967547
1493.0,0.7,cot,0.05477225575051663,0.022360679774997935,0.0,0.035355339059327355,0.027386127875258286,0.027974880492020043
1493.0,0.7,direct,0.03535533905932737,0.022360679774997918,0.022360679774997866,0.022360679774997887,0.027386127875258348,0.025964701251915877
1493.0,0.7,think,0.02236067977499789,0.0,0.03535533905932737,0.02738612787525826,0.027386127875258265,0.022497654916968358
1493.0,0.9,cot,0.027386127875258293,0.022360679774997918,0.04472135954999585,0.04183300132670375,0.027386127875258258,0.03273745928044282
1493.0,0.9,direct,0.08944271909999159,0.02236067977499793,0.02738612787525824,0.04472135954999583,0.061237243569579436,0.04902962597396461
1493.0,0.9,think,0.03535533905932737,0.02738612787525833,0.04183300132670381,0.054772255750516655,0.15247950681976907,0.062365246166315044
1495.0,0.1,cot,0.022360679774997935,0.0,0.027386127875258286,0.0273861278752583,0.07071067811865474,0.029568722728833853
1495.0,0.1,direct,0.02236067977499789,0.04183300132670382,0.027386127875258248,0.08944271909999159,0.02738612787525833,0.041681731190441974
1495.0,0.1,think,0.1036822067666386,0.02236067977499793,0.02738612787525826,0.0447213595499958,0.21389249636207439,0.08240857406579301
1495.0,0.3,cot,0.13693063937629157,0.04183300132670381,0.02738612787525826,0.022360679774997894,0.0547722557505166,0.05665654082075363
1495.0,0.3,direct,0.027386127875258293,0.022360679774997935,0.022360679774997876,0.04472135954999579,0.0,0.02336576939504998
1495.0,0.3,think,0.14142135623730953,0.022360679774997918,0.02738612787525828,0.027386127875258317,0.17464249196572978,0.07863935674571076
1495.0,0.5,cot,0.11726039399558574,0.0,0.022360679774997838,0.04183300132670377,0.12549900398011132,0.061390615815479735
1495.0,0.5,direct,0.0,0.04472135954999582,0.02738612787525829,0.08944271909999159,0.022360679774997918,0.036782177260048725
1495.0,0.5,think,0.027386127875258303,0.0651920240520265,0.022360679774997862,0.02236067977499789,0.13416407864998733,0.05429271802545358
1495.0,0.7,cot,0.09746794344808965,0.0,0.022360679774997876,0.0273861278752583,0.10368220676663861,0.05017939157299689
1495.0,0.7,direct,0.239791576165636,0.04472135954999582,0.022360679774997918,0.02738612787525831,0.04183300132670381,0.07521854893851837
1495.0,0.7,think,0.09354143466934854,0.02738612787525833,0.035355339059327355,0.044721359549995794,0.18907670401189036,0.07801619303316407
1495.0,0.9,cot,0.08366600265340758,0.035355339059327424,0.022360679774997935,0.04183300132670377,0.0821583836257749,0.05307468128804231
1495.0,0.9,direct,0.16201851746019652,0.06123724356957947,0.03535533905932735,0.044721359549995794,0.057008771254956944,0.07206824617881122
1495.0,0.9,think,0.1604680653588121,0.035355339059327424,0.022360679774997862,0.11510864433221339,0.11510864433221336,0.08968027457151283
1537.0,0.1,cot,0.0,0.022360679774997873,0.02738612787525832,0.035355339059327376,0.0670820393249937,0.03043683720691546
1537.0,0.1,direct,0.04472135954999578,0.16583123951777,0.0,0.06123724356957943,0.05477225575051666,0.06531241967757237
1537.0,0.1,think,0.02236067977499789,0.10246950765959596,0.02738612787525833,0.044721359549995794,0.14317821063276356,0.0680231770985223
1537.0,0.3,cot,0.02738612787525829,0.09082951062292474,0.022360679774997935,0.04472135954999578,0.02236067977499789,0.041531671519634925
1537.0,0.3,direct,0.027386127875258293,0.15165750888103102,0.0,0.02738612787525826,0.05477225575051666,0.05224040407641285
1537.0,0.3,think,0.022360679774997894,0.06123724356957946,0.0,0.022360679774997876,0.05477225575051665,0.03214617177401838
1537.0,0.5,cot,0.0,0.057008771254956875,0.0,0.04472135954999578,0.0,0.020346026160990533
1537.0,0.5,direct,0.02236067977499789,0.1788854381999832,0.044721359549995836,0.022360679774997918,0.027386127875258317,0.059142857035046625
1537.0,0.5,think,0.0273861278752583,0.09999999999999998,0.07582875444051555,0.022360679774997935,0.0447213595499958,0.05405938432815351
1537.0,0.7,cot,0.03535533905932737,0.08944271909999155,0.022360679774997918,0.022360679774997862,0.0790569415042095,0.04971527184270484
1537.0,0.7,direct,0.027386127875258313,0.04183300132670377,0.0,0.05477225575051657,0.022360679774997918,0.02927041294549531
1537.0,0.7,think,0.04472135954999578,0.08215838362577493,0.04183300132670382,0.035355339059327376,0.16955824957813173,0.07472526662798673
1537.0,0.9,cot,0.035355339059327376,0.0908295106229247,0.022360679774997918,0.03535533905932741,0.10606601717798213,0.05799337713891191
1537.0,0.9,direct,0.03535533905932737,0.1565247584249853,0.022360679774997918,0.041833001326703756,0.09354143466934853,0.06992304265107256
1537.0,0.9,think,0.03535533905932737,0.08660254037844381,0.08215838362577493,0.06123724356957944,0.23452078799117151,0.09997485892485942
1557.0,0.1,cot,0.07582875444051551,0.07416198487095664,0.022360679774997862,0.0,0.0447213595499958,0.04341455572729317
1557.0,0.1,direct,0.2738612787525831,0.0,0.02738612787525829,0.027386127875258317,0.07582875444051553,0.08089245778872303
1557.0,0.1,think,0.04472135954999581,0.02738612787525832,0.04472135954999579,0.022360679774997914,0.15247950681976902,0.058333806714003365
1557.0,0.3,cot,0.10839741694339403,0.09746794344808965,0.022360679774997887,0.0223606797749979,0.0418330013267038,0.058483944253636656
1557.0,0.3,direct,0.2738612787525831,0.0,0.0,0.02738612787525832,0.02738612787525833,0.06572670690061996
1557.0,0.3,think,0.0,0.08944271909999156,0.027386127875258265,0.0,0.10839741694339404,0.04504525278372877
1557.0,0.5,cot,0.02236067977499789,0.0651920240520265,0.022360679774997887,0.02738612787525832,0.0670820393249937,0.04087631016045486
1557.0,0.5,direct,0.24135036772294338,0.0,0.02738612787525828,0.027386127875258317,0.04183300132670382,0.06759112496003275
1557.0,0.5,think,0.0,0.0,0.02738612787525828,0.0223606797749979,0.1224744871391589,0.034444258957883014
1557.0,0.7,cot,0.11726039399558576,0.06519202405202648,0.0,0.027386127875258317,0.15811388300841897,0.0735904857862579
1557.0,0.7,direct,0.22360679774997896,0.0,0.02738612787525826,0.027386127875258317,0.027386127875258317,0.061153036275150764
1557.0,0.7,think,0.0,0.035355339059327404,0.027386127875258296,0.027386127875258306,0.15811388300841897,0.04964829556365259
1557.0,0.9,cot,0.027386127875258286,0.09082951062292473,0.022360679774997876,0.0,0.10839741694339397,0.04979474704331497
1557.0,0.9,direct,0.10839741694339401,0.04183300132670381,0.022360679774997887,0.0223606797749979,0.04472135954999582,0.04793462747401788
1557.0,0.9,think,0.03535533905932738,0.04183300132670381,0.022360679774997918,0.027386127875258324,0.12747548783981966,0.05088212717522143
1574.0,0.1,cot,0.02236067977499789,0.022360679774997862,0.08366600265340761,0.02738612787525833,0.05000000000000004,0.04115469801573234
1574.0,0.1,direct,0.027386127875258293,0.054772255750516585,0.022360679774997918,0.0,0.2361143790623519,0.06812668849262493
1574.0,0.1,think,0.02236067977499789,0.022360679774997935,0.0670820393249937,0.0,0.022360679774997887,0.026832815729997482
1574.0,0.3,cot,0.0,0.0,0.06519202405202648,0.022360679774997918,0.04183300132670378,0.025877141030745638
1574.0,0.3,direct,0.0273861278752583,0.054772255750516606,0.027386127875258348,0.022360679774997866,0.18907670401189036,0.0641963790575843
1574.0,0.3,think,0.027386127875258293,0.0,0.10954451150103323,0.022360679774997918,0.05700877125495688,0.04326001808124926
1574.0,0.5,cot,0.022360679774997894,0.0,0.08944271909999157,0.022360679774997918,0.06519202405202647,0.03987122054040278
1574.0,0.5,direct,0.027386127875258293,0.08660254037844385,0.05477225575051666,0.027386127875258272,0.24341322889276168,0.08791205615444775
1574.0,0.5,think,0.0273861278752583,0.022360679774997935,0.10246950765959602,0.0,0.0273861278752583,0.03592048863702211
1574.0,0.7,cot,0.0273861278752583,0.06519202405202645,0.08944271909999162,0.04183300132670377,0.041833001326703784,0.05313737473613678
1574.0,0.7,direct,0.0273861278752583,0.04183300132670377,0.02236067977499793,0.044721359549995766,0.23345235059857503,0.07395070382510616
1574.0,0.7,think,0.027386127875258293,0.0,0.06708203932499372,0.0,0.05477225575051665,0.029848084590153735
1574.0,0.9,cot,0.0273861278752583,0.022360679774997918,0.0790569415042095,0.027386127875258348,0.102469507659596,0.051731876937864005
1574.0,0.9,direct,0.03535533905932738,0.09354143466934853,0.02738612787525832,0.044721359549995766,0.24899799195977462,0.09000045062274092
1574.0,0.9,think,0.027386127875258293,0.0,0.06708203932499367,0.0,0.04472135954999577,0.027837905350049548
1575.0,0.1,cot,0.027386127875258293,0.05477225575051658,0.02738612787525833,0.02738612787525833,0.03535533905932737,0.034457195687123784
1575.0,0.1,direct,0.022360679774997894,0.03535533905932738,0.05000000000000005,0.02236067977499793,0.049999999999999996,0.036015339721864645
1575.0,0.1,think,0.027386127875258293,0.022360679774997918,0.02738612787525833,0.035355339059327424,0.027386127875258293,0.027974880492020054
1575.0,0.3,cot,0.0273861278752583,0.0,0.03535533905932736,0.03535533905932742,0.027386127875258306,0.02509658677383427
1575.0,0.3,direct,0.0,0.054772255750516606,0.022360679774997918,0.15165750888103102,0.0273861278752583,0.05123531445636077
1575.0,0.3,think,0.027386127875258293,0.027386127875258317,0.02738612787525833,0.03535533905932741,0.0273861278752583,0.02897997011207213
1575.0,0.5,cot,0.02236067977499789,0.0,0.04183300132670377,0.02738612787525833,0.02236067977499789,0.02278809775039158
1575.0,0.5,direct,0.02236067977499789,0.04472135954999581,0.044721359549995836,0.10839741694339407,0.02236067977499789,0.04851229911867629
1575.0,0.5,think,0.027386127875258293,0.027386127875258317,0.04472135954999583,0.050000000000000044,0.027386127875258293,0.035375948635154156
1575.0,0.7,cot,0.027386127875258293,0.022360679774997935,0.0418330013267038,0.04183300132670381,0.03535533905932737,0.03375362987259824
1575.0,0.7,direct,0.02738612787525829,0.0758287544405155,0.041833001326703825,0.130384048104053,0.04183300132670378,0.06345298661464686
1575.0,0.7,think,0.027386127875258293,0.02738612787525832,0.04472135954999582,0.09354143466934854,0.04183300132670376,0.046973610259312945
1575.0,0.9,cot,0.02236067977499789,0.041833001326703784,0.044721359549995836,0.041833001326703825,0.02236067977499789,0.03462174435067985
1575.0,0.9,direct,0.022360679774997894,0.027386127875258317,0.03535533905932735,0.15572411502397437,0.0273861278752583,0.05364247792176324
1575.0,0.9,think,0.0,0.0,0.05477225575051661,0.050000000000000044,0.04472135954999578,0.029898723060102488
1589.0,0.1,cot,0.0,0.02738612787525833,0.022360679774997935,0.03535533905932735,0.022360679774997887,0.0214925652969163
1589.0,0.1,direct,0.0273861278752583,0.022360679774997935,0.0,0.0,0.24647515087732472,0.05924439170551619
1589.0,0.1,think,0.027386127875258293,0.0,0.0,0.0,0.027386127875258293,0.010954451150103317
1589.0,0.3,cot,0.022360679774997894,0.0,0.02236067977499793,0.04999999999999998,0.04472135954999579,0.027888543819998318
1589.0,0.3,direct,0.027386127875258293,0.02236067977499793,0.022360679774997918,0.02738612787525829,0.0273861278752583,0.025375948635154143
1589.0,0.3,think,0.0273861278752583,0.022360679774997918,0.0,0.04472135954999578,0.04183300132670377,0.027260233705391157
1589.0,0.5,cot,0.0273861278752583,0.0,0.04472135954999582,0.022360679774997918,0.05477225575051663,0.029848084590153735
1589.0,0.5,direct,0.0,0.035355339059327355,0.041833001326703735,0.02738612787525829,0.0821583836257749,0.03734657037741286
1589.0,0.5,think,0.02236067977499789,0.022360679774997935,0.04183300132670376,0.03535533905932739,0.04999999999999999,0.034381939987205394
1589.0,0.7,cot,0.02236067977499789,0.027386127875258348,0.041833001326703805,0.03535533905932736,0.14404860290887933,0.054196750189033346
1589.0,0.7,direct,0.04472135954999578,0.0,0.044721359549995836,0.044721359549995766,0.20432816741702547,0.06769844921340258
1589.0,0.7,think,0.027386127875258293,0.022360679774997918,0.07071067811865477,0.041833001326703735,0.04183300132670377,0.040824697684463694
1589.0,0.9,cot,0.027386127875258306,0.02738612787525833,0.02738612787525833,0.027386127875258248,0.1341640786499874,0.04874171803020412
1589.0,0.9,direct,0.02236067977499789,0.022360679774997935,0.022360679774997866,0.035355339059327376,0.0273861278752583,0.025964701251915873
1589.0,0.9,think,0.022360679774997894,0.022360679774997918,0.02738612787525833,0.027386127875258296,0.04472135954999577,0.02884299497010164
1597.0,0.1,cot,0.0,0.041833001326703784,0.027386127875258317,0.0,0.02236067977499789,0.018315961795392
1597.0,0.1,direct,0.0,0.054772255750516606,0.04472135954999582,0.022360679774997887,0.022360679774997894,0.02884299497010164
1597.0,0.1,think,0.022360679774997894,0.05477225575051661,0.10246950765959602,0.0,0.03535533905932737,0.04299155644888758
1597.0,0.3,cot,0.022360679774997894,0.13964240043768936,0.04183300132670377,0.0,0.0547722557505166,0.05172166745798153
1597.0,0.3,direct,0.0,0.0,0.05477225575051666,0.02738612787525826,0.02236067977499789,0.020903812680154562
1597.0,0.3,think,0.0,0.08944271909999156,0.08660254037844388,0.04183300132670374,0.02236067977499789,0.04804778811602741
1597.0,0.5,cot,0.02236067977499789,0.06708203932499365,0.0570087712549569,0.022360679774997918,0.05477225575051664,0.044716885176092604
1597.0,0.5,direct,0.022360679774997894,0.1643167672515498,0.022360679774997935,0.04183300132670375,0.022360679774997894,0.054646361580649463
1597.0,0.5,think,0.0,0.0651920240520265,0.05700877125495688,0.022360679774997862,0.08944271909999159,0.04680083883639456
1597.0,0.7,cot,0.022360679774997894,0.06708203932499371,0.06519202405202648,0.027386127875258317,0.07071067811865477,0.05054630982918623
1597.0,0.7,direct,0.022360679774997894,0.04472135954999578,0.04472135954999582,0.022360679774997862,0.04472135954999579,0.03577708763999663
1597.0,0.7,think,0.027386127875258293,0.04472135954999579,0.07416198487095664,0.02236067977499793,0.05477225575051661,0.04468048156434505
1597.0,0.9,cot,0.0,0.14747881203752622,0.07582875444051551,0.0,0.022360679774997887,0.049133649250607925
1597.0,0.9,direct,0.027386127875258293,0.02738612787525831,0.04183300132670383,0.022360679774997838,0.04183300132670376,0.032159787635784406
1597.0,0.9,think,0.0,0.04472135954999578,0.07582875444051555,0.022360679774997918,0.0447213595499958,0.037526430663101004
1608.0,0.1,cot,0.02236067977499789,0.022360679774997876,0.07582875444051551,0.022360679774997935,0.11510864433221334,0.05160388761954451
1608.0,0.1,direct,0.0,0.061237243569579464,0.0,0.0,0.0,0.012247448713915893
1608.0,0.1,think,0.027386127875258306,0.057008771254956916,0.027386127875258348,0.02738612787525829,0.022360679774997876,0.032305566931145946
1608.0,0.3,cot,0.0,0.06708203932499365,0.04183300132670377,0.0,0.027386127875258286,0.02726023370539114
1608.0,0.3,direct,0.0,0.02738612787525831,0.0,0.0447213595499958,0.03535533905932737,0.021492565296916295
1608.0,0.3,think,0.0,0.022360679774997935,0.02738612787525833,0.04183300132670375,0.0,0.018315961795392004
1608.0,0.5,cot,0.041833001326703756,0.0,0.022360679774997876,0.022360679774997918,0.0821583836257749,0.0337425489004949
1608.0,0.5,direct,0.022360679774997904,0.05700877125495689,0.04472135954999584,0.027386127875258296,0.0,0.030295387691041786
1608.0,0.5,think,0.0,0.0418330013267038,0.04472135954999577,0.022360679774997935,0.03535533905932738,0.028854075942204977
1608.0,0.7,cot,0.04183300132670375,0.05700877125495695,0.022360679774997918,0.02738612787525833,0.12449899597988727,0.054617515242360845
1608.0,0.7,direct,0.027386127875258293,0.1457737973711325,0.02738612787525833,0.04183300132670373,0.0,0.04847581088967057
1608.0,0.7,think,0.022360679774997894,0.057008771254956854,0.027386127875258317,0.04183300132670375,0.17535677916750184,0.06478907187988373
1608.0,0.9,cot,0.0273861278752583,0.0418330013267038,0.1036822067666386,0.022360679774997935,0.11937336386313317,0.06292707592134636
1608.0,0.9,direct,0.022360679774997904,0.022360679774997918,0.04183300132670382,0.04183300132670376,0.0,0.025677472440680683
1608.0,0.9,think,0.02236067977499789,0.07071067811865475,0.0,0.05477225575051658,0.08944271909999157,0.04745726654883216
1631.0,0.1,cot,0.04472135954999578,0.02738612787525833,0.0,0.02738612787525833,0.09354143466934856,0.038607009993972194
1631.0,0.1,direct,0.027386127875258286,0.044721359549995766,0.0,0.10368220676663858,0.10246950765959599,0.055651840370297724
1631.0,0.1,think,0.0,0.02738612787525833,0.0,0.022360679774997918,0.05000000000000004,0.01994936153005126
1631.0,0.3,cot,0.108397416943394,0.022360679774997918,0.0,0.04183300132670376,0.08366600265340755,0.051251420139700646
1631.0,0.3,direct,0.0,0.04472135954999578,0.0,0.1118033988749895,0.02738612787525833,0.03678217726004872
1631.0,0.3,think,0.02236067977499789,0.0418330013267038,0.0,0.0,0.04472135954999581,0.0217830081303395
1631.0,0.5,cot,0.04472135954999579,0.02236067977499793,0.0,0.02738612787525833,0.09082951062292476,0.03705953556463536
1631.0,0.5,direct,0.0,0.054772255750516585,0.0,0.12041594578792293,0.0,0.0350376403076879
1631.0,0.5,think,0.02738612787525829,0.0,0.022360679774997935,0.02236067977499793,0.04183300132670381,0.022788097750391596
1631.0,0.7,cot,0.022360679774997894,0.08366600265340753,0.0,0.027386127875258317,0.11937336386313324,0.05055723483335939
1631.0,0.7,direct,0.022360679774997887,0.1643167672515498,0.0,0.13509256086106294,0.2683281572999748,0.11801963303751709
1631.0,0.7,think,0.0,0.0447213595499958,0.02236067977499793,0.02738612787525833,0.05477225575051663,0.02984808459015374
1631.0,0.9,cot,0.07582875444051551,0.04183300132670377,0.0,0.022360679774997866,0.1341640786499874,0.054837302838440904
1631.0,0.9,direct,0.05700877125495688,0.07582875444051551,0.0,0.05000000000000005,0.05700877125495687,0.04796925939008586
1631.0,0.9,think,0.027386127875258293,0.0651920240520265,0.027386127875258265,0.027386127875258317,0.0447213595499958,0.038414353445559435
1646.0,0.1,cot,0.02236067977499789,0.14142135623730945,0.022360679774997935,0.022360679774997866,0.0273861278752583,0.04717790468751229
1646.0,0.1,direct,0.02738612787525829,0.04472135954999579,0.027386127875258348,0.02738612787525829,0.10839741694339397,0.04705543202383294
1646.0,0.1,think,0.0273861278752583,0.054772255750516606,0.02738612787525832,0.035355339059327376,0.044721359549995815,0.03792424202207128
1646.0,0.3,cot,0.022360679774997894,0.13416407864998733,0.04183300132670382,0.04183300132670374,0.12449899597988731,0.07293795141165602
1646.0,0.3,direct,0.027386127875258293,0.07582875444051551,0.02738612787525833,0.027386127875258286,0.1396424004376894,0.059525907700795966
1646.0,0.3,think,0.0273861278752583,0.05477225575051663,0.027386127875258348,0.02738612787525829,0.05000000000000002,0.037386127875258315
1646.0,0.5,cot,0.022360679774997894,0.02738612787525833,0.0,0.0,0.03535533905932739,0.017020429341916724
1646.0,0.5,direct,0.02738612787525829,0.09999999999999998,0.02236067977499793,0.022360679774997876,0.07416198487095664,0.049253894459242144
1646.0,0.5,think,0.0273861278752583,0.10954451150103323,0.022360679774997935,0.022360679774997866,0.0651920240520265,0.049368804595662764
1646.0,0.7,cot,0.02738612787525829,0.15652475842498526,0.04183300132670381,0.035355339059327404,0.0790569415042095,0.06803123363809685
1646.0,0.7,direct,0.027386127875258293,0.08944271909999157,0.04472135954999583,0.027386127875258286,0.14747881203752627,0.06728302928760606
1646.0,0.7,think,0.0,0.09746794344808965,0.02236067977499793,0.03535533905932737,0.0790569415042095,0.046848180757324887
1646.0,0.9,cot,0.03535533905932737,0.13038404810405294,0.03535533905932742,0.022360679774997873,0.08944271909999157,0.06257962501953943
1646.0,0.9,direct,0.022360679774997904,0.05477225575051663,0.022360679774997918,0.0273861278752583,0.11510864433221336,0.04839767750159683
1646.0,0.9,think,0.04472135954999578,0.08215838362577493,0.03535533905932741,0.03535533905932736,0.10246950765959599,0.0600119857908043
1647.0,0.1,cot,0.02236067977499789,0.04472135954999577,0.0,0.0,0.0670820393249937,0.02683281572999747
1647.0,0.1,direct,0.0,0.04472135954999579,0.022360679774997918,0.06519202405202651,0.07071067811865474,0.040596948299134995
1647.0,0.1,think,0.02236067977499789,0.022360679774997862,0.0,0.035355339059327376,0.06123724356957945,0.028262788435780516
1647.0,0.3,cot,0.0273861278752583,0.0,0.022360679774997918,0.04183300132670374,0.09746794344808966,0.037809550485009925
1647.0,0.3,direct,0.022360679774997904,0.03535533905932735,0.022360679774997918,0.035355339059327355,0.14142135623730945,0.05137067878119199
1647.0,0.3,think,0.02738612787525829,0.0273861278752583,0.02738612787525833,0.022360679774997862,0.07582875444051551,0.036069563568257655
1647.0,0.5,cot,0.0273861278752583,0.05700877125495687,0.0,0.027386127875258265,0.10246950765959602,0.04285010693301389
1647.0,0.5,direct,0.027386127875258293,0.044721359549995794,0.022360679774997918,0.06708203932499371,0.09617692030835673,0.051545425366720486
1647.0,0.5,think,0.027386127875258293,0.0447213595499958,0.044721359549995836,0.04472135954999578,0.08366600265340753,0.049043241835730646
1647.0,0.7,cot,0.022360679774997894,0.022360679774997862,0.0,0.04183300132670377,0.11726039399558576,0.040762950974457056
1647.0,0.7,direct,0.04472135954999579,0.061237243569579415,0.022360679774997935,0.09746794344808964,0.12449899597988727,0.07005724446451
1647.0,0.7,think,0.02236067977499789,0.04183300132670376,0.022360679774997862,0.05477225575051663,0.10246950765959602,0.04875922485736243
1647.0,0.9,cot,0.02738612787525831,0.06519202405202647,0.02236067977499793,0.05477225575051661,0.16807736313971613,0.06755769011850309
1647.0,0.9,direct,0.0894427190999916,0.04472135954999577,0.035355339059327355,0.05477225575051661,0.19685019685029528,0.08422837406202532
1647.0,0.9,think,0.022360679774997894,0.04472135954999579,0.0,0.027386127875258317,0.08215838362577493,0.03532531016520539
1650.0,0.1,cot,0.02236067977499789,0.022360679774997935,0.07071067811865477,0.022360679774997876,0.21095023109728983,0.06974858970818766
1650.0,0.1,direct,0.0273861278752583,0.02738612787525833,0.041833001326703825,0.027386127875258258,0.2949576240750525,0.08378980180550624
1650.0,0.1,think,0.0273861278752583,0.022360679774997935,0.06708203932499371,0.027386127875258258,0.0273861278752583,0.0343202205451533
1650.0,0.3,cot,0.022360679774997894,0.027386127875258317,0.08215838362577492,0.022360679774997838,0.04472135954999579,0.03979744612020495
1650.0,0.3,direct,0.0,0.02738612787525833,0.06123724356957943,0.027386127875258286,0.2079663434308542,0.06479516855019005
1650.0,0.3,think,0.027386127875258293,0.02738612787525833,0.04183300132670381,0.022360679774997935,0.027386127875258293,0.029270412945495334
1650.0,0.5,cot,0.02236067977499789,0.02738612787525833,0.05700877125495687,0.027386127875258248,0.04999999999999999,0.036828341356094266
1650.0,0.5,direct,0.0,0.0,0.044721359549995836,0.02738612787525828,0.0273861278752583,0.01989872306010248
1650.0,0.5,think,0.027386127875258293,0.022360679774997918,0.04472135954999584,0.02738612787525828,0.08660254037844387,0.04169136709079084
1650.0,0.7,cot,0.03535533905932737,0.02738612787525833,0.041833001326703805,0.0273861278752583,0.2109502310972899,0.06858216544676754
1650.0,0.7,direct,0.0,0.02738612787525833,0.04472135954999582,0.022360679774997876,0.02236067977499789,0.023365769395049984
1650.0,0.7,think,0.027386127875258293,0.022360679774997935,0.06708203932499372,0.022360679774997866,0.049999999999999996,0.037837905350049564
1650.0,0.9,cot,0.04999999999999999,0.022360679774997935,0.022360679774997918,0.0,0.23075961518428653,0.06509619494685648
1650.0,0.9,direct,0.0,0.02236067977499793,0.044721359549995836,0.04472135954999579,0.044721359549995794,0.03130495168499707
1650.0,0.9,think,0.0273861278752583,0.035355339059327355,0.03535533905932741,0.022360679774997866,0.04472135954999579,0.03303576906378135
1675.0,0.1,cot,0.0,0.0,0.022360679774997918,0.02738612787525829,0.02236067977499789,0.014421497485050819
1675.0,0.1,direct,0.0,0.1341640786499874,0.0,0.02738612787525826,0.027386127875258293,0.03778726688010079
1675.0,0.1,think,0.0,0.0547722557505166,0.022360679774997935,0.02738612787525826,0.02236067977499789,0.02537594863515414
1675.0,0.3,cot,0.0,0.08944271909999157,0.02236067977499793,0.022360679774997876,0.0,0.02683281572999747
1675.0,0.3,direct,0.02738612787525829,0.022360679774997876,0.02236067977499793,0.022360679774997876,0.02738612787525829,0.024370859015102053
1675.0,0.3,think,0.0,0.04472135954999578,0.02236067977499793,0.022360679774997876,0.0,0.01788854381999832
1675.0,0.5,cot,0.0,0.1431782106327635,0.02738612787525833,0.022360679774997866,0.022360679774997894,0.04305713961160352
1675.0,0.5,direct,0.0,0.11401754250991382,0.0,0.0,0.0,0.022803508501982764
1675.0,0.5,think,0.0,0.04472135954999578,0.027386127875258348,0.02738612787525829,0.0,0.019898723060102486
1675.0,0.7,cot,0.0,0.12041594578792293,0.027386127875258348,0.022360679774997876,0.0,0.034032550687635825
1675.0,0.7,direct,0.0,0.08944271909999157,0.02738612787525832,0.0,0.0,0.02336576939504998
1675.0,0.7,think,0.0,0.0,0.02738612787525833,0.022360679774997873,0.0,0.00994936153005124
1675.0,0.9,cot,0.02236067977499789,0.08944271909999157,0.02738612787525833,0.027386127875258258,0.02236067977499789,0.03778726688010079
1675.0,0.9,direct,0.02236067977499789,0.1414213562373095,0.044721359549995836,0.022360679774997862,0.02236067977499789,0.05064495102245979
1675.0,0.9,think,0.0,0.0547722557505166,0.02236067977499793,0.027386127875258248,0.0,0.02090381268015456
1687.0,0.1,cot,0.022360679774997838,0.022360679774997935,0.0,0.0,0.04183300132670377,0.017310872175339907
1687.0,0.1,direct,0.0894427190999916,0.022360679774997918,0.0,0.0,0.022360679774997918,0.02683281572999749
1687.0,0.1,think,0.03535533905932737,0.027386127875258258,0.0,0.022360679774997894,0.08944271909999163,0.03490897316191503
1687.0,0.3,cot,0.05700877125495688,0.027386127875258317,0.022360679774997873,0.0223606797749979,0.0447213595499958,0.034767523646041354
1687.0,0.3,direct,0.11180339887498948,0.02236067977499793,0.0,0.0,0.02236067977499793,0.03130495168499707
1687.0,0.3,think,0.0,0.022360679774997862,0.022360679774997918,0.0,0.022360679774997918,0.01341640786499874
1687.0,0.5,cot,0.0,0.022360679774997918,0.0,0.0,0.08660254037844387,0.021792644030688358
1687.0,0.5,direct,0.0,0.0,0.0,0.0223606797749979,0.0,0.00447213595499958
1687.0,0.5,think,0.027386127875258248,0.02738612787525824,0.022360679774997935,0.0273861278752583,0.0908295106229248,0.0390697148047395
1687.0,0.7,cot,0.0273861278752583,0.022360679774997935,0.0,0.0,0.04183300132670377,0.018315961795392
1687.0,0.7,direct,0.0,0.0,0.0,0.027386127875258317,0.0,0.005477225575051663
1687.0,0.7,think,0.10368220676663861,0.022360679774997935,0.022360679774997887,0.04183300132670378,0.12747548783981963,0.06354241109663157
1687.0,0.9,cot,0.041833001326703784,0.027386127875258317,0.0,0.0223606797749979,0.05700877125495688,0.029717716046383374
1687.0,0.9,direct,0.1767766952966369,0.041833001326703825,0.0,0.0223606797749979,0.04472135954999582,0.05713834718966689
1687.0,0.9,think,0.02738612787525828,0.041833001326703735,0.022360679774997904,0.027386127875258306,0.14142135623730953,0.05207745861790556
1703.0,0.1,cot,0.027386127875258296,0.02738612787525833,0.02738612787525824,0.02738612787525833,0.04472135954999583,0.0308531742102058
1703.0,0.1,direct,0.08660254037844388,0.05477225575051658,0.0,0.022360679774997918,0.022360679774997918,0.03721923113579126
1703.0,0.1,think,0.027386127875258286,0.04472135954999575,0.0,0.02738612787525832,0.0651920240520265,0.032937127870507774
1703.0,0.3,cot,0.022360679774997887,0.022360679774997935,0.0,0.022360679774997935,0.04183300132670381,0.021783008130339516
1703.0,0.3,direct,0.13693063937629152,0.022360679774997935,0.022360679774997838,0.04472135954999583,0.0,0.04527467169525663
1703.0,0.3,think,0.022360679774997887,0.0,0.027386127875258272,0.022360679774997866,0.022360679774997838,0.01889363344005037
1703.0,0.5,cot,0.022360679774997894,0.0,0.027386127875258258,0.022360679774997876,0.04472135954999582,0.023365769395049966
1703.0,0.5,direct,0.102469507659596,0.06519202405202651,0.03535533905932735,0.057008771254956916,0.04472135954999585,0.06094940031518052
1703.0,0.5,think,0.08215838362577493,0.02738612787525833,0.027386127875258258,0.0547722557505166,0.08944271909999159,0.056229122845359934
1703.0,0.7,cot,0.02236067977499789,0.0,0.022360679774997873,0.0570087712549569,0.06123724356957943,0.03259347487490642
1703.0,0.7,direct,0.21908902300206645,0.06519202405202651,0.0,0.06519202405202648,0.054772255750516655,0.08084906537132722
1703.0,0.7,think,0.07582875444051551,0.02738612787525833,0.02738612787525828,0.0418330013267038,0.08366600265340753,0.05122000283422869
1703.0,0.9,cot,0.03535533905932736,0.02738612787525832,0.022360679774997876,0.05477225575051663,0.02738612787525832,0.033452106067071705
1703.0,0.9,direct,0.08660254037844388,0.04183300132670377,0.022360679774997873,0.044721359549995836,0.05477225575051663,0.05005796735613159
1703.0,0.9,think,0.04183300132670376,0.02236067977499793,0.02738612787525824,0.05700877125495693,0.07582875444051553,0.04488346693448647
1720.0,0.1,cot,0.10954451150103325,0.022360679774997918,0.022360679774997838,0.06708203932499372,0.06123724356957942,0.05651703078912044
1720.0,0.1,direct,0.0,0.02738612787525833,0.02738612787525829,0.03535533905932736,0.022360679774997935,0.022497654916968382
1720.0,0.1,think,0.02236067977499789,0.02738612787525833,0.022360679774997866,0.02738612787525833,0.07582875444051551,0.03506447394820559
1720.0,0.3,cot,0.07582875444051551,0.04183300132670379,0.0,0.05700877125495692,0.08215838362577493,0.05136578212959023
1720.0,0.3,direct,0.0894427190999916,0.04183300132670378,0.054772255750516606,0.04183300132670374,0.022360679774997935,0.05004833145578273
1720.0,0.3,think,0.02236067977499789,0.022360679774997935,0.027386127875258275,0.022360679774997935,0.13874436925511607,0.04664250729107362
1720.0,0.5,cot,0.1341640786499874,0.022360679774997918,0.027386127875258258,0.0273861278752583,0.08215838362577493,0.05869107956025536
1720.0,0.5,direct,0.12041594578792296,0.054772255750516606,0.022360679774997876,0.04183300132670379,0.05477225575051666,0.05883082767813157
1720.0,0.5,think,0.108397416943394,0.022360679774997918,0.0,0.04472135954999578,0.10606601717798214,0.05630909468927396
1720.0,0.7,cot,0.11937336386313321,0.0,0.0,0.027386127875258286,0.054772255750516585,0.04030634949778162
1720.0,0.7,direct,0.04183300132670378,0.022360679774997918,0.04183300132670376,0.05477225575051666,0.022360679774997873,0.036631923590784
1720.0,0.7,think,0.02236067977499789,0.0,0.022360679774997866,0.022360679774997918,0.0894427190999916,0.03130495168499706
1720.0,0.9,cot,0.11510864433221342,0.02236067977499793,0.027386127875258286,0.0547722557505166,0.0547722557505166,0.05487999269670056
1720.0,0.9,direct,0.09617692030835673,0.07071067811865475,0.027386127875258286,0.04472135954999583,0.054772255750516655,0.058753468320556446
1720.0,0.9,think,0.10839741694339398,0.022360679774997935,0.02738612787525824,0.04183300132670378,0.1254990039801113,0.06509524598009304
1829.0,0.1,cot,0.02738612787525829,0.022360679774997935,0.0,0.022360679774997918,0.14747881203752622,0.04391725989255607
1829.0,0.1,direct,0.0,0.05,0.0,0.02738612787525833,0.0,0.015477225575051667
1829.0,0.1,think,0.0,0.027386127875258348,0.022360679774997866,0.027386127875258348,0.1060660171779821,0.03663979054069934
1829.0,0.3,cot,0.027386127875258286,0.02738612787525832,0.0,0.02236067977499793,0.0273861278752583,0.020903812680154565
1829.0,0.3,direct,0.11180339887498948,0.0670820393249937,0.027386127875258248,0.04472135954999585,0.04472135954999578,0.05914285703504661
1829.0,0.3,think,0.0,0.022360679774997918,0.022360679774997876,0.02738612787525833,0.12942179105544785,0.04030585569614039
1829.0,0.5,cot,0.07582875444051551,0.02738612787525832,0.044721359549995836,0.04183300132670376,0.06519202405202648,0.05099225344889998
1829.0,0.5,direct,0.022360679774997894,0.0,0.0,0.0,0.0,0.004472135954999579
1829.0,0.5,think,0.022360679774997904,0.04472135954999578,0.022360679774997866,0.04183300132670381,0.04999999999999997,0.036255144085339065
1829.0,0.7,cot,0.04472135954999579,0.04183300132670378,0.03535533905932737,0.02738612787525832,0.07582875444051551,0.04502491645036015
1829.0,0.7,direct,0.022360679774997887,0.07071067811865475,0.044721359549995836,0.04183300132670381,0.05700877125495691,0.04732689800506184
1829.0,0.7,think,0.035355339059327376,0.02738612787525833,0.0273861278752583,0.02738612787525833,0.061237243569579415,0.035750193250936355
1829.0,0.9,cot,0.022360679774997887,0.0,0.022360679774997876,0.0,0.12942179105544785,0.03482863012108872
1829.0,0.9,direct,0.02738612787525829,0.027386127875258317,0.0,0.04183300132670379,0.04472135954999582,0.028265323325443244
1829.0,0.9,think,0.04472135954999577,0.02738612787525833,0.0,0.02738612787525833,0.0961769203083567,0.03913410712177383
1839.0,0.1,cot,0.0,0.0,0.022360679774997918,0.022360679774997918,0.05477225575051663,0.019898723060102493
1839.0,0.1,direct,0.0,0.022360679774997935,0.0,0.0,0.0,0.004472135954999587
1839.0,0.1,think,0.0273861278752583,0.04472135954999578,0.06519202405202651,0.03535533905932733,0.0273861278752583,0.040008195682373245
1839.0,0.3,cot,0.0,0.022360679774997918,0.05700877125495691,0.0,0.07416198487095664,0.03070628718018229
1839.0,0.3,direct,0.02236067977499789,0.05477225575051662,0.0,0.04472135954999578,0.20124611797498107,0.06462008261009827
1839.0,0.3,think,0.027386127875258293,0.0707106781186547,0.04183300132670382,0.0,0.0547722557505166,0.038940412614226684
1839.0,0.5,cot,0.0,0.022360679774997873,0.06519202405202648,0.02738612787525833,0.05477225575051663,0.03394221749055986
1839.0,0.5,direct,0.022360679774997894,0.04183300132670378,0.0,0.0,0.20124611797498104,0.05308795981533654
1839.0,0.5,think,0.027386127875258293,0.12449899597988733,0.0570087712549569,0.022360679774997873,0.027386127875258303,0.05172814055207174
1839.0,0.7,cot,0.02236067977499789,0.0,0.07582875444051551,0.027386127875258317,0.10954451150103323,0.04702401471836099
1839.0,0.7,direct,0.02236067977499789,0.07582875444051551,0.05700877125495688,0.022360679774997935,0.2408318915758459,0.08367815536426282
1839.0,0.7,think,0.027386127875258293,0.022360679774997918,0.07071067811865477,0.04183300132670378,0.07582875444051551,0.047623848307226054
1839.0,0.9,cot,0.027386127875258293,0.14142135623730948,0.04472135954999582,0.02738612787525832,0.13509256086106297,0.07520150647977697
1839.0,0.9,direct,0.04472135954999577,0.15165750888103102,0.04472135954999582,0.022360679774997873,0.1949358868961793,0.09167935893043996
1839.0,0.9,think,0.04183300132670377,0.04472135954999577,0.07582875444051554,0.022360679774997935,0.04183300132670376,0.04531535928378335
1913.0,0.1,cot,0.027386127875258293,0.12449899597988731,0.1060660171779821,0.02738612787525832,0.11726039399558574,0.08051953258079436
1913.0,0.1,direct,0.02236067977499789,0.0,0.044721359549995836,0.0,0.20124611797498107,0.05366563145999496
1913.0,0.1,think,0.04183300132670377,0.02738612787525833,0.10368220676663861,0.0,0.12549900398011135,0.059680067989742416
1913.0,0.3,cot,0.0273861278752583,0.03535533905932737,0.02738612787525832,0.0,0.09354143466934854,0.03673380589583851
1913.0,0.3,direct,0.022360679774997894,0.022360679774997935,0.0570087712549569,0.02738612787525826,0.04472135954999578,0.034767523646041354
1913.0,0.3,think,0.0273861278752583,0.04472135954999578,0.11937336386313326,0.022360679774997838,0.15572411502397437,0.07391312921747191
1913.0,0.5,cot,0.04183300132670376,0.06519202405202647,0.0961769203083567,0.02738612787525824,0.11726039399558576,0.06956969351158618
1913.0,0.5,direct,0.027386127875258293,0.022360679774997918,0.050000000000000024,0.04472135954999579,0.04472135954999583,0.03783790535004957
1913.0,0.5,think,0.03535533905932737,0.05477225575051658,0.05700877125495691,0.02236067977499793,0.11726039399558574,0.0573514879670769
1913.0,0.7,cot,0.0273861278752583,0.1781852968120546,0.0670820393249937,0.022360679774997866,0.16807736313971613,0.09261830138540413
1913.0,0.7,direct,0.02236067977499789,0.0670820393249937,0.022360679774997935,0.04472135954999577,0.13416407864998736,0.05813776741499453
1913.0,0.7,think,0.04183300132670378,0.09082951062292473,0.06519202405202648,0.0,0.12942179105544788,0.06545526541142058
1913.0,0.9,cot,0.02236067977499789,0.05477225575051664,0.0570087712549569,0.0,0.05477225575051661,0.03778279250619761
1913.0,0.9,direct,0.027386127875258293,0.06519202405202647,0.022360679774997918,0.05,0.08944271909999159,0.05087631016045485
1913.0,0.9,think,0.04183300132670377,0.1396424004376894,0.08215838362577495,0.027386127875258286,0.08215838362577493,0.07463565937824027
1926.0,0.1,cot,0.0,0.0,0.0,0.022360679774997838,0.05477225575051661,0.01542658710510289
1926.0,0.1,direct,0.022360679774997894,0.05477225575051663,0.027386127875258258,0.022360679774997935,0.022360679774997894,0.02984808459015372
1926.0,0.1,think,0.0,0.02738612787525833,0.0,0.027386127875258265,0.0,0.010954451150103319
1926.0,0.3,cot,0.0,0.02738612787525833,0.0,0.027386127875258286,0.05477225575051664,0.021908902300206652
1926.0,0.3,direct,0.0273861278752583,0.06519202405202644,0.02738612787525833,0.02738612787525833,0.0273861278752583,0.03494730711061194
1926.0,0.3,think,0.10954451150103323,0.022360679774997918,0.022360679774997862,0.022360679774997918,0.049999999999999996,0.045325310165205385
1926.0,0.5,cot,0.0,0.02738612787525833,0.022360679774997918,0.04183300132670378,0.05477225575051663,0.029270412945495327
1926.0,0.5,direct,0.20432816741702547,0.04472135954999579,0.044721359549995836,0.0570087712549569,0.04472135954999578,0.07910020346439396
1926.0,0.5,think,0.08660254037844388,0.06123724356957945,0.04472135954999582,0.04183300132670375,0.0,0.04687882896494458
1926.0,0.7,cot,0.0273861278752583,0.022360679774997935,0.07582875444051554,0.027386127875258275,0.10246950765959602,0.05108623952512521
1926.0,0.7,direct,0.19493588689617927,0.04183300132670381,0.02738612787525833,0.02738612787525833,0.0547722557505166,0.06926267994478327
1926.0,0.7,think,0.0670820393249937,0.0,0.0,0.02738612787525829,0.022360679774997894,0.023365769395049977
1926.0,0.9,cot,0.05700877125495688,0.0,0.04472135954999582,0.0447213595499958,0.07416198487095664,0.04412269504518103
1926.0,0.9,direct,0.22360679774997896,0.0651920240520265,0.04183300132670373,0.04183300132670381,0.04472135954999578,0.08343723680108175
1926.0,0.9,think,0.035355339059327404,0.0,0.0,0.0,0.1151086443322134,0.030092796678308165
1932.0,0.1,cot,0.03535533905932737,0.13038404810405296,0.0,0.0,0.1,0.05314787743267606
1932.0,0.1,direct,0.022360679774997894,0.02738612787525833,0.03535533905932742,0.022360679774997838,0.2274862633215465,0.06698981796122559
1932.0,0.1,think,0.0273861278752583,0.08944271909999157,0.061237243569579485,0.04183300132670374,0.05477225575051663,0.054934269524409954
1932.0,0.3,cot,0.022360679774997894,0.13038404810405294,0.06123724356957947,0.027386127875258258,0.04183300132670379,0.05664022013011847
1932.0,0.3,direct,0.04183300132670376,0.0,0.050000000000000044,0.027386127875258286,0.24596747752497686,0.07303732134538779
1932.0,0.3,think,0.027386127875258293,0.08366600265340753,0.022360679774997935,0.04183300132670378,0.04472135954999578,0.043993434236072666
1932.0,0.5,cot,0.04183300132670376,0.08215838362577492,0.06519202405202648,0.022360679774997935,0.0570087712549569,0.053710572006892
1932.0,0.5,direct,0.04472135954999578,0.02738612787525831,0.04183300132670381,0.04183300132670374,0.18371173070873836,0.06789704415748
1932.0,0.5,think,0.02738612787525829,0.08366600265340754,0.041833001326703805,0.022360679774997876,0.07071067811865478,0.04919129794980446
1932.0,0.7,cot,0.04183300132670378,0.15,0.041833001326703825,0.02738612787525833,0.0670820393249937,0.06562683397073192
1932.0,0.7,direct,0.0,0.054772255750516634,0.022360679774997935,0.022360679774997918,0.08944271909999157,0.03778726688010081
1932.0,0.7,think,0.03535533905932737,0.08366600265340757,0.06519202405202651,0.03535533905932735,0.10954451150103325,0.0658226432650244
1932.0,0.9,cot,0.03535533905932737,0.08660254037844387,0.04183300132670378,0.0,0.11180339887498951,0.05511885592789291
1932.0,0.9,direct,0.04183300132670376,0.09082951062292476,0.027386127875258317,0.02738612787525829,0.24135036772294338,0.0857570270846177
1932.0,0.9,think,0.0,0.04472135954999578,0.022360679774997918,0.022360679774997918,0.0447213595499958,0.026832815729997482
2030.0,0.1,cot,0.0670820393249937,0.0,0.0,0.0,0.05700877125495687,0.02481816211599011
2030.0,0.1,direct,0.0,0.0,0.022360679774997873,0.022360679774997873,0.0,0.008944271909999149
2030.0,0.1,think,0.02738612787525829,0.022360679774997918,0.022360679774997838,0.035355339059327376,0.0,0.021492565296916285
2030.0,0.3,cot,0.02236067977499789,0.0,0.0,0.0,0.027386127875258286,0.009949361530051234
2030.0,0.3,direct,0.03535533905932738,0.02738612787525833,0.022360679774997918,0.022360679774997873,0.022360679774997918,0.025964701251915884
2030.0,0.3,think,0.022360679774997887,0.0,0.022360679774997876,0.054772255750516655,0.0,0.019898723060102482
2030.0,0.5,cot,0.02236067977499789,0.022360679774997918,0.022360679774997838,0.04183300132670375,0.13038404810405294,0.04785981775115007
2030.0,0.5,direct,0.027386127875258286,0.0,0.027386127875258258,0.027386127875258286,0.0,0.016431676725154963
2030.0,0.5,think,0.022360679774997894,0.0,0.027386127875258296,0.0,0.022360679774997838,0.014421497485050805
2030.0,0.7,cot,0.10368220676663864,0.0,0.0,0.0670820393249937,0.0447213595499958,0.04309712112832562
2030.0,0.7,direct,0.027386127875258293,0.022360679774997918,0.027386127875258275,0.022360679774997838,0.05477225575051662,0.03085317421020579
2030.0,0.7,think,0.04183300132670376,0.027386127875258317,0.027386127875258286,0.04183300132670373,0.23979157616563596,0.07564596691391201
2030.0,0.9,cot,0.09354143466934856,0.022360679774997935,0.04183300132670377,0.07071067811865477,0.13416407864998733,0.07252197450793847
2030.0,0.9,direct,0.02738612787525829,0.04472135954999577,0.0273861278752583,0.03535533905932736,0.04472135954999582,0.03591406278196711
2030.0,0.9,think,0.02236067977499789,0.0,0.022360679774997838,0.06519202405202651,0.06519202405202644,0.03502108153080974
2047.0,0.1,cot,0.0273861278752583,0.13038404810405296,0.02236067977499793,0.022360679774997866,0.0,0.04049830710586141
2047.0,0.1,direct,0.022360679774997894,0.04472135954999579,0.02738612787525833,0.02738612787525826,0.09746794344808966,0.04386444770471999
2047.0,0.1,think,0.0,0.02236067977499791,0.02738612787525833,0.027386127875258272,0.02236067977499789,0.01989872306010248
2047.0,0.3,cot,0.02236067977499789,0.1643167672515498,0.022360679774997935,0.03535533905932737,0.0447213595499958,0.05782296508217376
2047.0,0.3,direct,0.0273861278752583,0.08366600265340755,0.027386127875258317,0.022360679774997918,0.19493588689617933,0.0711469650150203
2047.0,0.3,think,0.0,0.0,0.02738612787525833,0.027386127875258286,0.0,0.010954451150103323
2047.0,0.5,cot,0.0,0.08366600265340754,0.02236067977499793,0.022360679774997876,0.02236067977499791,0.03014960839568025
2047.0,0.5,direct,0.0273861278752583,0.08944271909999157,0.04183300132670381,0.027386127875258272,0.0821583836257749,0.05364127196059737
2047.0,0.5,think,0.0,0.05477225575051662,0.02738612787525833,0.027386127875258265,0.0,0.02190890230020664
2047.0,0.7,cot,0.022360679774997894,0.14142135623730948,0.022360679774997876,0.044721359549995766,0.07071067811865477,0.06031495069119115
2047.0,0.7,direct,0.022360679774997894,0.054772255750516585,0.02738612787525833,0.027386127875258296,0.13416407864998733,0.05321385398520369
2047.0,0.7,think,0.0,0.0,0.044721359549995836,0.02738612787525829,0.022360679774997894,0.018893633440050402
2047.0,0.9,cot,0.027386127875258293,0.07071067811865478,0.027386127875258317,0.0,0.16431676725154984,0.057959940224144246
2047.0,0.9,direct,0.027386127875258293,0.08944271909999159,0.07071067811865478,0.02738612787525824,0.21965882636488795,0.08691689586681017
2047.0,0.9,think,0.02236067977499789,0.11401754250991378,0.08215838362577493,0.05477225575051661,0.0670820393249937,0.06807818019723938
