person_id,temperature,reasoning,pred_extraversion,pred_agreeableness,pred_conscientiousness,pred_neuroticism,pred_openness,mean_trait_std
30.0,0.1,cot,0.0894427190999916,0.0,0.0,0.027386127875258313,0.04183300132670374,0.03173236966039074
30.0,0.1,direct,0.022360679774997862,0.022360679774997862,0.02738612787525831,0.0,0.0,0.014421497485050807
30.0,0.1,think,0.0353553390593274,0.0,0.0,0.0,0.0,0.00707106781186548
30.0,0.3,cot,0.022360679774997838,0.02738612787525833,0.0,0.0,0.02738612787525828,0.01542658710510289
30.0,0.3,direct,0.027386127875258296,0.02738612787525824,0.027386127875258317,0.027386127875258306,0.0,0.02190890230020663
30.0,0.3,think,0.09746794344808962,0.0,0.0,0.022360679774997914,0.04472135954999581,0.03290999655461667
30.0,0.5,cot,0.1036822067666386,0.05477225575051663,0.0,0.027386127875258317,0.02738612787525833,0.042645343653534375
30.0,0.5,direct,0.022360679774997918,0.022360679774997935,0.02738612787525833,0.03535533905932738,0.05477225575051666,0.03244701644701965
30.0,0.5,think,0.2073644135332772,0.02738612787525833,0.02738612787525833,0.027386127875258313,0.04183300132670374,0.06627115969715118
30.0,0.7,cot,0.18165902124584946,0.0,0.02738612787525833,0.0223606797749979,0.05700877125495687,0.057682920030212505
30.0,0.7,direct,0.022360679774997918,0.022360679774997935,0.02738612787525833,0.022360679774997894,0.03535533905932736,0.02596470125191589
30.0,0.7,think,0.15572411502397435,0.02738612787525833,0.0,0.02738612787525831,0.04183300132670381,0.050465874420238956
30.0,0.9,cot,0.11510864433221334,0.05700877125495691,0.02738612787525833,0.04183300132670378,0.05477225575051666,0.0592217601079298
30.0,0.9,direct,0.10954451150103321,0.041833001326703784,0.022360679774997935,0.022360679774997914,0.06123724356957943,0.05146722318946245
30.0,0.9,think,0.19685019685029526,0.027386127875258317,0.0,0.0,0.07416198487095663,0.05967966191930204
57.0,0.1,cot,0.0,0.0,0.0,0.0,0.0670820393249937,0.01341640786499874
57.0,0.1,direct,0.022360679774997873,0.044721359549995836,0.022360679774997918,0.0,0.04472135954999578,0.026832815729997482
57.0,0.1,think,0.022360679774997862,0.022360679774997862,0.027386127875258286,0.027386127875258313,0.022360679774997918,0.024370859015102046
57.0,0.3,cot,0.0,0.0,0.022360679774997935,0.0,0.130384048104053,0.030548945575810182
57.0,0.3,direct,0.027386127875258286,0.027386127875258258,0.04183300132670376,0.03535533905932737,0.12549900398011132,0.051491920023331805
57.0,0.3,think,0.044721359549995794,0.02738612787525828,0.04999999999999999,0.027386127875258317,0.05700877125495688,0.041300477311093854
57.0,0.5,cot,0.130384048104053,0.027386127875258248,0.022360679774997935,0.0273861278752583,0.15572411502397435,0.07264821973070837
57.0,0.5,direct,0.2583602136552763,0.05700877125495691,0.02738612787525833,0.022360679774997894,0.22912878474779197,0.11884891546165628
57.0,0.5,think,0.027386127875258286,0.035355339059327404,0.022360679774997918,0.027386127875258313,0.02738612787525833,0.02797488049202005
57.0,0.7,cot,0.2583602136552763,0.04183300132670375,0.022360679774997935,0.022360679774997887,0.1890767040118904,0.10679825570877326
57.0,0.7,direct,0.06123724356957945,0.03535533905932739,0.04183300132670378,0.0447213595499958,0.21621748310439654,0.07987288532200058
57.0,0.7,think,0.022360679774997862,0.04999999999999998,0.0,0.027386127875258324,0.07905694150420944,0.03576074983089313
57.0,0.9,cot,0.2382225849914319,0.04472135954999577,0.02738612787525833,0.04183300132670378,0.05477225575051663,0.08138706589878128
57.0,0.9,direct,0.2761340254296815,0.041833001326703756,0.041833001326703784,0.027386127875258313,0.12449899597988735,0.10233703038764694
57.0,0.9,think,0.1732050807568877,0.04472135954999578,0.0,0.02738612787525831,0.1643167672515498,0.08192586708673832
66.0,0.1,cot,0.0,0.05477225575051658,0.0,0.0,0.022360679774997918,0.015426587105102899
66.0,0.1,direct,0.027386127875258293,0.08215838362577492,0.022360679774997918,0.027386127875258313,0.027386127875258303,0.03733548940530955
66.0,0.1,think,0.02236067977499793,0.04472135954999583,0.0,0.0,0.05477225575051661,0.024370859015102074
66.0,0.3,cot,0.2413503677229434,0.08366600265340758,0.0,0.25248762345905196,0.130384048104053,0.14157760838789119
66.0,0.3,direct,0.0,0.0670820393249937,0.0,0.022360679774997907,0.15411035007422444,0.04871061383484321
66.0,0.3,think,0.11726039399558574,0.041833001326703805,0.0,0.0,0.18907670401189036,0.06963401986683598
66.0,0.5,cot,0.2413503677229434,0.03535533905932735,0.022360679774997918,0.027386127875258313,0.13038404810405296,0.09136731250731597
66.0,0.5,direct,0.022360679774997894,0.04472135954999579,0.0,0.0223606797749979,0.06123724356957946,0.03013599253391421
66.0,0.5,think,0.20796634343085418,0.06519202405202651,0.04183300132670377,0.03535533905932738,0.2588435821108957,0.12183805799596151
66.0,0.7,cot,0.22638462845343543,0.18708286933869706,0.05477225575051663,0.25248762345905196,0.1557241150239744,0.1752902984051351
66.0,0.7,direct,0.282842712474619,0.044721359549995836,0.0,0.027386127875258317,0.2109502310972899,0.11318008619943261
66.0,0.7,think,0.21505813167606566,0.0570087712549569,0.0447213595499958,0.07071067811865475,0.15247950681976913,0.10799568948388845
66.0,0.9,cot,0.1274754878398196,0.0866025403784439,0.06708203932499372,0.23611437906235186,0.15572411502397437,0.1345997123259167
66.0,0.9,direct,0.282842712474619,0.03535533905932741,0.022360679774997918,0.0,0.057008771254956875,0.07951350051278024
66.0,0.9,think,0.15968719422671313,0.10839741694339398,0.06708203932499371,0.1788854381999832,0.14747881203752625,0.13230618014652207
71.0,0.1,cot,0.1140175425099138,0.044721359549995836,0.0,0.0,0.07582875444051551,0.046913531300085035
71.0,0.1,direct,0.04183300132670372,0.027386127875258286,0.04472135954999579,0.027386127875258313,0.05700877125495691,0.0396670775764346
71.0,0.1,think,0.022360679774997935,0.04472135954999578,0.022360679774997862,0.0,0.02738612787525833,0.02336576939504998
71.0,0.3,cot,0.08366600265340757,0.07582875444051548,0.0,0.04472135954999579,0.1457737973711325,0.06999798280301026
71.0,0.3,direct,0.07582875444051553,0.027386127875258286,0.022360679774997862,0.0,0.022360679774997918,0.029587248373153918
71.0,0.3,think,0.06708203932499371,0.0,0.0353553390593274,0.0223606797749979,0.10368220676663858,0.04569605298519151
71.0,0.5,cot,0.13038404810405294,0.054772255750516606,0.022360679774997876,0.0,0.12041594578792296,0.06558658588349807
71.0,0.5,direct,0.06519202405202648,0.022360679774997862,0.022360679774997935,0.027386127875258324,0.04472135954999577,0.036404174205455275
71.0,0.5,think,0.03535533905932742,0.04183300132670381,0.022360679774997918,0.0273861278752583,0.041833001326703805,0.03375362987259825
71.0,0.7,cot,0.20186629238186352,0.04183300132670372,0.022360679774997935,0.022360679774997914,0.11937336386313323,0.08155880342433927
71.0,0.7,direct,0.04472135954999579,0.022360679774997838,0.02738612787525833,0.027386127875258317,0.0741619848709566,0.039203255989293376
71.0,0.7,think,0.2079663434308542,0.050000000000000044,0.0,0.022360679774997894,0.027386127875258272,0.06154263021622208
71.0,0.9,cot,0.09746794344808961,0.054772255750516634,0.0,0.0,0.09746794344808965,0.04994162852933918
71.0,0.9,direct,0.03535533905932742,0.06519202405202651,0.02738612787525833,0.05477225575051661,0.13416407864998742,0.06337396507742325
71.0,0.9,think,0.23291629397704236,0.04183300132670374,0.0,0.11937336386313324,0.05700877125495689,0.09022628608436725
101.0,0.1,cot,0.027386127875258258,0.04183300132670378,0.02738612787525833,0.0223606797749979,0.050000000000000024,0.03379318737044366
101.0,0.1,direct,0.07582875444051553,0.02236067977499793,0.0,0.0,0.03535533905932735,0.026708954654968163
101.0,0.1,think,0.022360679774997887,0.022360679774997935,0.022360679774997904,0.0223606797749979,0.02738612787525833,0.023365769395049994
101.0,0.3,cot,0.027386127875258265,0.04183300132670374,0.022360679774997935,0.02738612787525831,0.0821583836257749,0.04022486409559863
101.0,0.3,direct,0.17464249196572978,0.027386127875258317,0.0,0.0,0.03535533905932735,0.04747679178006309
101.0,0.3,think,0.10839741694339398,0.022360679774997873,0.035355339059327376,0.027386127875258306,0.02738612787525833,0.04417713830564717
101.0,0.5,cot,0.022360679774997918,0.022360679774997838,0.02738612787525833,0.027386127875258317,0.06708203932499367,0.033315130925101216
101.0,0.5,direct,0.10954451150103321,0.035355339059327404,0.0,0.0,0.049999999999999996,0.03897997011207212
101.0,0.5,think,0.022360679774997873,0.022360679774997873,0.022360679774997918,0.0223606797749979,0.022360679774997918,0.0223606797749979
101.0,0.7,cot,0.11401754250991376,0.044721359549995836,0.0,0.02738612787525832,0.07582875444051547,0.05239075687513668
101.0,0.7,direct,0.04472135954999579,0.022360679774997838,0.02738612787525833,0.02738612787525831,0.08660254037844382,0.04169136709079082
101.0,0.7,think,0.04472135954999579,0.027386127875258248,0.035355339059327376,0.027386127875258313,0.05,0.036969790871967945
101.0,0.9,cot,0.16046806535881214,0.054772255750516606,0.041833001326703756,0.027386127875258313,0.05477225575051661,0.06784634121236148
101.0,0.9,direct,0.04183300132670374,0.027386127875258248,0.04472135954999578,0.027386127875258317,0.07416198487095663,0.043097720299634545
101.0,0.9,think,0.14577379737113252,0.041833001326703735,0.022360679774997904,0.02738612787525831,0.04183300132670376,0.05583732153495925
112.0,0.1,cot,0.08660254037844388,0.022360679774997873,0.022360679774997918,0.022360679774997894,0.10839741694339403,0.05241639932936633
112.0,0.1,direct,0.0,0.0,0.0,0.0,0.0,0.0
112.0,0.1,think,0.3286335345030997,0.022360679774997918,0.02738612787525833,0.027386127875258313,0.02738612787525833,0.08663051958077451
112.0,0.3,cot,0.08944271909999156,0.027386127875258275,0.022360679774997935,0.0273861278752583,0.16355427233796122,0.06602598539269346
112.0,0.3,direct,0.21505813167606558,0.0,0.02738612787525831,0.02738612787525831,0.0894427190999916,0.07185462130531477
112.0,0.3,think,0.2924038303442689,0.02236067977499793,0.022360679774997935,0.03535533905932737,0.054772255750516606,0.08545055694082175
112.0,0.5,cot,0.1823458252881047,0.0651920240520265,0.027386127875258317,0.022360679774997887,0.08215838362577489,0.07588860812323245
112.0,0.5,direct,0.14404860290887933,0.044721359549995836,0.02738612787525833,0.0223606797749979,0.0836660026534075,0.06443655455250777
112.0,0.5,think,0.2539685019840059,0.03535533905932736,0.02738612787525832,0.03535533905932738,0.05700877125495693,0.08181481584657517
112.0,0.7,cot,0.20736441353327723,0.027386127875258286,0.022360679774997935,0.022360679774997894,0.1767766952966369,0.09124971925103365
112.0,0.7,direct,0.282842712474619,0.044721359549995836,0.02738612787525833,0.04472135954999579,0.17535677916750184,0.11500566772347416
112.0,0.7,think,0.07416198487095658,0.04183300132670377,0.022360679774997918,0.03535533905932738,0.1673320053068151,0.06820860206776017
112.0,0.9,cot,0.22192341021172152,0.027386127875258272,0.022360679774997918,0.0,0.1903943276465977,0.09241290910171508
112.0,0.9,direct,0.12747548783981963,0.022360679774997935,0.0,0.027386127875258317,0.15572411502397437,0.06658928210281005
112.0,0.9,think,0.203100960115899,0.035355339059327404,0.02738612787525833,0.04183300132670379,0.04183300132670377,0.06990168594077847
125.0,0.1,cot,0.06519202405202648,0.08944271909999156,0.0,0.20432816741702547,0.10246950765959599,0.0922864836457279
125.0,0.1,direct,0.27477263328068174,0.11401754250991382,0.022360679774997918,0.24135036772294338,0.15247950681976913,0.16099614602166118
125.0,0.1,think,0.13693063937629157,0.04183300132670376,0.02738612787525826,0.10954451150103317,0.027386127875258258,0.06861608159090901
125.0,0.3,cot,0.06519202405202652,0.04183300132670374,0.0,0.20124611797498104,0.18574175621006708,0.09880257991275568
125.0,0.3,direct,0.05477225575051658,0.0,0.0,0.0,0.04472135954999577,0.019898723060102468
125.0,0.3,think,0.11726039399558576,0.07071067811865475,0.04183300132670377,0.1341640786499874,0.09617692030835671,0.09202901447985769
125.0,0.5,cot,0.06708203932499371,0.022360679774997918,0.022360679774997873,0.22912878474779202,0.10368220676663861,0.08892287807788404
125.0,0.5,direct,0.2797320146139873,0.09617692030835674,0.035355339059327376,0.22527760652137618,0.1781852968120546,0.16294543546302045
125.0,0.5,think,0.11937336386313323,0.0894427190999916,0.02738612787525828,0.10368220676663861,0.04183300132670376,0.0763434837863451
125.0,0.7,cot,0.135092560861063,0.11180339887498947,0.0,0.18371173070873834,0.16807736313971613,0.11973701071690139
125.0,0.7,direct,0.2683281572999748,0.11180339887498948,0.02738612787525833,0.2806243040080456,0.0447213595499958,0.1465726695216528
125.0,0.7,think,0.15572411502397437,0.07582875444051551,0.04472135954999578,0.17535677916750184,0.13874436925511607,0.11807507548742073
125.0,0.9,cot,0.19557607215607947,0.15572411502397435,0.0,0.11937336386313323,0.13416407864998733,0.12096752593863488
125.0,0.9,direct,0.2138924963620744,0.022360679774997862,0.022360679774997918,0.18574175621006708,0.0961769203083567,0.10810650648609879
125.0,0.9,think,0.1431782106327635,0.04183300132670376,0.02738612787525829,0.11937336386313326,0.11401754250991379,0.08915764924155453
129.0,0.1,cot,0.0447213595499958,0.0447213595499958,0.022360679774997876,0.0,0.06708203932499368,0.03577708763999663
129.0,0.1,direct,0.02236067977499789,0.054772255750516585,0.022360679774997862,0.0,0.14747881203752625,0.04939448546760772
129.0,0.1,think,0.022360679774997894,0.09746794344808964,0.03535533905932741,0.022360679774997876,0.24647515087732474,0.08480395858694752
129.0,0.3,cot,0.07582875444051551,0.054772255750516634,0.022360679774997873,0.02738612787525833,0.14404860290887936,0.06487928415003355
129.0,0.3,direct,0.05477225575051661,0.10954451150103323,0.06123724356957947,0.022360679774997935,0.10246950765959599,0.07007683965114465
129.0,0.3,think,0.06519202405202647,0.11510864433221338,0.04183300132670375,0.044721359549995766,0.13509256086106294,0.08038951802440046
129.0,0.5,cot,0.0447213595499958,0.05000000000000003,0.022360679774997876,0.04183300132670379,0.02236067977499789,0.03625514408533908
129.0,0.5,direct,0.0,0.09999999999999999,0.0651920240520265,0.022360679774997935,0.027386127875258313,0.04298776634045655
129.0,0.5,think,0.0273861278752583,0.08366600265340753,0.04183300132670378,0.0,0.1890767040118904,0.06839236717345201
129.0,0.7,cot,0.0570087712549569,0.04472135954999581,0.022360679774997876,0.022360679774997904,0.14142135623730953,0.057574569318451604
129.0,0.7,direct,0.03535533905932738,0.08215838362577493,0.09617692030835671,0.0,0.14404860290887936,0.07154784918046768
129.0,0.7,think,0.04183300132670376,0.10954451150103323,0.06123724356957945,0.04472135954999577,0.216794833886788,0.09482618996682005
129.0,0.9,cot,0.05477225575051661,0.044721359549995815,0.06519202405202652,0.02738612787525832,0.0547722557505166,0.04936880459566277
129.0,0.9,direct,0.0,0.14832396974191325,0.06519202405202651,0.027386127875258317,0.18371173070873836,0.0849227704755873
129.0,0.9,think,0.04999999999999999,0.15165750888103102,0.035355339059327376,0.0447213595499958,0.17320508075688773,0.09098785764944838
189.0,0.1,cot,0.04472135954999579,0.05,0.0,0.02236067977499793,0.10246950765959599,0.043910309396917944
189.0,0.1,direct,0.0,0.0,0.0,0.022360679774997935,0.0,0.004472135954999587
189.0,0.1,think,0.08366600265340757,0.035355339059327376,0.0,0.022360679774997918,0.16955824957813173,0.062188054213172916
189.0,0.3,cot,0.04183300132670381,0.08366600265340753,0.0273861278752583,0.02738612787525832,0.0670820393249937,0.04947065981112433
189.0,0.3,direct,0.12942179105544785,0.0758287544405155,0.0,0.04472135954999583,0.17102631376487065,0.08419964376216596
189.0,0.3,think,0.07582875444051548,0.05477225575051661,0.03535533905932735,0.027386127875258317,0.14832396974191325,0.0683332893735062
189.0,0.5,cot,0.07582875444051551,0.0758287544405155,0.022360679774997918,0.04183300132670377,0.1396424004376894,0.07109871808408444
189.0,0.5,direct,0.10839741694339398,0.04472135954999577,0.022360679774997866,0.054772255750516606,0.1857417562100671,0.08319869364579427
189.0,0.5,think,0.04183300132670376,0.04999999999999998,0.022360679774997873,0.03535533905932737,0.0223606797749979,0.03438193998720537
189.0,0.7,cot,0.0223606797749979,0.06519202405202641,0.027386127875258275,0.03535533905932742,0.09617692030835674,0.049294218213993345
189.0,0.7,direct,0.027386127875258293,0.02738612787525833,0.022360679774997876,0.027386127875258248,0.20493901531919198,0.06189161574399295
189.0,0.7,think,0.06708203932499368,0.0894427190999916,0.027386127875258275,0.04183300132670377,0.027386127875258303,0.050626003100441117
189.0,0.9,cot,0.041833001326703805,0.0894427190999916,0.022360679774997876,0.027386127875258348,0.0223606797749979,0.0406766415703899
189.0,0.9,direct,0.23979157616563596,0.10606601717798213,0.022360679774997876,0.0651920240520265,0.1341640786499874,0.11351487516412598
189.0,0.9,think,0.04472135954999577,0.10368220676663856,0.027386127875258258,0.04472135954999584,0.13038404810405296,0.07017902036918829
211.0,0.1,cot,0.027386127875258293,0.0,0.02738612787525833,0.0,0.04183300132670376,0.01932105141544408
211.0,0.1,direct,0.0,0.05477225575051663,0.044721359549995836,0.0,0.0,0.019898723060102493
211.0,0.1,think,0.0447213595499958,0.0,0.022360679774997876,0.04183300132670377,0.04183300132670378,0.030149608395680243
211.0,0.3,cot,0.027386127875258293,0.0,0.02738612787525833,0.04472135954999578,0.027386127875258293,0.02537594863515414
211.0,0.3,direct,0.0,0.054772255750516606,0.0,0.0447213595499958,0.0,0.01989872306010248
211.0,0.3,think,0.0,0.04472135954999583,0.04472135954999582,0.022360679774997918,0.022360679774997894,0.026832815729997496
211.0,0.5,cot,0.0570087712549569,0.09746794344808962,0.022360679774997873,0.04999999999999995,0.02738612787525829,0.05084470447066053
211.0,0.5,direct,0.08944271909999159,0.0547722557505166,0.022360679774997918,0.022360679774997873,0.14317821063276354,0.06642290900665351
211.0,0.5,think,0.04472135954999577,0.08366600265340757,0.05700877125495693,0.0,0.022360679774997894,0.041551362646671634
211.0,0.7,cot,0.07071067811865474,0.07071067811865478,0.035355339059327355,0.05477225575051659,0.022360679774997894,0.050781926164430266
211.0,0.7,direct,0.022360679774997894,0.08944271909999157,0.02236067977499793,0.02738612787525829,0.027386127875258293,0.0377872668801008
211.0,0.7,think,0.0,0.0547722557505166,0.03535533905932736,0.02738612787525824,0.02236067977499789,0.027974880492020016
211.0,0.9,cot,0.054772255750516606,0.044721359549995815,0.02738612787525826,0.0273861278752583,0.10368220676663861,0.05158961556353352
211.0,0.9,direct,0.0,0.0,0.022360679774997918,0.0,0.1746424919657298,0.039400634348145544
211.0,0.9,think,0.022360679774997894,0.08366600265340757,0.05700877125495691,0.0273861278752583,0.1746424919657298,0.07301281470487009
212.0,0.1,cot,0.07582875444051551,0.16431676725154984,0.0,0.10246950765959596,0.216794833886788,0.11188197264768987
212.0,0.1,direct,0.04183300132670376,0.027386127875258317,0.027386127875258265,0.022360679774997935,0.04183300132670376,0.032159787635784406
212.0,0.1,think,0.13509256086106297,0.09082951062292469,0.027386127875258275,0.027386127875258317,0.2247220505424423,0.10108327555538929
212.0,0.3,cot,0.02236067977499789,0.11401754250991379,0.022360679774997862,0.022360679774997935,0.054772255750516606,0.04717436751708482
212.0,0.3,direct,0.04183300132670376,0.022360679774997935,0.02738612787525829,0.02738612787525832,0.18234582528810472,0.06026235242806462
212.0,0.3,think,0.0273861278752583,0.04472135954999579,0.027386127875258265,0.04183300132670381,0.0,0.02826532332544323
212.0,0.5,cot,0.0651920240520265,0.14747881203752625,0.022360679774997862,0.28372521918222215,0.05477225575051662,0.11470579815945788
212.0,0.5,direct,0.06519202405202647,0.04999999999999998,0.02738612787525829,0.022360679774997935,0.06123724356957945,0.045235215054372425
212.0,0.5,think,0.0273861278752583,0.04472135954999577,0.022360679774997873,0.027386127875258317,0.05477225575051663,0.03532531016520538
212.0,0.7,cot,0.09354143466934853,0.151657508881031,0.0,0.28591956910991595,0.1541103500742244,0.137045772546904
212.0,0.7,direct,0.022360679774997894,0.05,0.027386127875258286,0.0,0.0547722557505166,0.030903812680154553
212.0,0.7,think,0.12942179105544788,0.17175564037317667,0.02738612787525833,0.1244989959798873,0.16583123951776998,0.12377875896030803
212.0,0.9,cot,0.07071067811865474,0.16955824957813168,0.0,0.27018512172212594,0.12942179105544785,0.12797516809487203
212.0,0.9,direct,0.04183300132670377,0.0908295106229247,0.0,0.02738612787525833,0.09082951062292477,0.050175630089562315
212.0,0.9,think,0.07416198487095661,0.1095445115010332,0.027386127875258272,0.09354143466934854,0.0447213595499958,0.06987108369331849
221.0,0.1,cot,0.10954451150103321,0.10606601717798218,0.02738612787525833,0.027386127875258324,0.203100960115899,0.09469674890908622
221.0,0.1,direct,0.2549509756796392,0.04183300132670374,0.0,0.027386127875258317,0.22192341021172146,0.10921870301866454
221.0,0.1,think,0.061237243569579464,0.0,0.0,0.0,0.08215838362577489,0.028679125439070873
221.0,0.3,cot,0.14404860290887936,0.15572411502397435,0.02738612787525833,0.027386127875258317,0.10368220676663861,0.0916454360900018
221.0,0.3,direct,0.044721359549995766,0.02738612787525824,0.022360679774997935,0.027386127875258324,0.17102631376487068,0.05857612176807618
221.0,0.3,think,0.12041594578792301,0.027386127875258317,0.0,0.0,0.027386127875258317,0.035037640307687926
221.0,0.5,cot,0.11401754250991379,0.07582875444051554,0.0,0.02738612787525832,0.07582875444051548,0.05861223585324062
221.0,0.5,direct,0.08660254037844382,0.057008771254956896,0.0,0.02738612787525831,0.151657508881031,0.064530989677938
221.0,0.5,think,0.15165750888103108,0.02738612787525832,0.0,0.0,0.06123724356957947,0.048056176065173775
221.0,0.7,cot,0.1244989959798873,0.03535533905932733,0.022360679774997904,0.0447213595499958,0.15572411502397435,0.07653209787763653
221.0,0.7,direct,0.24596747752497686,0.044721359549995836,0.022360679774997918,0.022360679774997907,0.18907670401189033,0.10489738012737175
221.0,0.7,think,0.17535677916750184,0.027386127875258317,0.0,0.0,0.022360679774997904,0.04502071736355161
221.0,0.9,cot,0.17464249196572978,0.0790569415042095,0.022360679774997904,0.022360679774997894,0.14832396974191325,0.08934895255236966
221.0,0.9,direct,0.26315394733881536,0.04472135954999585,0.022360679774997935,0.02738612787525832,0.20493901531919195,0.11251222597165186
221.0,0.9,think,0.22248595461286994,0.17677669529663684,0.022360679774997887,0.022360679774997894,0.13509256086106297,0.11581531406411312
234.0,0.1,cot,0.02738612787525826,0.027386127875258275,0.02738612787525833,0.027386127875258317,0.12747548783981963,0.047403999868170565
234.0,0.1,direct,0.06519202405202648,0.022360679774997866,0.027386127875258317,0.022360679774997907,0.04472135954999577,0.036404174205455275
234.0,0.1,think,0.0,0.0,0.0,0.0,0.02738612787525832,0.005477225575051664
234.0,0.3,cot,0.035355339059327355,0.027386127875258296,0.027386127875258317,0.022360679774997907,0.12942179105544785,0.04838201312805794
234.0,0.3,direct,0.24849547279578352,0.03535533905932742,0.022360679774997918,0.2434132288927617,0.04472135954999579,0.11886921601457327
234.0,0.3,think,0.04472135954999578,0.022360679774997876,0.04183300132670378,0.0223606797749979,0.05700877125495686,0.03765689833633044
234.0,0.5,cot,0.04183300132670376,0.06123724356957945,0.02738612787525833,0.02738612787525831,0.13038404810405296,0.05764530975017057
234.0,0.5,direct,0.27248853186877425,0.04183300132670381,0.022360679774997935,0.2701851217221259,0.09082951062292476,0.13953936906310532
234.0,0.5,think,0.2797320146139873,0.035355339059327404,0.0,0.027386127875258317,0.04183300132670382,0.07686129657505536
234.0,0.7,cot,0.25248762345905196,0.04472135954999577,0.02738612787525832,0.022360679774997907,0.1431782106327635,0.09802680025841348
234.0,0.7,direct,0.2583602136552763,0.05700877125495693,0.022360679774997918,0.24596747752497686,0.02738612787525829,0.12221665401709325
234.0,0.7,think,0.26551836094703507,0.0,0.02738612787525833,0.02738612787525831,0.02738612787525833,0.069535348914562
234.0,0.9,cot,0.2747726332806817,0.05700877125495691,0.02738612787525833,0.10839741694339401,0.1949358868961793,0.13250016725009406
234.0,0.9,direct,0.21679483388678802,0.05700877125495692,0.022360679774997918,0.23979157616563598,0.06123724356957947,0.11943862093039166
234.0,0.9,think,0.17818529681205458,0.04183300132670375,0.027386127875258317,0.16955824957813173,0.07582875444051554,0.09855828600653278
240.0,0.1,cot,0.0273861278752583,0.05000000000000002,0.0,0.0,0.14832396974191328,0.045142019523434315
240.0,0.1,direct,0.022360679774997894,0.10954451150103321,0.022360679774997887,0.0273861278752583,0.24899799195977465,0.08612999817721238
240.0,0.1,think,0.0447213595499958,0.05477225575051661,0.022360679774997838,0.022360679774997918,0.1788854381999832,0.06462008261009827
240.0,0.3,cot,0.05477225575051661,0.054772255750516634,0.027386127875258272,0.02738612787525833,0.16955824957813173,0.06677500336593631
240.0,0.3,direct,0.022360679774997894,0.0670820393249937,0.022360679774997935,0.0,0.07582875444051554,0.03752643066310101
240.0,0.3,think,0.022360679774997894,0.130384048104053,0.022360679774997873,0.022360679774997873,0.2162174831043965,0.08273671410668862
240.0,0.5,cot,0.07582875444051551,0.0894427190999916,0.0447213595499958,0.0273861278752583,0.21679483388678802,0.09083475897050985
240.0,0.5,direct,0.04472135954999579,0.09354143466934854,0.022360679774997838,0.044721359549995794,0.2382225849914319,0.08871348370715397
240.0,0.5,think,0.04999999999999999,0.10246950765959602,0.022360679774997873,0.04472135954999578,0.2109502310972899,0.0861003556163759
240.0,0.7,cot,0.04183300132670376,0.13416407864998736,0.02738612787525829,0.02738612787525829,0.1781852968120546,0.08179092650785247
240.0,0.7,direct,0.022360679774997894,0.1140175425099138,0.02738612787525829,0.022360679774997876,0.1767766952966369,0.07258034504636095
240.0,0.7,think,0.0547722557505166,0.19235384061671346,0.022360679774997838,0.022360679774997887,0.2219234102117214,0.10275417322578943
240.0,0.9,cot,0.0894427190999916,0.11937336386313319,0.02738612787525826,0.04472135954999575,0.15572411502397437,0.08732953708247063
240.0,0.9,direct,0.04183300132670376,0.06519202405202655,0.022360679774997866,0.02738612787525826,0.02738612787525833,0.03683159218084896
240.0,0.9,think,0.02236067977499789,0.14832396974191325,0.027386127875258296,0.02738612787525829,0.20124611797498107,0.08534060464848177
290.0,0.1,cot,0.0273861278752583,0.02738612787525832,0.022360679774997876,0.02738612787525833,0.11510864433221338,0.04392554154659724
290.0,0.1,direct,0.0,0.022360679774997873,0.022360679774997873,0.022360679774997918,0.027386127875258317,0.0188936334400504
290.0,0.1,think,0.07582875444051551,0.02738612787525833,0.0,0.0,0.0,0.02064297646315477
290.0,0.3,cot,0.057008771254956875,0.027386127875258348,0.022360679774997918,0.02738612787525833,0.10839741694339401,0.048507824744773095
290.0,0.3,direct,0.0,0.049999999999999996,0.0,0.04472135954999581,0.022360679774997918,0.023416407864998746
290.0,0.3,think,0.11937336386313324,0.07416198487095663,0.0,0.054772255750516655,0.04183300132670376,0.05802812116226206
290.0,0.5,cot,0.05700877125495689,0.1440486029088793,0.0,0.022360679774997873,0.17888543819998318,0.08046069842776345
290.0,0.5,direct,0.04999999999999999,0.06519202405202647,0.022360679774997918,0.054772255750516606,0.15247950681976907,0.068960893279462
290.0,0.5,think,0.22638462845343543,0.054772255750516585,0.02738612787525829,0.057008771254956916,0.022360679774997935,0.07758249262183303
290.0,0.7,cot,0.04183300132670376,0.06519202405202645,0.02738612787525829,0.035355339059327376,0.23345235059857503,0.08064376858237818
290.0,0.7,direct,0.0,0.06708203932499372,0.02738612787525828,0.02738612787525828,0.14404860290887933,0.05318057959687792
290.0,0.7,think,0.0670820393249937,0.05477225575051658,0.022360679774997838,0.04999999999999998,0.04183300132670374,0.04720959523544237
290.0,0.9,cot,0.057008771254956875,0.15411035007422444,0.02738612787525826,0.06123724356957944,0.11510864433221339,0.08297022742124649
290.0,0.9,direct,0.03535533905932738,0.07582875444051548,0.02738612787525829,0.04183300132670374,0.1060660171779821,0.0572938479759574
290.0,0.9,think,0.06519202405202648,0.06708203932499368,0.03535533905932737,0.027386127875258317,0.21965882636488798,0.08293487133529877
307.0,0.1,cot,0.05477225575051663,0.035355339059327404,0.022360679774997918,0.0223606797749979,0.1341640786499874,0.05380260660196545
307.0,0.1,direct,0.0,0.0,0.0,0.02738612787525832,0.1440486029088793,0.03428694615682752
307.0,0.1,think,0.04183300132670381,0.0,0.04472135954999578,0.022360679774997907,0.17818529681205464,0.05742006749275043
307.0,0.3,cot,0.07582875444051548,0.041833001326703756,0.02738612787525833,0.02738612787525832,0.17464249196572976,0.06941530069669313
307.0,0.3,direct,0.0570087712549569,0.02738612787525833,0.022360679774997904,0.0,0.0894427190999916,0.03923965960104095
307.0,0.3,think,0.02738612787525833,0.02738612787525829,0.04183300132670374,0.04472135954999579,0.13228756555322954,0.05472283643608914
307.0,0.5,cot,0.08944271909999157,0.02738612787525832,0.022360679774997918,0.022360679774997907,0.11937336386313324,0.05618471407767579
307.0,0.5,direct,0.0758287544405155,0.04183300132670377,0.022360679774997904,0.0223606797749979,0.0894427190999916,0.05036516688344132
307.0,0.5,think,0.08944271909999159,0.044721359549995836,0.022360679774997904,0.03535533905932738,0.15165750888103102,0.06870752127306874
307.0,0.7,cot,0.09082951062292476,0.044721359549995815,0.022360679774997918,0.02236067977499789,0.11401754250991379,0.05885795444656603
307.0,0.7,direct,0.11510864433221336,0.02236067977499793,0.02738612787525833,0.022360679774997907,0.15652475842498528,0.06874817803649055
307.0,0.7,think,0.08215838362577488,0.022360679774997935,0.022360679774997935,0.03535533905932738,0.07905694150420946,0.048258404747861514
307.0,0.9,cot,0.27064737205448713,0.061237243569579485,0.03535533905932735,0.27477263328068174,0.14404860290887936,0.157212238174591
307.0,0.9,direct,0.23021728866442678,0.03535533905932742,0.0,0.0,0.20124611797498107,0.09336374913974706
307.0,0.9,think,0.06519202405202651,0.0418330013267038,0.0,0.08215838362577492,0.07582875444051543,0.053002432689004134
343.0,0.1,cot,0.1095445115010332,0.022360679774997876,0.0,0.0,0.022360679774997935,0.0308531742102058
343.0,0.1,direct,0.022360679774997862,0.027386127875258348,0.0,0.0273861278752583,0.027386127875258275,0.02090381268015456
343.0,0.1,think,0.15652475842498528,0.02738612787525833,0.0,0.19170289512680816,0.04183300132670375,0.0834893565507511
343.0,0.3,cot,0.11937336386313324,0.03535533905932733,0.022360679774997935,0.022360679774997914,0.041833001326703784,0.04825661275983204
343.0,0.3,direct,0.1341640786499874,0.027386127875258317,0.0,0.06519202405202647,0.0353553390593274,0.052419513927319916
343.0,0.3,think,0.22527760652137618,0.04183300132670381,0.0,0.12449899597988731,0.054772255750516634,0.08927637191569679
343.0,0.5,cot,0.16431676725154984,0.0651920240520265,0.022360679774997887,0.15652475842498528,0.12747548783981963,0.10717394346867584
343.0,0.5,direct,0.11401754250991378,0.0,0.0,0.15652475842498528,0.04183300132670377,0.06247506045232056
343.0,0.5,think,0.130384048104053,0.0570087712549569,0.022360679774997876,0.19039432764659772,0.18907670401189036,0.11784490615849916
343.0,0.7,cot,0.1746424919657298,0.05477225575051661,0.022360679774997876,0.027386127875258324,0.04472135954999581,0.06477658298329969
343.0,0.7,direct,0.12942179105544785,0.04183300132670381,0.03535533905932739,0.12041594578792296,0.07582875444051546,0.0805709663339835
343.0,0.7,think,0.057008771254956896,0.0670820393249937,0.022360679774997862,0.18574175621006714,0.11937336386313319,0.09031332208562975
343.0,0.9,cot,0.12247448713915887,0.05477225575051663,0.022360679774997918,0.035355339059327376,0.06519202405202651,0.06003095715520547
343.0,0.9,direct,0.1387443692551161,0.07905694150420946,0.035355339059327355,0.108397416943394,0.05700877125495691,0.08371256760340076
343.0,0.9,think,0.22472205054244232,0.03535533905932742,0.0,0.12449899597988733,0.1767766952966369,0.11227061617565878
368.0,0.1,cot,0.10954451150103323,0.04472135954999582,0.022360679774997887,0.02738612787525833,0.07071067811865474,0.05494467136398799
368.0,0.1,direct,0.02738612787525831,0.02738612787525826,0.027386127875258258,0.0,0.1746424919657298,0.05136017511830093
368.0,0.1,think,0.02236067977499789,0.02236067977499793,0.0,0.022360679774997887,0.027386127875258293,0.0188936334400504
368.0,0.3,cot,0.10000000000000003,0.06708203932499367,0.022360679774997918,0.02738612787525833,0.07582875444051551,0.058531520283153095
368.0,0.3,direct,0.09082951062292476,0.035355339059327355,0.02738612787525826,0.0,0.17535677916750184,0.06578555134500244
368.0,0.3,think,0.0273861278752583,0.0,0.0,0.04183300132670374,0.02236067977499789,0.018315961795391987
368.0,0.5,cot,0.041833001326703756,0.057008771254956896,0.022360679774997876,0.02738612787525833,0.07582875444051551,0.04488346693448648
368.0,0.5,direct,0.03535533905932737,0.05700877125495692,0.02738612787525829,0.02738612787525832,0.17818529681205458,0.0650643325753711
368.0,0.5,think,0.02236067977499789,0.022360679774997918,0.022360679774997862,0.022360679774997862,0.1341640786499874,0.04472135954999579
368.0,0.7,cot,0.08366600265340757,0.10839741694339401,0.02738612787525826,0.02738612787525833,0.07582875444051553,0.06453288595756673
368.0,0.7,direct,0.2797320146139873,0.08944271909999155,0.0,0.04472135954999585,0.1781852968120546,0.11841627801520585
368.0,0.7,think,0.0273861278752583,0.0,0.027386127875258248,0.027386127875258265,0.04183300132670376,0.024798276990495714
368.0,0.9,cot,0.0821583836257749,0.06519202405202648,0.022360679774997887,0.03535533905932735,0.022360679774997887,0.045485421257424906
368.0,0.9,direct,0.23021728866442678,0.06519202405202648,0.04472135954999577,0.03535533905932742,0.13509256086106297,0.10211571443736789
368.0,0.9,think,0.0273861278752583,0.04472135954999578,0.022360679774997935,0.02738612787525826,0.08366600265340757,0.04110405954578357
417.0,0.1,cot,0.04472135954999579,0.022360679774997876,0.027386127875258317,0.027386127875258317,0.06519202405202651,0.03740926382550737
417.0,0.1,direct,0.03535533905932735,0.04183300132670374,0.027386127875258317,0.022360679774997907,0.04183300132670378,0.033753629872598216
417.0,0.1,think,0.022360679774997935,0.0,0.0,0.0,0.022360679774997935,0.008944271909999173
417.0,0.3,cot,0.12041594578792292,0.022360679774997876,0.02738612787525833,0.027386127875258313,0.04183300132670377,0.047876376528028244
417.0,0.3,direct,0.027386127875258317,0.0273861278752583,0.02738612787525831,0.0,0.044721359549995794,0.025375948635154143
417.0,0.3,think,0.09746794344808962,0.05477225575051662,0.022360679774997918,0.0223606797749979,0.027386127875258317,0.04486953732477207
417.0,0.5,cot,0.04472135954999579,0.022360679774997876,0.022360679774997904,0.041833001326703784,0.04472135954999577,0.035199415995338226
417.0,0.5,direct,0.13038404810405294,0.04183300132670375,0.04183300132670377,0.022360679774997907,0.04183300132670378,0.055648746371832425
417.0,0.5,think,0.08366600265340755,0.04183300132670381,0.03535533905932739,0.02738612787525832,0.04472135954999585,0.046592366092938584
417.0,0.7,cot,0.12942179105544785,0.02738612787525829,0.02738612787525831,0.027386127875258324,0.04472135954999581,0.05126030684624372
417.0,0.7,direct,0.04183300132670378,0.027386127875258296,0.027386127875258317,0.027386127875258324,0.03535533905932742,0.03186934480236123
417.0,0.7,think,0.02738612787525833,0.027386127875258286,0.04183300132670379,0.027386127875258313,0.0651920240520265,0.03783668180090104
417.0,0.9,cot,0.17175564037317675,0.02738612787525829,0.022360679774997918,0.035355339059327376,0.04472135954999578,0.06031582932655123
417.0,0.9,direct,0.1890767040118904,0.027386127875258248,0.027386127875258317,0.0223606797749979,0.04472135954999577,0.06218619981748012
417.0,0.9,think,0.04472135954999579,0.10368220676663858,0.027386127875258286,0.0,0.02738612787525833,0.040635164413430194
451.0,0.1,cot,0.0,0.04472135954999578,0.022360679774997935,0.0,0.022360679774997918,0.017888543819998326
451.0,0.1,direct,0.0,0.0,0.0,0.02236067977499789,0.04472135954999577,0.013416407864998734
451.0,0.1,think,0.24596747752497686,0.0,0.02738612787525831,0.03535533905932738,0.044721359549995766,0.07068606080191167
451.0,0.3,cot,0.10839741694339397,0.022360679774997838,0.022360679774997918,0.0273861278752583,0.02738612787525833,0.04157820644878127
451.0,0.3,direct,0.0,0.0,0.0,0.022360679774997887,0.04472135954999578,0.013416407864998734
451.0,0.3,think,0.2413503677229434,0.022360679774997873,0.02738612787525833,0.0223606797749979,0.0418330013267038,0.07105817129498027
451.0,0.5,cot,0.035355339059327376,0.02738612787525829,0.02738612787525833,0.041833001326703784,0.054772255750516606,0.03734657037741288
451.0,0.5,direct,0.022360679774997887,0.0447213595499958,0.0,0.0,0.027386127875258317,0.0188936334400504
451.0,0.5,think,0.10246950765959596,0.022360679774997862,0.02738612787525833,0.022360679774997894,0.02738612787525833,0.04039262459202168
451.0,0.7,cot,0.09746794344808965,0.04183300132670375,0.027386127875258317,0.022360679774997887,0.0894427190999916,0.05569809430500825
451.0,0.7,direct,0.022360679774997862,0.044721359549995794,0.0,0.0223606797749979,0.0741619848709566,0.03272094079418963
451.0,0.7,think,0.13038404810405296,0.0,0.0,0.027386127875258317,0.06123724356957947,0.04380148390977815
451.0,0.9,cot,0.09082951062292474,0.08944271909999164,0.022360679774997918,0.0,0.06123724356957943,0.052774030613498744
451.0,0.9,direct,0.022360679774997862,0.022360679774997862,0.0,0.02236067977499789,0.08366600265340754,0.030149608395680226
451.0,0.9,think,0.20432816741702547,0.035355339059327355,0.02738612787525833,0.0223606797749979,0.054772255750516606,0.06884051397542514
454.0,0.1,cot,0.0,0.0,0.0,0.022360679774997873,0.02738612787525829,0.009949361530051232
454.0,0.1,direct,0.0,0.08366600265340757,0.08944271909999157,0.0,0.04183300132670376,0.04298834461602058
454.0,0.1,think,0.0,0.10839741694339401,0.02236067977499793,0.0,0.22638462845343535,0.07142854503436546
454.0,0.3,cot,0.044721359549995794,0.04472135954999583,0.035355339059327404,0.022360679774997862,0.0,0.02943174758686338
454.0,0.3,direct,0.0273861278752583,0.08944271909999159,0.08944271909999155,0.0,0.08944271909999157,0.059142857035046605
454.0,0.3,think,0.02236067977499789,0.08944271909999156,0.15165750888103102,0.02738612787525826,0.21965882636488795,0.10210117239923333
454.0,0.5,cot,0.044721359549995794,0.05477225575051663,0.16431676725154987,0.022360679774997873,0.03535533905932737,0.06430528027727751
454.0,0.5,direct,0.027386127875258293,0.0,0.16733200530681513,0.03535533905932735,0.1414213562373095,0.07429896569574206
454.0,0.5,think,0.0,0.11401754250991382,0.04472135954999582,0.027386127875258286,0.0273861278752583,0.04270223156208525
454.0,0.7,cot,0.0273861278752583,0.08944271909999155,0.03535533905932736,0.044721359549995766,0.15247950681976907,0.0698770104808684
454.0,0.7,direct,0.022360679774997894,0.0894427190999916,0.2133072900770154,0.02738612787525828,0.1440486029088793,0.09930908394722851
454.0,0.7,think,0.04472135954999579,0.14832396974191325,0.18841443681416772,0.04472135954999578,0.08366600265340757,0.10196942566189601
454.0,0.9,cot,0.05477225575051661,0.1788854381999832,0.04999999999999998,0.02738612787525826,0.1890767040118904,0.10002410516752969
454.0,0.9,direct,0.0,0.0894427190999916,0.17535677916750184,0.022360679774997873,0.0,0.057432035608498265
454.0,0.9,think,0.0547722557505166,0.1643167672515498,0.07582875444051557,0.06519202405202652,0.13874436925511613,0.09977083414994492
465.0,0.1,cot,0.0,0.022360679774997838,0.0,0.0,0.022360679774997887,0.008944271909999146
465.0,0.1,direct,0.027386127875258293,0.022360679774997935,0.02738612787525828,0.0,0.16355427233796127,0.04813744157269516
465.0,0.1,think,0.03535533905932737,0.022360679774997935,0.027386127875258286,0.10246950765959596,0.07416198487095661,0.05234672784802723
465.0,0.3,cot,0.2880972058177587,0.20493901531919195,0.0,0.054772255750516606,0.0547722557505166,0.12051614652759676
465.0,0.3,direct,0.07582875444051551,0.027386127875258348,0.0,0.04472135954999581,0.16355427233796127,0.062298102840746196
465.0,0.3,think,0.08944271909999156,0.02738612787525833,0.027386127875258272,0.08660254037844389,0.05,0.05616350304579041
465.0,0.5,cot,0.18574175621006708,0.07416198487095663,0.022360679774997876,0.02738612787525833,0.0670820393249937,0.07534651761125473
465.0,0.5,direct,0.21213203435596426,0.022360679774997838,0.022360679774997873,0.041833001326703825,0.1890767040118904,0.09755261984891084
465.0,0.5,think,0.23075961518428653,0.0741619848709566,0.022360679774997876,0.11726039399558576,0.19170289512680816,0.127249113790527
465.0,0.7,cot,0.24899799195977465,0.1781852968120546,0.022360679774997838,0.054772255750516585,0.0758287544405155,0.11602899574757183
465.0,0.7,direct,0.2423839928708165,0.0821583836257749,0.02738612787525828,0.04472135954999578,0.19039432764659772,0.11740883831368865
465.0,0.7,think,0.1244989959798873,0.04472135954999578,0.022360679774997876,0.022360679774997918,0.20432816741702547,0.08365397649938086
465.0,0.9,cot,0.07905694150420947,0.08215838362577492,0.022360679774997862,0.04183300132670377,0.05700877125495688,0.056483555497328586
465.0,0.9,direct,0.10839741694339398,0.06123724356957944,0.022360679774997918,0.035355339059327355,0.20493901531919198,0.08645793893329815
465.0,0.9,think,0.18234582528810467,0.08215838362577492,0.022360679774997862,0.05700877125495689,0.18165902124584948,0.10510653623793678
472.0,0.1,cot,0.04183300132670376,0.1095445115010332,0.0,0.02236067977499793,0.10368220676663857,0.055484079873874693
472.0,0.1,direct,0.04472135954999578,0.04472135954999578,0.0,0.04472135954999585,0.04999999999999998,0.036832815729997484
472.0,0.1,think,0.0,0.0,0.0,0.0447213595499958,0.0,0.00894427190999916
472.0,0.3,cot,0.06519202405202648,0.06519202405202647,0.022360679774997887,0.054772255750516634,0.07071067811865478,0.05564553234964446
472.0,0.3,direct,0.23291629397704236,0.04472135954999577,0.022360679774997887,0.04472135954999584,0.12449899597988737,0.09384373776638384
472.0,0.3,think,0.22472205054244232,0.06519202405202648,0.022360679774997935,0.04183300132670381,0.130384048104053,0.09689836076004472
472.0,0.5,cot,0.05700877125495688,0.04472135954999577,0.0,0.02738612787525833,0.12549900398011135,0.05092305253206446
472.0,0.5,direct,0.19039432764659772,0.04183300132670377,0.0,0.0570087712549569,0.17102631376487068,0.09205248279862581
472.0,0.5,think,0.08215838362577492,0.07071067811865477,0.027386127875258258,0.06519202405202651,0.02236067977499789,0.05356157868934247
472.0,0.7,cot,0.027386127875258303,0.07582875444051547,0.03535533905932737,0.04183300132670377,0.14999999999999997,0.06608064454036097
472.0,0.7,direct,0.23874672772626643,0.08944271909999163,0.022360679774997862,0.0651920240520265,0.17102631376487074,0.11735369288363062
472.0,0.7,think,0.23021728866442678,0.1369306393762915,0.02738612787525826,0.04183300132670381,0.18841443681416772,0.1249562988113696
472.0,0.9,cot,0.09082951062292474,0.0547722557505166,0.02738612787525828,0.06708203932499371,0.22192341021172146,0.09239866875708296
472.0,0.9,direct,0.26362852652928137,0.027386127875258286,0.04183300132670377,0.05700877125495694,0.19364916731037082,0.11670111885931425
472.0,0.9,think,0.16046806535881214,0.0651920240520265,0.03535533905932737,0.07416198487095667,0.19039432764659772,0.10511434819754409
483.0,0.1,cot,0.0,0.0,0.022360679774997866,0.022360679774997935,0.0,0.00894427190999916
483.0,0.1,direct,0.027386127875258293,0.02738612787525833,0.02738612787525828,0.0418330013267038,0.20615528128088303,0.06602933324667234
483.0,0.1,think,0.0273861278752583,0.0547722557505166,0.0,0.04472135954999577,0.04183300132670376,0.033742548900494884
483.0,0.3,cot,0.0,0.04472135954999578,0.0,0.0,0.0,0.008944271909999156
483.0,0.3,direct,0.0273861278752583,0.06519202405202648,0.022360679774997862,0.0273861278752583,0.1604680653588121,0.060558604987270614
483.0,0.3,think,0.0273861278752583,0.0,0.022360679774997866,0.0,0.04472135954999579,0.01889363344005039
483.0,0.5,cot,0.0,0.022360679774997918,0.02738612787525829,0.0273861278752583,0.0651920240520265,0.0284649919155082
483.0,0.5,direct,0.022360679774997894,0.06708203932499367,0.02738612787525829,0.02738612787525829,0.15247950681976905,0.05933889633405544
483.0,0.5,think,0.0,0.0,0.022360679774997866,0.022360679774997887,0.1746424919657298,0.04387277030314511
483.0,0.7,cot,0.10839741694339398,0.08944271909999157,0.022360679774997876,0.022360679774997873,0.0273861278752583,0.05398952469372792
483.0,0.7,direct,0.0,0.0,0.0,0.022360679774997918,0.151657508881031,0.03480363773120578
483.0,0.7,think,0.0273861278752583,0.08660254037844382,0.02738612787525829,0.022360679774997887,0.130384048104053,0.05882390480160227
483.0,0.9,cot,0.027386127875258293,0.05700877125495686,0.022360679774997873,0.022360679774997873,0.0670820393249937,0.03923965960104092
483.0,0.9,direct,0.03535533905932737,0.06123724356957945,0.04472135954999579,0.022360679774997838,0.15968719422671313,0.06467236323612272
483.0,0.9,think,0.02236067977499789,0.11180339887498947,0.022360679774997918,0.04472135954999577,0.054772255750516606,0.05120367474509953
520.0,0.1,cot,0.04183300132670377,0.027386127875258348,0.0,0.035355339059327376,0.25248762345905196,0.07141241834406828
520.0,0.1,direct,0.022360679774997894,0.02738612787525833,0.0,0.027386127875258317,0.054772255750516634,0.026381038255206234
520.0,0.1,think,0.23345235059857505,0.05,0.027386127875258286,0.0,0.035355339059327424,0.06923876350663215
520.0,0.3,cot,0.2631539473388153,0.02236067977499793,0.022360679774997904,0.0,0.22803508501982758,0.10718207838172775
520.0,0.3,direct,0.027386127875258306,0.02738612787525833,0.0,0.041833001326703784,0.06519202405202652,0.03235945622584939
520.0,0.3,think,0.10368220676663864,0.027386127875258317,0.022360679774997873,0.022360679774997914,0.06519202405202648,0.04819634364878385
520.0,0.5,cot,0.28809720581775866,0.04472135954999578,0.022360679774997904,0.0223606797749979,0.16431676725154984,0.10837133843386001
520.0,0.5,direct,0.02236067977499789,0.03535533905932742,0.0,0.022360679774997894,0.21389249636207439,0.05879383899427952
520.0,0.5,think,0.21679483388678797,0.04472135954999583,0.022360679774997873,0.0223606797749979,0.1224744871391589,0.08574240802518769
520.0,0.7,cot,0.0273861278752583,0.11937336386313324,0.0,0.297069015550259,0.15247950681976907,0.11926160282168392
520.0,0.7,direct,0.022360679774997894,0.02738612787525833,0.0,0.297069015550259,0.204939015319192,0.11035096770394145
520.0,0.7,think,0.04472135954999579,0.07582875444051555,0.022360679774997918,0.0223606797749979,0.2079663434308542,0.07464756339427228
520.0,0.9,cot,0.130384048104053,0.022360679774997935,0.0,0.035355339059327376,0.1604680653588121,0.06971362645943809
520.0,0.9,direct,0.07582875444051551,0.04472135954999583,0.022360679774997862,0.3150396800404673,0.22472205054244235,0.13653450486968377
520.0,0.9,think,0.2819574435974337,0.07582875444051553,0.022360679774997918,0.297069015550259,0.18574175621006705,0.17259152991465462
531.0,0.1,cot,0.13874436925511605,0.02738612787525832,0.0,0.02738612787525829,0.10839741694339398,0.06038280838980533
531.0,0.1,direct,0.02738612787525833,0.02738612787525824,0.027386127875258296,0.041833001326703756,0.02738612787525829,0.03027550256554738
531.0,0.1,think,0.2706473720544872,0.09354143466934851,0.02738612787525826,0.0670820393249937,0.06519202405202651,0.10476979959522281
531.0,0.3,cot,0.02738612787525833,0.022360679774997918,0.0,0.07416198487095663,0.06519202405202648,0.03782016331464787
531.0,0.3,direct,0.02738612787525833,0.027386127875258258,0.022360679774997918,0.0,0.04472135954999578,0.02437085901510206
531.0,0.3,think,0.252487623459052,0.07582875444051553,0.0,0.06519202405202651,0.06519202405202654,0.09174008520072412
531.0,0.5,cot,0.08215838362577493,0.04472135954999582,0.0,0.0353553390593274,0.13038404810405294,0.05852382606783022
531.0,0.5,direct,0.23021728866442676,0.027386127875258317,0.022360679774997918,0.04183300132670382,0.02738612787525833,0.06983664510332901
531.0,0.5,think,0.04472135954999577,0.035355339059327424,0.0,0.041833001326703756,0.057008771254956896,0.03578369423819677
531.0,0.7,cot,0.06123724356957944,0.108397416943394,0.02738612787525826,0.04183300132670378,0.12942179105544785,0.07365511615407667
531.0,0.7,direct,0.1890767040118904,0.054772255750516634,0.022360679774997862,0.06519202405202648,0.10606601717798214,0.0874935361534827
531.0,0.7,think,0.18371173070873834,0.10839741694339397,0.02738612787525826,0.07071067811865477,0.0821583836257749,0.09447286745436405
531.0,0.9,cot,0.09746794344808965,0.03535533905932741,0.06519202405202648,0.022360679774997862,0.08660254037844385,0.06139570534257706
531.0,0.9,direct,0.2263846284534354,0.0570087712549569,0.03535533905932739,0.07582875444051554,0.15652475842498526,0.1102204503266441
531.0,0.9,think,0.19874606914351792,0.04472135954999578,0.0,0.054772255750516655,0.08215838362577488,0.07607961361396105
533.0,0.1,cot,0.1341640786499874,0.04183300132670377,0.022360679774997873,0.02738612787525833,0.16431676725154978,0.07801213097569944
533.0,0.1,direct,0.0273861278752583,0.06519202405202645,0.022360679774997866,0.022360679774997935,0.0670820393249937,0.04087631016045484
533.0,0.1,think,0.0,0.027386127875258286,0.022360679774997873,0.02738612787525833,0.022360679774997887,0.019898723060102475
533.0,0.3,cot,0.12041594578792295,0.035355339059327355,0.022360679774997918,0.04183300132670379,0.15165750888103102,0.07432449496599661
533.0,0.3,direct,0.02236067977499789,0.06519202405202645,0.027386127875258275,0.02738612787525833,0.11510864433221339,0.051486720781950865
533.0,0.3,think,0.02738612787525831,0.09999999999999998,0.022360679774997918,0.022360679774997838,0.09746794344808962,0.05391508617466874
533.0,0.5,cot,0.24849547279578355,0.11401754250991376,0.0651920240520265,0.05477225575051666,0.19493588689617927,0.13548263640088393
533.0,0.5,direct,0.0,0.06708203932499365,0.02738612787525826,0.03535533905932737,0.02738612787525833,0.03144192682696752
533.0,0.5,think,0.20736441353327723,0.11180339887498948,0.05477225575051658,0.04472135954999585,0.08660254037844387,0.1010527936174446
533.0,0.7,cot,0.15652475842498526,0.03535533905932735,0.05700877125495692,0.05477225575051667,0.16431676725154978,0.09359557834826719
533.0,0.7,direct,0.14142135623730953,0.11510864433221332,0.0,0.054772255750516606,0.1788854381999831,0.0980375389040045
533.0,0.7,think,0.19493588689617927,0.09746794344808962,0.02738612787525829,0.054772255750516655,0.08215838362577492,0.09134411951916374
533.0,0.9,cot,0.24899799195977465,0.04183300132670379,0.022360679774997876,0.05000000000000005,0.12942179105544788,0.09852269282338486
533.0,0.9,direct,0.09617692030835673,0.04472135954999585,0.027386127875258265,0.044721359549995836,0.09746794344808966,0.06209474214633927
533.0,0.9,think,0.08215838362577493,0.06519202405202644,0.04999999999999998,0.04999999999999999,0.09746794344808965,0.0689636702251782
536.0,0.1,cot,0.16046806535881214,0.15165750888103102,0.0,0.022360679774997894,0.11401754250991379,0.08970075930495097
536.0,0.1,direct,0.04472135954999577,0.0,0.02738612787525832,0.022360679774997894,0.027386127875258293,0.024370859015102057
536.0,0.1,think,0.29453352950046285,0.08944271909999162,0.02738612787525833,0.02738612787525832,0.03535533905932737,0.0948207686820597
536.0,0.3,cot,0.18841443681416772,0.14747881203752625,0.0,0.03535533905932737,0.15247950681976905,0.10474561894615808
536.0,0.3,direct,0.02738612787525828,0.04183300132670382,0.022360679774997904,0.0223606797749979,0.04472135954999579,0.03173236966039074
536.0,0.3,think,0.32015621187164245,0.07582875444051555,0.02738612787525833,0.0447213595499958,0.04183300132670377,0.10198509101282319
536.0,0.5,cot,0.27973201461398733,0.18165902124584948,0.0,0.022360679774997887,0.0547722557505166,0.10770479427707028
536.0,0.5,direct,0.2683281572999748,0.05477225575051663,0.02738612787525833,0.041833001326703784,0.15165750888103102,0.10879541022669692
536.0,0.5,think,0.14577379737113252,0.13509256086106297,0.035355339059327404,0.3510697936308391,0.04183300132670376,0.14182489844981316
536.0,0.7,cot,0.1732050807568877,0.0836660026534076,0.027386127875258317,0.04183300132670377,0.18574175621006708,0.10236639376446488
536.0,0.7,direct,0.08215838362577488,0.14577379737113244,0.0353553390593274,0.041833001326703784,0.1341640786499874,0.08785692000658518
536.0,0.7,think,0.325192250830182,0.14747881203752622,0.02738612787525833,0.04183300132670377,0.17818529681205464,0.14401509777634497
536.0,0.9,cot,0.22192341021172152,0.15247950681976902,0.022360679774997873,0.05,0.0223606797749979,0.09382485531629726
536.0,0.9,direct,0.29790938219532465,0.12449899597988735,0.022360679774997935,0.035355339059327376,0.07582875444051551,0.11119063029001057
536.0,0.9,think,0.2583602136552763,0.06519202405202654,0.02738612787525833,0.041833001326703784,0.04183300132670376,0.08692087364719374
539.0,0.1,cot,0.0,0.0,0.0,0.04183300132670374,0.19685019685029526,0.0477366396353998
539.0,0.1,direct,0.0670820393249937,0.02738612787525826,0.022360679774997935,0.022360679774997935,0.022360679774997918,0.03231004130504915
539.0,0.1,think,0.02236067977499789,0.022360679774997918,0.02236067977499793,0.04472135954999579,0.1673320053068151,0.05582708083636092
539.0,0.3,cot,0.07582875444051551,0.1095445115010332,0.0,0.022360679774997935,0.2091650066335189,0.08337979047001311
539.0,0.3,direct,0.07416198487095664,0.0,0.027386127875258348,0.04183300132670376,0.022360679774997904,0.03314835876958333
539.0,0.3,think,0.09746794344808962,0.05477225575051664,0.027386127875258317,0.02236067977499793,0.16583123951776998,0.07356364927332651
539.0,0.5,cot,0.08366600265340755,0.08944271909999157,0.02738612787525824,0.05477225575051658,0.0418330013267038,0.059420021341175557
539.0,0.5,direct,0.10839741694339398,0.057008771254956875,0.0,0.04472135954999578,0.1710263137648707,0.07623077230264347
539.0,0.5,think,0.03535533905932737,0.08366600265340757,0.04183300132670381,0.04183300132670374,0.1643167672515498,0.07340082232353846
539.0,0.7,cot,0.04183300132670376,0.07582875444051551,0.022360679774997876,0.03535533905932736,0.14142135623730948,0.06335982616777079
539.0,0.7,direct,0.06123724356957946,0.02738612787525833,0.022360679774997866,0.04999999999999998,0.17535677916750184,0.0672681660774675
539.0,0.7,think,0.09354143466934854,0.022360679774997918,0.027386127875258317,0.04183300132670376,0.13509256086106294,0.06404276090147429
539.0,0.9,cot,0.11937336386313321,0.05477225575051661,0.02738612787525829,0.04183300132670378,0.04472135954999579,0.057617221673121534
539.0,0.9,direct,0.08366600265340757,0.09617692030835671,0.022360679774997866,0.0821583836257749,0.1151086443322134,0.0798941261389501
539.0,0.9,think,0.08366600265340757,0.09746794344808966,0.08944271909999163,0.04183300132670378,0.18907670401189033,0.10029727410801659
592.0,0.1,cot,0.09746794344808965,0.02236067977499793,0.022360679774997862,0.022360679774997838,0.20736441353327723,0.0743828792612721
592.0,0.1,direct,0.02738612787525829,0.0,0.0,0.06519202405202648,0.0894427190999916,0.036404174205455275
592.0,0.1,think,0.1440486029088793,0.0,0.0,0.022360679774997862,0.07071067811865474,0.04742399216050638
592.0,0.3,cot,0.12041594578792297,0.027386127875258317,0.022360679774997873,0.0418330013267038,0.13509256086106297,0.06941766312518918
592.0,0.3,direct,0.1341640786499874,0.02738612787525833,0.0,0.04183300132670378,0.07582875444051553,0.055842392458493005
592.0,0.3,think,0.18708286933869708,0.041833001326703784,0.02738612787525826,0.03535533905932735,0.05477225575051667,0.06928591867010063
592.0,0.5,cot,0.1414213562373095,0.04472135954999579,0.04472135954999578,0.05477225575051663,0.1341640786499874,0.08396008194756102
592.0,0.5,direct,0.2564176280991617,0.0,0.0,0.10000000000000007,0.08366600265340754,0.08801672615051385
592.0,0.5,think,0.08366600265340757,0.044721359549995815,0.022360679774997918,0.04183300132670381,0.08366600265340757,0.055249409191702535
592.0,0.7,cot,0.1341640786499874,0.03535533905932741,0.02738612787525826,0.054772255750516634,0.09746794344808964,0.06982914895663586
592.0,0.7,direct,0.19235384061671346,0.04472135954999578,0.022360679774997876,0.08944271909999156,0.14999999999999997,0.09977571980833974
592.0,0.7,think,0.19685019685029526,0.04183300132670382,0.0,0.04999999999999998,0.0908295106229247,0.07590254175998476
592.0,0.9,cot,0.17464249196572976,0.0,0.022360679774997918,0.05477225575051663,0.1816590212458495,0.08668688974741875
592.0,0.9,direct,0.1387443692551161,0.04183300132670378,0.02738612787525829,0.07416198487095671,0.12449899597988731,0.08132489586158445
592.0,0.9,think,0.11726039399558574,0.027386127875258317,0.0,0.10839741694339397,0.12449899597988735,0.07550858695882508
600.0,0.1,cot,0.035355339059327376,0.04183300132670376,0.022360679774997918,0.04472135954999582,0.044721359549995836,0.037798347852204144
600.0,0.1,direct,0.0,0.044721359549995794,0.027386127875258258,0.04472135954999578,0.02738612787525833,0.02884299497010163
600.0,0.1,think,0.04183300132670377,0.05477225575051658,0.0,0.04472135954999579,0.1604680653588121,0.060358936397205645
600.0,0.3,cot,0.08366600265340757,0.06519202405202648,0.02738612787525828,0.027386127875258317,0.08215838362577489,0.05715773321634511
600.0,0.3,direct,0.054772255750516606,0.0651920240520265,0.0,0.0,0.022360679774997918,0.028464991915508202
600.0,0.3,think,0.0273861278752583,0.09082951062292473,0.02738612787525829,0.02738612787525829,0.03535533905932735,0.04166864666160539
600.0,0.5,cot,0.035355339059327355,0.057008771254956875,0.022360679774997876,0.02738612787525833,0.10246950765959596,0.04891608512482728
600.0,0.5,direct,0.04183300132670378,0.04472135954999579,0.027386127875258286,0.04472135954999581,0.16355427233796127,0.06444322412798299
600.0,0.5,think,0.02236067977499789,0.08215838362577493,0.05477225575051658,0.027386127875258272,0.17888543819998315,0.07311257704530616
600.0,0.7,cot,0.2109502310972899,0.10368220676663857,0.022360679774997873,0.04183300132670378,0.0651920240520265,0.08880362860353133
600.0,0.7,direct,0.09746794344808965,0.09082951062292473,0.027386127875258286,0.06123724356957943,0.19999999999999998,0.09538416510317042
600.0,0.7,think,0.04183300132670377,0.11401754250991378,0.02738612787525824,0.04999999999999995,0.09354143466934854,0.06535562127624486
600.0,0.9,cot,0.04183300132670376,0.04183300132670378,0.06123724356957943,0.05700877125495691,0.1680773631397161,0.073997876123532
600.0,0.9,direct,0.0894427190999916,0.09082951062292474,0.02738612787525826,0.041833001326703756,0.1440486029088793,0.07870799236675154
600.0,0.9,think,0.14142135623730953,0.09354143466934851,0.04183300132670374,0.041833001326703756,0.11726039399558569,0.08717783751113026
612.0,0.1,cot,0.0,0.0,0.0,0.022360679774997887,0.04472135954999579,0.013416407864998736
612.0,0.1,direct,0.08215838362577489,0.027386127875258258,0.02738612787525833,0.0223606797749979,0.04472135954999578,0.04080253574025703
612.0,0.1,think,0.0,0.0,0.022360679774997918,0.0,0.027386127875258275,0.00994936153005124
612.0,0.3,cot,0.0,0.04472135954999578,0.022360679774997904,0.02236067977499789,0.022360679774997935,0.0223606797749979
612.0,0.3,direct,0.02738612787525829,0.04183300132670376,0.027386127875258317,0.0,0.04472135954999579,0.02826532332544323
612.0,0.3,think,0.04472135954999577,0.0,0.02738612787525833,0.022360679774997894,0.027386127875258265,0.024370859015102053
612.0,0.5,cot,0.022360679774997873,0.022360679774997873,0.022360679774997918,0.0273861278752583,0.04472135954999578,0.02783790535004955
612.0,0.5,direct,0.12247448713915889,0.022360679774997935,0.02738612787525832,0.027386127875258313,0.07416198487095671,0.05475388150712603
612.0,0.5,think,0.02738612787525829,0.035355339059327376,0.022360679774997904,0.027386127875258313,0.022360679774997935,0.02696979087196797
612.0,0.7,cot,0.17464249196572978,0.022360679774997838,0.02738612787525832,0.0,0.04472135954999581,0.053822131833196354
612.0,0.7,direct,0.2841654447676564,0.06519202405202654,0.02738612787525832,0.0447213595499958,0.04472135954999578,0.09323726315898657
612.0,0.7,think,0.04999999999999995,0.035355339059327355,0.022360679774997873,0.02738612787525831,0.05000000000000006,0.037020429341916704
612.0,0.9,cot,0.12449899597988728,0.054772255750516606,0.02738612787525833,0.022360679774997887,0.16046806535881214,0.07789722494789444
612.0,0.9,direct,0.2683281572999748,0.022360679774997918,0.0,0.03535533905932738,0.19557607215607942,0.10432404965807589
612.0,0.9,think,0.0447213595499958,0.0,0.02738612787525832,0.0223606797749979,0.06123724356957946,0.0311410821539663
620.0,0.1,cot,0.05,0.05477225575051664,0.02738612787525829,0.02738612787525833,0.027386127875258293,0.03738612787525831
620.0,0.1,direct,0.0547722557505166,0.09354143466934854,0.04472135954999582,0.0,0.0,0.038607009993972194
620.0,0.1,think,0.0,0.0447213595499958,0.0,0.0,0.044721359549995794,0.01788854381999832
620.0,0.3,cot,0.05477225575051661,0.12449899597988733,0.15247950681976905,0.02738612787525832,0.0273861278752583,0.07730460286013792
620.0,0.3,direct,0.0273861278752583,0.07582875444051553,0.044721359549995794,0.022360679774997918,0.03535533905932737,0.04113045214001898
620.0,0.3,think,0.0,0.04472135954999583,0.13416407864998742,0.0,0.044721359549995794,0.04472135954999581
620.0,0.5,cot,0.02236067977499789,0.0,0.04183300132670372,0.0,0.02236067977499789,0.0173108721753399
620.0,0.5,direct,0.07071067811865474,0.09082951062292473,0.0273861278752583,0.027386127875258265,0.027386127875258306,0.04873971447347086
620.0,0.5,think,0.0,0.06123724356957945,0.09746794344808964,0.0,0.0447213595499958,0.04068530931353298
620.0,0.7,cot,0.0570087712549569,0.14142135623730948,0.02738612787525826,0.035355339059327355,0.02236067977499789,0.05670645484036998
620.0,0.7,direct,0.10246950765959598,0.09746794344808966,0.05477225575051663,0.0,0.04472135954999578,0.05988621328163961
620.0,0.7,think,0.022360679774997894,0.05477225575051661,0.08944271909999164,0.0670820393249937,0.04999999999999999,0.05673153879009997
620.0,0.9,cot,0.022360679774997907,0.151657508881031,0.022360679774997862,0.022360679774997935,0.0,0.04374790964120494
620.0,0.9,direct,0.04999999999999999,0.08366600265340754,0.027386127875258248,0.022360679774997876,0.027386127875258293,0.04215978763578439
620.0,0.9,think,0.0,0.09746794344808964,0.12449899597988734,0.022360679774997876,0.0273861278752583,0.05434274941564663
655.0,0.1,cot,0.027386127875258334,0.0353553390593274,0.0,0.0,0.02738612787525833,0.018025518961968814
655.0,0.1,direct,0.1732050807568877,0.02236067977499793,0.02738612787525831,0.02738612787525831,0.14747881203752627,0.07956336566398571
655.0,0.1,think,0.0,0.04472135954999578,0.022360679774997935,0.022360679774997907,0.15652475842498528,0.049193495504995376
655.0,0.3,cot,0.24849547279578355,0.06519202405202645,0.0,0.0223606797749979,0.135092560861063,0.09422814749677418
655.0,0.3,direct,0.027386127875258286,0.04183300132670373,0.02738612787525833,0.027386127875258306,0.17818529681205464,0.060435336352906655
655.0,0.3,think,0.0570087712549569,0.08215838362577495,0.022360679774997935,0.02738612787525832,0.16807736313971613,0.07139826513414085
655.0,0.5,cot,0.07582875444051553,0.12449899597988731,0.0,0.0223606797749979,0.07582875444051551,0.05970343692718325
655.0,0.5,direct,0.027386127875258286,0.035355339059327404,0.02738612787525833,0.027386127875258313,0.04472135954999577,0.03244701644701962
655.0,0.5,think,0.1387443692551161,0.08215838362577495,0.022360679774997918,0.02738612787525832,0.14142135623730953,0.08241418335369137
655.0,0.7,cot,0.05700877125495693,0.16355427233796124,0.022360679774997918,0.049999999999999996,0.10839741694339401,0.08026422806226202
655.0,0.7,direct,0.15652475842498528,0.02738612787525828,0.02738612787525833,0.027386127875258313,0.19039432764659772,0.08581549393947159
655.0,0.7,think,0.19811612756158947,0.1274754878398196,0.04183300132670377,0.027386127875258313,0.17175564037317667,0.11331327699530955
655.0,0.9,cot,0.22192341021172146,0.10368220676663853,0.035355339059327404,0.04183300132670378,0.0894427190999916,0.09844733529287655
655.0,0.9,direct,0.21908902300206642,0.10246950765959602,0.0,0.022360679774997907,0.1746424919657298,0.10371234048047803
655.0,0.9,think,0.1949358868961793,0.06519202405202647,0.0,0.022360679774997907,0.13038404810405296,0.08257452776545132
693.0,0.1,cot,0.27386127875258304,0.14142135623730948,0.0,0.08215838362577492,0.1414213562373095,0.12777247497059538
693.0,0.1,direct,0.1140175425099138,0.02236067977499793,0.0,0.08215838362577492,0.06708203932499371,0.05712372904713607
693.0,0.1,think,0.04472135954999579,0.0,0.0,0.09746794344808965,0.0,0.028437860599617087
693.0,0.3,cot,0.14832396974191328,0.022360679774997935,0.0,0.07416198487095661,0.20493901531919195,0.08995712994141195
693.0,0.3,direct,0.13038404810405296,0.022360679774997935,0.0,0.07905694150420949,0.09617692030835671,0.06559571793832343
693.0,0.3,think,0.19493588689617927,0.02738612787525824,0.027386127875258296,0.10606601717798213,0.022360679774997935,0.07562696791993517
693.0,0.5,cot,0.12549900398011132,0.18574175621006708,0.022360679774997862,0.07582875444051551,0.057008771254956896,0.09328779313212973
693.0,0.5,direct,0.27748873851023215,0.027386127875258317,0.0,0.2109502310972899,0.06123724356957945,0.11541246821047195
693.0,0.5,think,0.1987460691435179,0.022360679774997838,0.022360679774997918,0.12942179105544788,0.05000000000000006,0.08457784394979231
693.0,0.7,cot,0.1823458252881047,0.11726039399558574,0.04183300132670376,0.11510864433221335,0.2018662923818635,0.1316828314648942
693.0,0.7,direct,0.20736441353327717,0.04183300132670381,0.022360679774997918,0.14577379737113252,0.13038404810405296,0.10954318802203286
693.0,0.7,think,0.13228756555322954,0.03535533905932741,0.04472135954999579,0.11510864433221338,0.054772255750516655,0.07644903284905655
693.0,0.9,cot,0.19811612756158947,0.12942179105544785,0.027386127875258286,0.10954451150103323,0.15572411502397437,0.12403853460346063
693.0,0.9,direct,0.1746424919657298,0.02738612787525832,0.0,0.1036822067666386,0.035355339059327404,0.06821323313339082
693.0,0.9,think,0.12549900398011132,0.06123724356957947,0.022360679774997862,0.11726039399558576,0.151657508881031,0.09560296604026108
706.0,0.1,cot,0.0447213595499958,0.022360679774997935,0.0,0.260768096208106,0.14142135623730945,0.09385429835408184
706.0,0.1,direct,0.0,0.0,0.0,0.27386127875258304,0.022360679774997935,0.059244391705516194
706.0,0.1,think,0.02738612787525828,0.022360679774997935,0.04472135954999577,0.08366600265340753,0.022360679774997918,0.04009896992573149
706.0,0.3,cot,0.05477225575051662,0.04183300132670381,0.022360679774997862,0.22527760652137618,0.15165750888103102,0.0991802104509251
706.0,0.3,direct,0.027386127875258293,0.02738612787525833,0.022360679774997887,0.2439262183530094,0.14404860290887936,0.09302155135748065
706.0,0.3,think,0.13509256086106294,0.0,0.0,0.12041594578792296,0.04472135954999579,0.06004597323979634
706.0,0.5,cot,0.09354143466934854,0.05477225575051663,0.0,0.2706473720544872,0.13509256086106297,0.11081072466708308
706.0,0.5,direct,0.027386127875258286,0.027386127875258317,0.0,0.26551836094703507,0.14577379737113252,0.09321288281373682
706.0,0.5,think,0.23075961518428653,0.02738612787525833,0.027386127875258296,0.33052987762076824,0.04472135954999585,0.13215662162111347
706.0,0.7,cot,0.09746794344808965,0.03535533905932742,0.0,0.2706473720544872,0.1949358868961793,0.11968130829161669
706.0,0.7,direct,0.027386127875258296,0.02738612787525833,0.027386127875258286,0.12449899597988731,0.1643167672515498,0.07419482937144241
706.0,0.7,think,0.2612470095522626,0.022360679774997918,0.022360679774997904,0.24849547279578352,0.02738612787525832,0.11636999395466004
706.0,0.9,cot,0.14747881203752625,0.02738612787525832,0.0,0.24849547279578352,0.21908902300206645,0.1284898871421269
706.0,0.9,direct,0.20432816741702547,0.02236067977499793,0.022360679774997862,0.24849547279578352,0.1596871942267131,0.13144643879790358
706.0,0.9,think,0.2252776065213762,0.04472135954999581,0.02738612787525829,0.27248853186877425,0.151657508881031,0.14430622693928713
707.0,0.1,cot,0.10839741694339403,0.054772255750516634,0.0,0.022360679774997918,0.06123724356957944,0.04935351920769761
707.0,0.1,direct,0.0894427190999916,0.022360679774997918,0.0,0.0,0.02738612787525832,0.02783790535004957
707.0,0.1,think,0.022360679774997894,0.02738612787525833,0.02738612787525826,0.02236067977499793,0.022360679774997876,0.02437085901510206
707.0,0.3,cot,0.06519202405202651,0.022360679774997873,0.0,0.02738612787525832,0.13874436925511605,0.05073664019147974
707.0,0.3,direct,0.08215838362577493,0.04183300132670377,0.0,0.0,0.022360679774997904,0.029270412945495324
707.0,0.3,think,0.08215838362577493,0.07582875444051543,0.0273861278752583,0.044721359549995836,0.022360679774997838,0.05049106105330847
707.0,0.5,cot,0.03535533905932737,0.0651920240520265,0.0273861278752583,0.03535533905932739,0.10368220676663858,0.053394207362515635
707.0,0.5,direct,0.09082951062292476,0.022360679774997873,0.022360679774997862,0.0,0.04183300132670376,0.03547677429992485
707.0,0.5,think,0.1414213562373095,0.07071067811865477,0.027386127875258265,0.05,0.06123724356957943,0.0701510811601604
707.0,0.7,cot,0.12549900398011135,0.027386127875258296,0.022360679774997873,0.04183300132670379,0.09082951062292474,0.061581664715999206
707.0,0.7,direct,0.07582875444051551,0.06708203932499364,0.0,0.05477225575051658,0.03535533905932742,0.04660767771507063
707.0,0.7,think,0.12549900398011135,0.1095445115010332,0.022360679774997887,0.05700877125495691,0.0651920240520265,0.07592099811262518
707.0,0.9,cot,0.2413503677229434,0.10368220676663861,0.022360679774997918,0.04472135954999578,0.022360679774997862,0.08689505871791471
707.0,0.9,direct,0.19557607215607947,0.06708203932499367,0.022360679774997838,0.06708203932499371,0.04183300132670377,0.07878676638155369
707.0,0.9,think,0.24647515087732474,0.08660254037844385,0.0,0.06708203932499368,0.05700877125495691,0.09143370036714384
713.0,0.1,cot,0.0,0.0,0.022360679774997918,0.022360679774997887,0.02738612787525829,0.014421497485050819
713.0,0.1,direct,0.022360679774997873,0.044721359549995836,0.022360679774997935,0.0,0.02738612787525833,0.023365769395049994
713.0,0.1,think,0.0,0.0,0.0,0.0,0.02738612787525833,0.0054772255750516665
713.0,0.3,cot,0.0273861278752583,0.0273861278752583,0.04472135954999578,0.0,0.027386127875258317,0.02537594863515414
713.0,0.3,direct,0.02738612787525826,0.041833001326703784,0.02738612787525833,0.0223606797749979,0.022360679774997935,0.028265323325443247
713.0,0.3,think,0.0,0.0,0.022360679774997935,0.0,0.04183300132670376,0.012838736220340341
713.0,0.5,cot,0.22638462845343543,0.06519202405202647,0.022360679774997918,0.32210246816812815,0.06519202405202651,0.14024636490012288
713.0,0.5,direct,0.044721359549995766,0.027386127875258248,0.0670820393249937,0.0223606797749979,0.04183300132670383,0.04067664157038989
713.0,0.5,think,0.0,0.0,0.02738612787525833,0.0,0.022360679774997873,0.00994936153005124
713.0,0.7,cot,0.04999999999999998,0.027386127875258258,0.04183300132670381,0.04183300132670379,0.04183300132670376,0.040577026371073924
713.0,0.7,direct,0.022360679774997918,0.04472135954999579,0.02738612787525832,0.02236067977499789,0.04183300132670381,0.031732369660390745
713.0,0.7,think,0.04472135954999575,0.05477225575051662,0.022360679774997935,0.0223606797749979,0.04183300132670381,0.03720959523544241
713.0,0.9,cot,0.19493588689617927,0.10954451150103324,0.02738612787525833,0.05477225575051661,0.02236067977499793,0.08179989235959709
713.0,0.9,direct,0.08944271909999155,0.04472135954999579,0.02738612787525833,0.0223606797749979,0.07582875444051557,0.05194792814815182
713.0,0.9,think,0.08366600265340755,0.0,0.022360679774997935,0.027386127875258317,0.1,0.04668256206073276
722.0,0.1,cot,0.15411035007422436,0.027386127875258317,0.0,0.027386127875258317,0.05477225575051662,0.05273097231505153
722.0,0.1,direct,0.0,0.02738612787525832,0.0,0.02738612787525833,0.06519202405202652,0.023992855960508635
722.0,0.1,think,0.02236067977499789,0.10368220676663861,0.022360679774997887,0.02738612787525833,0.15572411502397437,0.06630276184317342
722.0,0.3,cot,0.26786190471957744,0.04183300132670381,0.11180339887498948,0.07582875444051553,0.10606601717798216,0.12067861530795368
722.0,0.3,direct,0.0,0.0,0.08215838362577492,0.027386127875258317,0.16201851746019647,0.054312605792245935
722.0,0.3,think,0.02236067977499789,0.04472135954999579,0.027386127875258286,0.022360679774997918,0.11937336386313321,0.04724044216767662
722.0,0.5,cot,0.022360679774997894,0.0,0.0,0.050000000000000044,0.06519202405202651,0.02751054076540489
722.0,0.5,direct,0.027386127875258293,0.02738612787525833,0.06708203932499371,0.02738612787525824,0.17464249196572978,0.06477658298329966
722.0,0.5,think,0.0,0.0741619848709566,0.044721359549995836,0.03535533905932741,0.08366600265340753,0.04758093722673747
722.0,0.7,cot,0.21389249636207436,0.09354143466934854,0.04472135954999577,0.022360679774997935,0.09617692030835671,0.09413857813295468
722.0,0.7,direct,0.02236067977499789,0.07582875444051548,0.04472135954999578,0.04472135954999585,0.08215838362577493,0.053958107388255995
722.0,0.7,think,0.05477225575051663,0.035355339059327355,0.04183300132670374,0.050000000000000044,0.09999999999999996,0.056392119227309544
722.0,0.9,cot,0.027386127875258293,0.06519202405202651,0.022360679774997918,0.04472135954999575,0.1244989959798873,0.05683183744643315
722.0,0.9,direct,0.022360679774997894,0.08944271909999156,0.02738612787525833,0.02738612787525833,0.1140175425099138,0.056118639427083984
722.0,0.9,think,0.04999999999999999,0.07582875444051544,0.02738612787525829,0.04472135954999579,0.20432816741702547,0.080452881856559
758.0,0.1,cot,0.027386127875258296,0.0418330013267038,0.0,0.0,0.16955824957813173,0.04775547575601876
758.0,0.1,direct,0.03535533905932737,0.022360679774997838,0.02236067977499793,0.05477225575051662,0.15652475842498528,0.058274742556965006
758.0,0.1,think,0.0,0.0418330013267038,0.04472135954999581,0.0,0.07582875444051551,0.032476623063443025
758.0,0.3,cot,0.02236067977499789,0.02738612787525826,0.02738612787525826,0.0,0.15572411502397437,0.04657141010989776
758.0,0.3,direct,0.022360679774997894,0.035355339059327376,0.022360679774997935,0.022360679774997935,0.15247950681976907,0.05098337704081805
758.0,0.3,think,0.022360679774997894,0.022360679774997918,0.022360679774997873,0.022360679774997918,0.1680773631397161,0.05150401644794154
758.0,0.5,cot,0.0273861278752583,0.0651920240520265,0.02738612787525828,0.04999999999999999,0.13509256086106297,0.06101136813272121
758.0,0.5,direct,0.04183300132670376,0.03535533905932737,0.022360679774997918,0.022360679774997918,0.1781852968120546,0.06001899934961632
758.0,0.5,think,0.06519202405202647,0.035355339059327404,0.022360679774997866,0.03535533905932741,0.17888543819998318,0.06742976402913246
758.0,0.7,cot,0.04183300132670377,0.0741619848709566,0.027386127875258265,0.03535533905932741,0.12449899597988734,0.060647089822426684
758.0,0.7,direct,0.04183300132670377,0.09617692030835669,0.03535533905932737,0.09354143466934856,0.2109502310972899,0.09557138529220524
758.0,0.7,think,0.06519202405202648,0.06519202405202648,0.03535533905932736,0.06123724356957946,0.14404860290887933,0.07420504672836783
758.0,0.9,cot,0.054772255750516606,0.09082951062292476,0.03535533905932735,0.02738612787525833,0.17102631376487074,0.07587390941457955
758.0,0.9,direct,0.09617692030835673,0.03535533905932735,0.04472135954999578,0.08215838362577493,0.12549900398011132,0.07678220130471322
758.0,0.9,think,0.022360679774997904,0.07071067811865472,0.022360679774997887,0.02738612787525832,0.15652475842498526,0.05986858479377881
789.0,0.1,cot,0.02236067977499789,0.0821583836257749,0.0,0.022360679774997935,0.05477225575051663,0.03633039978525747
789.0,0.1,direct,0.09746794344808964,0.12449899597988727,0.0,0.06519202405202654,0.1565247584249853,0.08873674438099775
789.0,0.1,think,0.18506755523321747,0.022360679774997935,0.0,0.041833001326703825,0.06123724356957949,0.06209969598089974
789.0,0.3,cot,0.027386127875258293,0.07071067811865472,0.022360679774997862,0.04183300132670377,0.04472135954999579,0.04140236932912209
789.0,0.3,direct,0.08660254037844388,0.08215838362577489,0.022360679774997873,0.05477225575051665,0.19557607215607944,0.08829398633716254
789.0,0.3,think,0.1949358868961793,0.08215838362577493,0.02738612787525829,0.02738612787525832,0.035355339059327376,0.07344437306635963
789.0,0.5,cot,0.04472135954999579,0.08366600265340753,0.022360679774997876,0.022360679774997876,0.10368220676663861,0.05535818570400752
789.0,0.5,direct,0.057008771254956875,0.11510864433221336,0.0,0.05477225575051661,0.15165750888103102,0.07570943604374358
789.0,0.5,think,0.11510864433221339,0.0961769203083567,0.02738612787525826,0.04472135954999584,0.07582875444051547,0.07184436130126794
789.0,0.7,cot,0.0,0.08944271909999155,0.054772255750516606,0.0447213595499958,0.14317821063276354,0.0664229090066535
789.0,0.7,direct,0.15652475842498534,0.08660254037844385,0.04183300132670375,0.07582875444051547,0.13416407864998733,0.09899062664412714
789.0,0.7,think,0.09354143466934856,0.08366600265340751,0.027386127875258272,0.03535533905932741,0.035355339059327404,0.05506084866333383
789.0,0.9,cot,0.04472135954999577,0.06519202405202647,0.027386127875258265,0.022360679774997918,0.09746794344808965,0.05142562694007362
789.0,0.9,direct,0.1981161275615895,0.06123724356957943,0.04183300132670373,0.05000000000000005,0.16431676725154984,0.1031006279418845
789.0,0.9,think,0.09617692030835674,0.09082951062292471,0.06519202405202648,0.04472135954999585,0.1680773631397161,0.09299943553460398
830.0,0.1,cot,0.07071067811865477,0.10368220676663858,0.0,0.022360679774997935,0.07582875444051553,0.054516463820161364
830.0,0.1,direct,0.02738612787525829,0.0,0.0,0.0,0.0,0.005477225575051658
830.0,0.1,think,0.041833001326703805,0.0273861278752583,0.022360679774997838,0.022360679774997935,0.0,0.022788097750391575
830.0,0.3,cot,0.05700877125495692,0.02738612787525833,0.0,0.02738612787525833,0.07905694150420949,0.03816759370193661
830.0,0.3,direct,0.06519202405202648,0.0,0.0,0.04472135954999578,0.0,0.021982676720404454
830.0,0.3,think,0.057008771254956896,0.022360679774997838,0.022360679774997876,0.02236067977499793,0.0670820393249937,0.038234569980988856
830.0,0.5,cot,0.08215838362577492,0.11510864433221335,0.022360679774997918,0.027386127875258348,0.05477225575051661,0.060357218271752236
830.0,0.5,direct,0.10954451150103323,0.061237243569579436,0.035355339059327376,0.0418330013267038,0.03535533905932739,0.05666508690319425
830.0,0.5,think,0.0,0.027386127875258265,0.022360679774997862,0.04472135954999577,0.10839741694339398,0.040573116828729175
830.0,0.7,cot,0.07416198487095663,0.09082951062292473,0.022360679774997866,0.022360679774997918,0.09082951062292476,0.06010847313336039
830.0,0.7,direct,0.04183300132670376,0.05700877125495692,0.027386127875258272,0.0570087712549569,0.04999999999999995,0.046647334342375155
830.0,0.7,think,0.027386127875258286,0.04183300132670373,0.02738612787525829,0.04472135954999578,0.0,0.02826532332544322
830.0,0.9,cot,0.04183300132670381,0.05700877125495689,0.027386127875258286,0.02236067977499793,0.13874436925511607,0.05746658989740659
830.0,0.9,direct,0.08215838362577493,0.04183300132670378,0.022360679774997873,0.0570087712549569,0.041833001326703756,0.04903876746182745
830.0,0.9,think,0.0758287544405155,0.10246950765959602,0.022360679774997887,0.07416198487095667,0.057008771254956875,0.06636593960020458
835.0,0.1,cot,0.0,0.0,0.0,0.0,0.02236067977499789,0.004472135954999578
835.0,0.1,direct,0.0,0.0447213595499958,0.0,0.022360679774997887,0.022360679774997894,0.017888543819998316
835.0,0.1,think,0.044721359549995794,0.04472135954999583,0.07071067811865475,0.022360679774997935,0.0273861278752583,0.04198004097378052
835.0,0.3,cot,0.07071067811865474,0.07071067811865478,0.05477225575051663,0.022360679774997935,0.04183300132670376,0.05207745861790557
835.0,0.3,direct,0.022360679774997894,0.0,0.12247448713915889,0.022360679774997918,0.10954451150103324,0.05534807163803759
835.0,0.3,think,0.0447213595499958,0.07071067811865475,0.11401754250991375,0.022360679774997918,0.0447213595499958,0.0593063239007116
835.0,0.5,cot,0.07582875444051551,0.1151086443322134,0.02236067977499793,0.0,0.0894427190999916,0.06054815952954369
835.0,0.5,direct,0.0,0.10954451150103323,0.12247448713915889,0.027386127875258286,0.027386127875258303,0.05735825087814174
835.0,0.5,think,0.02236067977499789,0.08366600265340757,0.12247448713915889,0.02738612787525829,0.02236067977499789,0.055649595443564105
835.0,0.7,cot,0.06123724356957945,0.1,0.1457737973711325,0.022360679774997887,0.16955824957813168,0.09978599405876831
835.0,0.7,direct,0.022360679774997894,0.08366600265340757,0.151657508881031,0.0,0.03535533905932737,0.058607906073752755
835.0,0.7,think,0.027386127875258293,0.10246950765959599,0.1244989959798873,0.0,0.15247950681976907,0.08136682766690213
835.0,0.9,cot,0.022360679774997907,0.07416198487095663,0.1254990039801113,0.0,0.0,0.044404333725213165
835.0,0.9,direct,0.0,0.08366600265340757,0.10368220676663863,0.0,0.13038404810405302,0.06354645150481984
835.0,0.9,think,0.022360679774997894,0.09617692030835673,0.054772255750516585,0.0,0.06123724356957946,0.04690941988069013
875.0,0.1,cot,0.05477225575051661,0.0447213595499958,0.0,0.0,0.0273861278752583,0.025375948635154143
875.0,0.1,direct,0.0,0.0,0.02738612787525833,0.02738612787525829,0.02236067977499789,0.0154265871051029
875.0,0.1,think,0.0,0.08215838362577493,0.02738612787525833,0.0,0.07582875444051551,0.037074653188309756
875.0,0.3,cot,0.05477225575051662,0.044721359549995815,0.027386127875258275,0.02738612787525833,0.022360679774997894,0.03532531016520538
875.0,0.3,direct,0.0,0.05477225575051663,0.044721359549995815,0.022360679774997876,0.0,0.024370859015102064
875.0,0.3,think,0.02236067977499789,0.05477225575051658,0.04472135954999578,0.022360679774997862,0.14747881203752622,0.05833875737760687
875.0,0.5,cot,0.0447213595499958,0.054772255750516634,0.03535533905932737,0.022360679774997935,0.03535533905932737,0.03851299463883302
875.0,0.5,direct,0.05477225575051661,0.10000000000000002,0.1746424919657298,0.022360679774997873,0.07582875444051553,0.08552083638635197
875.0,0.5,think,0.0273861278752583,0.13509256086106297,0.05700877125495689,0.022360679774997887,0.14747881203752625,0.07786539036076046
875.0,0.7,cot,0.0670820393249937,0.05477225575051662,0.07582875444051546,0.02738612787525832,0.0273861278752583,0.050491061053308486
875.0,0.7,direct,0.0,0.0894427190999916,0.08366600265340758,0.03535533905932739,0.0273861278752583,0.047170037737596975
875.0,0.7,think,0.022360679774997894,0.09746794344808965,0.09082951062292473,0.027386127875258286,0.11726039399558574,0.07106093114337127
875.0,0.9,cot,0.05477225575051661,0.04472135954999581,0.06519202405202652,0.022360679774997876,0.17888543819998318,0.073186351465504
875.0,0.9,direct,0.0,0.0447213595499958,0.12247448713915894,0.022360679774997876,0.18907670401189036,0.0757266460952086
875.0,0.9,think,0.02236067977499789,0.08944271909999156,0.08944271909999162,0.022360679774997887,0.11510864433221343,0.06774308841643847
901.0,0.1,cot,0.02738612787525833,0.08944271909999157,0.0,0.022360679774997935,0.0,0.02783790535004957
901.0,0.1,direct,0.0,0.0,0.0,0.0,0.022360679774997904,0.004472135954999581
901.0,0.1,think,0.12449899597988733,0.05000000000000002,0.022360679774997876,0.02236067977499793,0.04472135954999577,0.05278834301597578
901.0,0.3,cot,0.09082951062292478,0.02236067977499793,0.0,0.0670820393249937,0.02738612787525828,0.04153167151963494
901.0,0.3,direct,0.022360679774997862,0.0,0.0,0.0,0.0670820393249937,0.017888543819998312
901.0,0.3,think,0.09082951062292473,0.05700877125495691,0.022360679774997918,0.04183300132670379,0.07582875444051553,0.057572143484019775
901.0,0.5,cot,0.05477225575051663,0.050000000000000044,0.02738612787525828,0.06708203932499371,0.0447213595499958,0.048792356500152886
901.0,0.5,direct,0.027386127875258317,0.04183300132670379,0.0,0.0,0.07071067811865477,0.027985961464123375
901.0,0.5,think,0.027386127875258348,0.03535533905932735,0.02738612787525829,0.0670820393249937,0.05,0.04144192682696753
901.0,0.7,cot,0.02738612787525833,0.06519202405202651,0.022360679774997876,0.044721359549995836,0.05700877125495695,0.0433337925014471
901.0,0.7,direct,0.10246950765959599,0.10839741694339401,0.022360679774997873,0.044721359549995815,0.061237243569579485,0.06783724149951263
901.0,0.7,think,0.07905694150420951,0.07905694150420947,0.027386127875258286,0.027386127875258348,0.044721359549995794,0.051521499661786284
901.0,0.9,cot,0.04472135954999577,0.1,0.0,0.050000000000000044,0.09082951062292471,0.057110174034584106
901.0,0.9,direct,0.20736441353327723,0.07071067811865474,0.03535533905932742,0.07582875444051547,0.05477225575051666,0.0888062881804583
901.0,0.9,think,0.19557607215607947,0.02738612787525832,0.022360679774997887,0.057008771254956916,0.04472135954999583,0.06941060212225769
906.0,0.1,cot,0.02236067977499789,0.15652475842498528,0.0,0.0447213595499958,0.1095445115010332,0.06663026185020245
906.0,0.1,direct,0.02738612787525829,0.1387443692551161,0.04183300132670375,0.02738612787525826,0.02738612787525833,0.05254715084151895
906.0,0.1,think,0.022360679774997894,0.0,0.02738612787525833,0.049999999999999996,0.130384048104053,0.04602617115086184
906.0,0.3,cot,0.02236067977499789,0.08660254037844384,0.022360679774997862,0.041833001326703805,0.17818529681205464,0.0702684396134396
906.0,0.3,direct,0.04183300132670379,0.05700877125495691,0.03535533905932733,0.035355339059327404,0.0821583836257749,0.050342166865218065
906.0,0.3,think,0.02738612787525829,0.02738612787525833,0.0,0.0547722557505166,0.18234582528810472,0.05837806735782759
906.0,0.5,cot,0.027386127875258293,0.0651920240520265,0.04183300132670375,0.04472135954999575,0.17818529681205464,0.07146356192320778
906.0,0.5,direct,0.23822258499143192,0.10839741694339403,0.04183300132670377,0.0670820393249937,0.10839741694339397,0.11278649190598347
906.0,0.5,think,0.027386127875258293,0.04183300132670378,0.02738612787525832,0.0353553390593274,0.03535533905932742,0.033463187039175044
906.0,0.7,cot,0.03535533905932738,0.11510864433221338,0.027386127875258272,0.02738612787525829,0.1746424919657298,0.07597574622155742
906.0,0.7,direct,0.04999999999999999,0.14747881203752625,0.04999999999999999,0.04472135954999579,0.10839741694339397,0.0801195177061832
906.0,0.7,think,0.03535533905932738,0.08215838362577492,0.02738612787525833,0.06708203932499372,0.11726039399558573,0.06584845677618802
906.0,0.9,cot,0.054772255750516585,0.07071067811865475,0.022360679774997935,0.07582875444051554,0.10368220676663865,0.0654709149702647
906.0,0.9,direct,0.2797320146139873,0.11510864433221336,0.05477225575051657,0.04472135954999577,0.16046806535881214,0.13096046792110502
906.0,0.9,think,0.08215838362577493,0.04183300132670378,0.02738612787525833,0.04472135954999579,0.11937336386313319,0.0630944472481732
940.0,0.1,cot,0.0447213595499958,0.054772255750516634,0.05477225575051667,0.0,0.03535533905932737,0.03792424202207129
940.0,0.1,direct,0.02236067977499789,0.0,0.0,0.0,0.027386127875258296,0.009949361530051238
940.0,0.1,think,0.0,0.11401754250991378,0.022360679774997935,0.027386127875258286,0.2079663434308542,0.07434613871820483
940.0,0.3,cot,0.022360679774997907,0.05000000000000003,0.022360679774997918,0.0,0.02236067977499789,0.02341640786499875
940.0,0.3,direct,0.027386127875258293,0.04183300132670377,0.022360679774997918,0.05477225575051658,0.14142135623730953,0.057554684192957214
940.0,0.3,think,0.0,0.15,0.027386127875258317,0.0,0.07416198487095663,0.05030962254924298
940.0,0.5,cot,0.041833001326703784,0.07071067811865477,0.13874436925511607,0.0,0.027386127875258293,0.05573483531514658
940.0,0.5,direct,0.0273861278752583,0.0,0.0,0.04472135954999579,0.0273861278752583,0.019898723060102475
940.0,0.5,think,0.0273861278752583,0.08366600265340754,0.04472135954999585,0.0,0.054772255750516606,0.042109149165835656
940.0,0.7,cot,0.041833001326703784,0.08366600265340757,0.1341640786499874,0.0,0.0273861278752583,0.057409842101071404
940.0,0.7,direct,0.022360679774997894,0.11401754250991376,0.04183300132670375,0.022360679774997873,0.16201851746019652,0.07251808416936197
940.0,0.7,think,0.05477225575051661,0.0894427190999916,0.08215838362577493,0.022360679774997918,0.07905694150420949,0.0655581959510981
940.0,0.9,cot,0.02236067977499789,0.044721359549995815,0.06519202405202651,0.02738612787525833,0.09746794344808964,0.05142562694007363
940.0,0.9,direct,0.0,0.11401754250991379,0.0670820393249937,0.022360679774997887,0.02738612787525831,0.04616927789703274
940.0,0.9,think,0.022360679774997894,0.0547722557505166,0.02738612787525833,0.022360679774997887,0.04472135954999577,0.0343202205451533
942.0,0.1,cot,0.02738612787525829,0.04472135954999578,0.027386127875258248,0.04472135954999578,0.03535533905932736,0.03591406278196709
942.0,0.1,direct,0.027386127875258303,0.022360679774997904,0.022360679774997876,0.02236067977499793,0.02236067977499793,0.023365769395049984
942.0,0.1,think,0.03535533905932737,0.0570087712549569,0.022360679774997862,0.022360679774997862,0.05477225575051663,0.03837154512295933
942.0,0.3,cot,0.0273861278752583,0.1095445115010332,0.022360679774997873,0.027386127875258286,0.1095445115010332,0.05924439170551617
942.0,0.3,direct,0.0273861278752583,0.02738612787525833,0.0,0.027386127875258317,0.027386127875258317,0.021908902300206652
942.0,0.3,think,0.0273861278752583,0.03535533905932735,0.03535533905932737,0.02738612787525826,0.02738612787525826,0.03057381234888591
942.0,0.5,cot,0.04999999999999999,0.0894427190999916,0.022360679774997873,0.0570087712549569,0.0651920240520265,0.05680083883639457
942.0,0.5,direct,0.0,0.0758287544405155,0.0273861278752583,0.04183300132670378,0.02738612787525833,0.034486802303547184
942.0,0.5,think,0.07905694150420949,0.06519202405202644,0.022360679774997873,0.022360679774997873,0.027386127875258317,0.043271290596297994
942.0,0.7,cot,0.04472135954999579,0.02738612787525832,0.04183300132670375,0.04183300132670377,0.0651920240520265,0.04419310282613763
942.0,0.7,direct,0.04183300132670378,0.06519202405202644,0.022360679774997873,0.035355339059327376,0.05,0.042948208842611094
942.0,0.7,think,0.03535533905932737,0.07416198487095658,0.022360679774997876,0.0273861278752583,0.02738612787525833,0.03733005189115969
942.0,0.9,cot,0.0273861278752583,0.05700877125495691,0.0273861278752583,0.027386127875258317,0.04999999999999998,0.037833430976146366
942.0,0.9,direct,0.05700877125495689,0.0935414346693485,0.02738612787525824,0.05477225575051658,0.04472135954999585,0.055485989820015215
942.0,0.9,think,0.049999999999999996,0.06519202405202647,0.027386127875258286,0.05477225575051657,0.02738612787525833,0.04494730711061193
986.0,0.1,cot,0.022360679774997918,0.04472135954999577,0.0,0.0,0.027386127875258286,0.018893633440050395
986.0,0.1,direct,0.03535533905932736,0.03535533905932741,0.022360679774997904,0.07071067811865471,0.0,0.03275640720246148
986.0,0.1,think,0.022360679774997876,0.0,0.022360679774997876,0.0,0.06708203932499371,0.022360679774997894
986.0,0.3,cot,0.21908902300206645,0.022360679774997918,0.0,0.022360679774997935,0.02738612787525829,0.058239302085464115
986.0,0.3,direct,0.02738612787525833,0.03535533905932735,0.0,0.0570087712549569,0.041833001326703784,0.03231664790324927
986.0,0.3,think,0.04183300132670375,0.057008771254956944,0.022360679774997887,0.04472135954999579,0.06519202405202651,0.04622316719173618
986.0,0.5,cot,0.022360679774997935,0.04472135954999577,0.0,0.0447213595499958,0.06708203932499364,0.03577708763999663
986.0,0.5,direct,0.02738612787525833,0.057008771254956916,0.0,0.1274754878398196,0.03535533905932741,0.049445145205872454
986.0,0.5,think,0.0741619848709566,0.04472135954999583,0.02738612787525829,0.06519202405202645,0.13509256086106294,0.06931081144186002
986.0,0.7,cot,0.18708286933869708,0.04472135954999582,0.04472135954999577,0.04472135954999579,0.14142135623730948,0.09253366084519879
986.0,0.7,direct,0.041833001326703784,0.02738612787525833,0.0,0.11937336386313323,0.21908902300206642,0.08153630321343235
986.0,0.7,think,0.2207940216581962,0.0570087712549569,0.022360679774997862,0.050000000000000044,0.06708203932499372,0.08344910240262896
986.0,0.9,cot,0.09617692030835674,0.057008771254956916,0.0,0.061237243569579436,0.10368220676663861,0.06362102837990634
986.0,0.9,direct,0.03535533905932735,0.04183300132670378,0.022360679774997904,0.11401754250991383,0.09082951062292476,0.06087921465877353
986.0,0.9,think,0.2079663434308542,0.07582875444051547,0.022360679774997873,0.035355339059327424,0.18506755523321752,0.1053157343877825
1007.0,0.1,cot,0.022360679774997876,0.02236067977499793,0.022360679774997935,0.022360679774997887,0.08944271909999162,0.03577708763999665
1007.0,0.1,direct,0.04472135954999579,0.07582875444051548,0.022360679774997935,0.0447213595499958,0.15165750888103102,0.0678579324393072
1007.0,0.1,think,0.0,0.0,0.022360679774997918,0.0223606797749979,0.0,0.008944271909999163
1007.0,0.3,cot,0.0,0.0,0.027386127875258317,0.022360679774997894,0.0651920240520265,0.02298776634045654
1007.0,0.3,direct,0.06519202405202648,0.022360679774997935,0.02738612787525833,0.0447213595499958,0.1635542723379613,0.06464289271804798
1007.0,0.3,think,0.0447213595499958,0.04472135954999582,0.022360679774997918,0.027386127875258313,0.0,0.027837905350049576
1007.0,0.5,cot,0.044721359549995766,0.02236067977499793,0.02738612787525833,0.04183300132670377,0.14747881203752627,0.05675599611289641
1007.0,0.5,direct,0.07416198487095664,0.04472135954999585,0.022360679774997904,0.04472135954999579,0.17175564037317667,0.07154420482382458
1007.0,0.5,think,0.03535533905932739,0.04999999999999999,0.03535533905932741,0.0,0.07582875444051553,0.03930788651183407
1007.0,0.7,cot,0.02738612787525829,0.04183300132670378,0.02738612787525833,0.02236067977499789,0.054772255750516606,0.03474763852054698
1007.0,0.7,direct,0.31741140496207754,0.04183300132670372,0.027386127875258317,0.02738612787525831,0.21330729007701538,0.12546479042326264
1007.0,0.7,think,0.10954451150103321,0.027386127875258317,0.022360679774997918,0.027386127875258313,0.05700877125495685,0.04873724365630092
1007.0,0.9,cot,0.2318404623873926,0.1673320053068151,0.0,0.02738612787525831,0.21621748310439654,0.12855521573477252
1007.0,0.9,direct,0.09082951062292476,0.09354143466934854,0.022360679774997918,0.0223606797749979,0.17818529681205464,0.08145552033086476
1007.0,0.9,think,0.28504385627478446,0.041833001326703735,0.035355339059327404,0.027386127875258313,0.20124611797498107,0.118172888502211
1023.0,0.1,cot,0.07071067811865475,0.0758287544405155,0.0,0.07071067811865472,0.2079663434308542,0.08504329082173583
1023.0,0.1,direct,0.022360679774997894,0.02236067977499793,0.022360679774997935,0.04183300132670375,0.14577379737113252,0.05093776760456601
1023.0,0.1,think,0.022360679774997894,0.02738612787525833,0.0,0.05477225575051658,0.20736441353327723,0.06237669538681001
1023.0,0.3,cot,0.04472135954999577,0.02738612787525833,0.02738612787525829,0.04183300132670378,0.09354143466934854,0.046973610259312945
1023.0,0.3,direct,0.02236067977499789,0.06519202405202648,0.0758287544405155,0.044721359549995766,0.0894427190999916,0.05950910738350544
1023.0,0.3,think,0.11937336386313323,0.04183300132670374,0.022360679774997862,0.022360679774997862,0.18708286933869706,0.07860211881570596
1023.0,0.5,cot,0.04472135954999578,0.04472135954999579,0.04183300132670375,0.027386127875258275,0.2079663434308542,0.07332563834656156
1023.0,0.5,direct,0.12549900398011132,0.02236067977499793,0.02738612787525829,0.0570087712549569,0.11937336386313326,0.07032558934969155
1023.0,0.5,think,0.03535533905932737,0.027386127875258317,0.03535533905932737,0.04472135954999579,0.1890767040118904,0.06637897391115985
1023.0,0.7,cot,0.09354143466934854,0.027386127875258275,0.06519202405202647,0.027386127875258275,0.02738612787525829,0.04817836846942997
1023.0,0.7,direct,0.0273861278752583,0.0,0.19170289512680816,0.027386127875258248,0.15165750888103102,0.07962653195167115
1023.0,0.7,think,0.06708203932499368,0.02738612787525833,0.07071067811865478,0.04183300132670375,0.19170289512680816,0.07974294835448374
1023.0,0.9,cot,0.108397416943394,0.0961769203083567,0.035355339059327404,0.05000000000000001,0.20493901531919198,0.09897373832605401
1023.0,0.9,direct,0.11726039399558576,0.08366600265340755,0.05477225575051661,0.0418330013267038,0.044721359549995794,0.06845060265524192
1023.0,0.9,think,0.07071067811865474,0.06123724356957947,0.04183300132670374,0.027386127875258275,0.18234582528810472,0.0767025752356602
1042.0,0.1,cot,0.027386127875258303,0.08660254037844387,0.022360679774997862,0.04472135954999578,0.022360679774997918,0.040686277470738746
1042.0,0.1,direct,0.027386127875258293,0.0670820393249937,0.0273861278752583,0.04472135954999578,0.16807736313971613,0.06693060355304445
1042.0,0.1,think,0.022360679774997894,0.1341640786499874,0.06708203932499372,0.035355339059327404,0.1746424919657298,0.08672092575500726
1042.0,0.3,cot,0.08660254037844388,0.06519202405202648,0.022360679774997838,0.04472135954999578,0.19493588689617924,0.08276249813032864
1042.0,0.3,direct,0.027386127875258303,0.0758287544405155,0.02738612787525828,0.04183300132670376,0.16355427233796124,0.06719765677113942
1042.0,0.3,think,0.0,0.07071067811865474,0.04183300132670375,0.027386127875258286,0.19685019685029526,0.0673560008341824
1042.0,0.5,cot,0.022360679774997894,0.11401754250991382,0.04472135954999577,0.0273861278752583,0.18165902124584948,0.07802894619120306
1042.0,0.5,direct,0.027386127875258286,0.08215838362577488,0.022360679774997862,0.022360679774997918,0.0,0.03085317421020579
1042.0,0.5,think,0.10839741694339398,0.0670820393249937,0.02738612787525833,0.022360679774997876,0.05700877125495688,0.05644700703472015
1042.0,0.7,cot,0.06519202405202648,0.14832396974191325,0.022360679774997876,0.027386127875258286,0.1753567791675018,0.08772391612233954
1042.0,0.7,direct,0.09746794344808965,0.15572411502397437,0.0273861278752583,0.0,0.1823458252881047,0.09258480232708541
1042.0,0.7,think,0.027386127875258296,0.10839741694339401,0.05477225575051663,0.04472135954999577,0.22192341021172146,0.09144011406617723
1042.0,0.9,cot,0.08944271909999157,0.06123724356957947,0.04472135954999578,0.03535533905932739,0.17888543819998315,0.08192841989577547
1042.0,0.9,direct,0.1767766952966369,0.06519202405202651,0.03535533905932735,0.022360679774997918,0.15572411502397437,0.0910817706413926
1042.0,0.9,think,0.02738612787525829,0.11937336386313323,0.02738612787525829,0.04472135954999579,0.0353553390593274,0.05084446364459459
1059.0,0.1,cot,0.022360679774997904,0.022360679774997873,0.022360679774997866,0.04999999999999997,0.022360679774997887,0.0278885438199983
1059.0,0.1,direct,0.10954451150103321,0.04472135954999578,0.0,0.05477225575051662,0.15165750888103102,0.07213912713651532
1059.0,0.1,think,0.02236067977499789,0.054772255750516585,0.022360679774997935,0.0,0.0,0.019898723060102482
1059.0,0.3,cot,0.0,0.08366600265340754,0.02738612787525829,0.0,0.02738612787525829,0.027687651680784825
1059.0,0.3,direct,0.10368220676663858,0.04999999999999999,0.0,0.04472135954999579,0.18907670401189036,0.07749605406570495
1059.0,0.3,think,0.022360679774997894,0.04472135954999578,0.02236067977499793,0.0,0.02236067977499789,0.0223606797749979
1059.0,0.5,cot,0.0,0.08366600265340755,0.08944271909999163,0.0,0.02236067977499789,0.03909388030567942
1059.0,0.5,direct,0.0273861278752583,0.07416198487095663,0.02738612787525833,0.04183300132670374,0.151657508881031,0.06448495016584159
1059.0,0.5,think,0.0273861278752583,0.022360679774997918,0.035355339059327355,0.0,0.16955824957813173,0.05093207925754306
1059.0,0.7,cot,0.061237243569579436,0.09746794344808965,0.04472135954999583,0.0,0.02738612787525829,0.04616253488858464
1059.0,0.7,direct,0.06708203932499367,0.05477225575051663,0.04472135954999585,0.022360679774997918,0.10839741694339401,0.05946675026877961
1059.0,0.7,think,0.027386127875258293,0.04472135954999579,0.0,0.022360679774997918,0.0447213595499958,0.027837905350049562
1059.0,0.9,cot,0.06123724356957945,0.08366600265340755,0.0821583836257749,0.022360679774997862,0.04183300132670377,0.058251062190092705
1059.0,0.9,direct,0.04472135954999578,0.0651920240520265,0.05477225575051666,0.0,0.11401754250991379,0.05574063637249055
1059.0,0.9,think,0.04472135954999579,0.07582875444051551,0.04472135954999582,0.05477225575051658,0.108397416943394,0.06568822924688353
1068.0,0.1,cot,0.027386127875258293,0.044721359549995815,0.02738612787525826,0.0,0.07582875444051551,0.035064473948205575
1068.0,0.1,direct,0.0223606797749979,0.022360679774997918,0.022360679774997862,0.0,0.02236067977499789,0.017888543819998316
1068.0,0.1,think,0.0,0.0447213595499958,0.022360679774997862,0.027386127875258258,0.0,0.018893633440050385
1068.0,0.3,cot,0.022360679774997894,0.02236067977499791,0.027386127875258265,0.02738612787525833,0.0273861278752583,0.02537594863515414
1068.0,0.3,direct,0.04472135954999579,0.10246950765959602,0.130384048104053,0.022360679774997887,0.1949358868961793,0.0989742963969644
1068.0,0.3,think,0.0,0.05477225575051664,0.0,0.04472135954999578,0.02236067977499789,0.024370859015102064
1068.0,0.5,cot,0.04183300132670378,0.02738612787525833,0.04999999999999995,0.022360679774997935,0.04183300132670377,0.03668256206073275
1068.0,0.5,direct,0.0547722557505166,0.1396424004376894,0.0707106781186548,0.04183300132670376,0.2012461179749811,0.10164089072170915
1068.0,0.5,think,0.022360679774997894,0.0894427190999916,0.06123724356957946,0.02738612787525829,0.1767766952966369,0.07544069312329282
1068.0,0.7,cot,0.0273861278752583,0.05477225575051664,0.022360679774997873,0.022360679774997887,0.1396424004376894,0.05330442872269202
1068.0,0.7,direct,0.04472135954999577,0.08660254037844387,0.057008771254956916,0.0,0.022360679774997904,0.042138670191678884
1068.0,0.7,think,0.022360679774997894,0.07416198487095664,0.06123724356957943,0.04183300132670376,0.0273861278752583,0.0453958074834992
1068.0,0.9,cot,0.054772255750516606,0.0,0.022360679774997873,0.03535533905932741,0.02236067977499789,0.026969790871967957
1068.0,0.9,direct,0.0273861278752583,0.054772255750516606,0.09354143466934854,0.022360679774997918,0.16355427233796127,0.07232295408161653
1068.0,0.9,think,0.05700877125495691,0.10368220676663864,0.0570087712549569,0.022360679774997876,0.15411035007422444,0.07883415582515495
1084.0,0.1,cot,0.10839741694339401,0.06123724356957947,0.0,0.02738612787525833,0.14747881203752625,0.06889992008515161
1084.0,0.1,direct,0.0,0.022360679774997876,0.02738612787525829,0.035355339059327376,0.0,0.01702042934191671
1084.0,0.1,think,0.027386127875258293,0.02738612787525833,0.022360679774997873,0.022360679774997873,0.041833001326703805,0.028265323325443237
1084.0,0.3,cot,0.05477225575051659,0.08215838362577489,0.0,0.022360679774997918,0.10368220676663858,0.0525947051835856
1084.0,0.3,direct,0.24596747752497689,0.08215838362577492,0.0,0.044721359549995836,0.07071067811865471,0.08871157976388047
1084.0,0.3,think,0.027386127875258303,0.04183300132670373,0.027386127875258272,0.035355339059327355,0.04472135954999581,0.0353363911373087
1084.0,0.5,cot,0.26315394733881536,0.09354143466934856,0.0,0.050000000000000044,0.14747881203752622,0.11083483880913803
1084.0,0.5,direct,0.022360679774997894,0.041833001326703756,0.022360679774997873,0.022360679774997873,0.022360679774997935,0.026255144085339067
1084.0,0.5,think,0.0,0.035355339059327355,0.02738612787525829,0.057008771254956896,0.06708203932499367,0.037366455502907236
1084.0,0.7,cot,0.05700877125495689,0.1440486029088793,0.0,0.03535533905932737,0.12942179105544788,0.07316690085572228
1084.0,0.7,direct,0.23021728866442676,0.04472135954999575,0.027386127875258286,0.027386127875258258,0.1981161275615895,0.10556540630530571
1084.0,0.7,think,0.0273861278752583,0.04183300132670378,0.027386127875258286,0.027386127875258258,0.022360679774997873,0.0292704129454953
1084.0,0.9,cot,0.07582875444051551,0.04183300132670378,0.0,0.03535533905932737,0.07582875444051551,0.045769169853412436
1084.0,0.9,direct,0.22192341021172146,0.12942179105544788,0.04472135954999578,0.06123724356957945,0.12549900398011132,0.11656056167337119
1084.0,0.9,think,0.027386127875258296,0.04183300132670378,0.027386127875258286,0.04183300132670373,0.04183300132670377,0.03605425194612557
1095.0,0.1,cot,0.07582875444051551,0.02738612787525832,0.02738612787525826,0.04183300132670376,0.0894427190999916,0.05237534612354548
1095.0,0.1,direct,0.04183300132670377,0.027386127875258317,0.0,0.02738612787525832,0.02236067977499789,0.023793187370443662
1095.0,0.1,think,0.0,0.0,0.022360679774997876,0.022360679774997876,0.022360679774997887,0.013416407864998727
1095.0,0.3,cot,0.04183300132670377,0.022360679774997935,0.022360679774997887,0.0447213595499958,0.09999999999999999,0.046255144085339074
1095.0,0.3,direct,0.0273861278752583,0.0,0.0,0.0,0.027386127875258313,0.010954451150103323
1095.0,0.3,think,0.0,0.0,0.0,0.022360679774997876,0.0,0.004472135954999575
1095.0,0.5,cot,0.08366600265340755,0.0547722557505166,0.022360679774997887,0.05700877125495691,0.10606601717798216,0.06477474532237222
1095.0,0.5,direct,0.0273861278752583,0.04472135954999578,0.027386127875258275,0.041833001326703735,0.11180339887498952,0.050626003100441117
1095.0,0.5,think,0.0273861278752583,0.08944271909999156,0.0,0.049999999999999996,0.05477225575051664,0.0443202205451533
1095.0,0.7,cot,0.09082951062292476,0.044721359549995794,0.022360679774997862,0.035355339059327404,0.0894427190999916,0.056541921621447486
1095.0,0.7,direct,0.02236067977499789,0.08660254037844385,0.022360679774997887,0.022360679774997866,0.027386127875258293,0.03621414151573916
1095.0,0.7,think,0.0273861278752583,0.02738612787525833,0.027386127875258296,0.0273861278752583,0.09746794344808965,0.04140249098982458
1095.0,0.9,cot,0.0547722557505166,0.10839741694339403,0.027386127875258296,0.02738612787525826,0.15165750888103102,0.07391988746509164
1095.0,0.9,direct,0.0894427190999916,0.10368220676663857,0.0,0.0,0.1816590212458495,0.07495678942249592
1095.0,0.9,think,0.04999999999999999,0.07071067811865474,0.022360679774997862,0.022360679774997862,0.0894427190999916,0.050974951353728405
1122.0,0.1,cot,0.04472135954999577,0.04472135954999577,0.022360679774997873,0.022360679774997935,0.08944271909999157,0.04472135954999579
1122.0,0.1,direct,0.1781852968120546,0.08660254037844385,0.0,0.04472135954999577,0.02738612787525831,0.06737906492315052
1122.0,0.1,think,0.022360679774997904,0.027386127875258317,0.02738612787525828,0.027386127875258286,0.1917028951268081,0.05924439170551619
1122.0,0.3,cot,0.06123724356957945,0.1710263137648707,0.02738612787525829,0.02738612787525829,0.18506755523321747,0.09442067366363685
1122.0,0.3,direct,0.10368220676663861,0.10368220676663858,0.0,0.02738612787525824,0.21095023109728983,0.08914015450116505
1122.0,0.3,think,0.04472135954999578,0.08215838362577493,0.022360679774997866,0.04472135954999577,0.15,0.06879235650015288
1122.0,0.5,cot,0.15165750888103102,0.1746424919657298,0.02738612787525826,0.0651920240520265,0.19170289512680813,0.12211620958017073
1122.0,0.5,direct,0.13509256086106294,0.151657508881031,0.0,0.06708203932499372,0.17818529681205464,0.10640348117582846
1122.0,0.5,think,0.061237243569579436,0.13038404810405296,0.022360679774997862,0.022360679774997862,0.18371173070873836,0.0840108763864733
1122.0,0.7,cot,0.15165750888103102,0.09746794344808965,0.022360679774997866,0.0547722557505166,0.0547722557505166,0.07620612872103034
1122.0,0.7,direct,0.18506755523321744,0.1680773631397161,0.0,0.04472135954999585,0.1981161275615895,0.11919648109690377
1122.0,0.7,think,0.022360679774997904,0.10839741694339401,0.022360679774997866,0.04472135954999578,0.22192341021172146,0.08395270925102141
1122.0,0.9,cot,0.0758287544405155,0.0353553390593274,0.02738612787525826,0.04183300132670374,0.0894427190999916,0.05396918836035931
1122.0,0.9,direct,0.10368220676663863,0.10368220676663861,0.02738612787525826,0.04183300132670377,0.041833001326703805,0.06368330881238862
1122.0,0.9,think,0.049999999999999996,0.09082951062292476,0.022360679774997935,0.0,0.044721359549995794,0.0415823099895837
1182.0,0.1,cot,0.054772255750516606,0.0447213595499958,0.0,0.02738612787525833,0.0273861278752583,0.0308531742102058
1182.0,0.1,direct,0.02738612787525829,0.0,0.0,0.027386127875258272,0.07071067811865474,0.02509658677383426
1182.0,0.1,think,0.0,0.09999999999999999,0.04472135954999582,0.0,0.0273861278752583,0.03442149748505082
1182.0,0.3,cot,0.0447213595499958,0.0447213595499958,0.02738612787525824,0.022360679774997935,0.02236067977499789,0.03231004130504913
1182.0,0.3,direct,0.0273861278752583,0.05477225575051663,0.02738612787525828,0.057008771254956896,0.02236067977499789,0.0377827925061976
1182.0,0.3,think,0.0,0.0,0.04472135954999582,0.0,0.03535533905932737,0.016015339721864637
1182.0,0.5,cot,0.05477225575051661,0.0,0.022360679774997876,0.02738612787525832,0.027386127875258293,0.026381038255206223
1182.0,0.5,direct,0.0273861278752583,0.054772255750516606,0.04472135954999585,0.022360679774997873,0.04183300132670376,0.03821468485549447
1182.0,0.5,think,0.0,0.1140175425099138,0.06708203932499371,0.03535533905932742,0.0651920240520265,0.056329388989252285
1182.0,0.7,cot,0.044721359549995794,0.05000000000000002,0.02738612787525828,0.02738612787525833,0.0273861278752583,0.03537594863515414
1182.0,0.7,direct,0.02236067977499789,0.0894427190999916,0.05477225575051663,0.0447213595499958,0.03535533905932737,0.04933047064696585
1182.0,0.7,think,0.022360679774997894,0.11401754250991379,0.1387443692551161,0.0,0.02738612787525829,0.06050174388305722
1182.0,0.9,cot,0.022360679774997894,0.07071067811865477,0.035355339059327404,0.022360679774997918,0.0670820393249937,0.043573883210594334
1182.0,0.9,direct,0.022360679774997894,0.10954451150103324,0.16807736313971608,0.02738612787525828,0.0273861278752583,0.07095096203325275
1182.0,0.9,think,0.04472135954999577,0.08366600265340757,0.05477225575051666,0.0,0.08660254037844387,0.053952431666472775
1231.0,0.1,cot,0.02236067977499789,0.0651920240520265,0.027386127875258286,0.0651920240520265,0.20615528128088306,0.07725722740703844
1231.0,0.1,direct,0.0273861278752583,0.0,0.027386127875258265,0.02738612787525833,0.16431676725154987,0.04929503017546495
1231.0,0.1,think,0.08215838362577492,0.06123724356957947,0.0,0.022360679774997918,0.20186629238186354,0.07352451987044317
1231.0,0.3,cot,0.03535533905932737,0.09617692030835673,0.02738612787525826,0.04183300132670382,0.16583123951777,0.07331652561748322
1231.0,0.3,direct,0.027386127875258293,0.09746794344808962,0.02738612787525829,0.09746794344808961,0.19557607215607944,0.08905684296055505
1231.0,0.3,think,0.027386127875258286,0.07582875444051547,0.0,0.0,0.1680773631397161,0.05425844909109797
1231.0,0.5,cot,0.03535533905932737,0.10839741694339401,0.027386127875258258,0.04183300132670382,0.11937336386313323,0.06646904981356334
1231.0,0.5,direct,0.04183300132670376,0.10839741694339398,0.0,0.044721359549995815,0.1396424004376894,0.0669188356515566
1231.0,0.5,think,0.02236067977499789,0.07582875444051547,0.022360679774997838,0.022360679774997935,0.18371173070873836,0.0653245048948495
1231.0,0.7,cot,0.05700877125495689,0.09746794344808961,0.022360679774997876,0.04472135954999579,0.15572411502397437,0.07545657381040291
1231.0,0.7,direct,0.02236067977499789,0.054772255750516655,0.02738612787525824,0.04183300132670381,0.130384048104053,0.055347222566305906
1231.0,0.7,think,0.03535533905932736,0.07071067811865474,0.041833001326703756,0.07582875444051557,0.22527760652137618,0.08980107589331551
1231.0,0.9,cot,0.0547722557505166,0.0961769203083567,0.04472135954999578,0.041833001326703805,0.11401754250991382,0.07030421588909734
1231.0,0.9,direct,0.09746794344808964,0.0758287544405155,0.022360679774997838,0.14832396974191325,0.10246950765959598,0.08929017101302243
1231.0,0.9,think,0.11401754250991379,0.09617692030835671,0.041833001326703735,0.022360679774997876,0.2091650066335189,0.0967106301106982
1260.0,0.1,cot,0.035355339059327404,0.02738612787525833,0.0,0.02236067977499793,0.04183300132670381,0.025387029607257493
1260.0,0.1,direct,0.17888543819998315,0.02236067977499793,0.0,0.0,0.0,0.04024922359499621
1260.0,0.1,think,0.0223606797749979,0.041833001326703784,0.0,0.05700877125495689,0.10000000000000005,0.044240490471331724
1260.0,0.3,cot,0.13228756555322954,0.07582875444051553,0.0,0.05700877125495692,0.08215838362577492,0.06945669497489539
1260.0,0.3,direct,0.2079663434308542,0.03535533905932742,0.022360679774997918,0.08215838362577492,0.08215838362577498,0.0859998259033459
1260.0,0.3,think,0.29790938219532465,0.07071067811865478,0.022360679774997876,0.02738612787525832,0.07905694150420949,0.09948476189368902
1260.0,0.5,cot,0.05477225575051662,0.027386127875258317,0.022360679774997862,0.022360679774997862,0.08215838362577492,0.04180762536030912
1260.0,0.5,direct,0.2509980079602227,0.03535533905932742,0.022360679774997873,0.07582875444051551,0.04472135954999582,0.08585282815701187
1260.0,0.5,think,0.23611437906235194,0.05700877125495693,0.0353553390593274,0.02738612787525833,0.06519202405202651,0.08421132826078423
1260.0,0.7,cot,0.1981161275615895,0.06123724356957944,0.02738612787525826,0.03535533905932742,0.050000000000000024,0.07441896761315094
1260.0,0.7,direct,0.24083189157584592,0.06519202405202648,0.04472135954999577,0.041833001326703805,0.022360679774997918,0.08298779125591398
1260.0,0.7,think,0.16955824957813173,0.0908295106229248,0.022360679774997887,0.10368220676663858,0.041833001326703825,0.08565272961387936
1260.0,0.9,cot,0.20432816741702553,0.04472135954999581,0.022360679774997918,0.02738612787525833,0.054772255750516655,0.07071371807355885
1260.0,0.9,direct,0.19170289512680816,0.02738612787525832,0.022360679774997873,0.08215838362577489,0.05477225575051666,0.07567606843067118
1260.0,0.9,think,0.21621748310439654,0.05700877125495688,0.04999999999999997,0.11510864433221338,0.05700877125495692,0.09906873398930474
1293.0,0.1,cot,0.027386127875258293,0.054772255750516634,0.0,0.022360679774997935,0.022360679774997935,0.02537594863515416
1293.0,0.1,direct,0.0273861278752583,0.02738612787525833,0.027386127875258286,0.02738612787525833,0.0,0.02190890230020665
1293.0,0.1,think,0.07071067811865478,0.0821583836257749,0.0,0.041833001326703784,0.0,0.03894041261422669
1293.0,0.3,cot,0.06519202405202651,0.022360679774997873,0.022360679774997876,0.022360679774997918,0.06708203932499363,0.039871220540402756
1293.0,0.3,direct,0.12942179105544788,0.022360679774997935,0.0,0.022360679774997935,0.1036822067666386,0.05556507147441647
1293.0,0.3,think,0.09746794344808964,0.08944271909999155,0.0,0.04183300132670381,0.022360679774997862,0.05022086872995657
1293.0,0.5,cot,0.09354143466934851,0.027386127875258317,0.022360679774997876,0.044721359549995836,0.10368220676663857,0.05833836172724782
1293.0,0.5,direct,0.130384048104053,0.02738612787525833,0.02738612787525829,0.02738612787525833,0.12747548783981957,0.0680035839139295
1293.0,0.5,think,0.15247950681976905,0.03535533905932742,0.04472135954999578,0.05477225575051662,0.0447213595499958,0.06640996414592093
1293.0,0.7,cot,0.08366600265340758,0.02738612787525833,0.0,0.02738612787525833,0.09746794344808964,0.04718124037040278
1293.0,0.7,direct,0.14404860290887933,0.050000000000000044,0.022360679774997873,0.05700877125495687,0.1396424004376894,0.0826120908753047
1293.0,0.7,think,0.1604680653588121,0.06519202405202648,0.022360679774997862,0.044721359549995836,0.10839741694339397,0.08022790913584525
1293.0,0.9,cot,0.09354143466934857,0.04183300132670381,0.027386127875258286,0.04183300132670381,0.12449899597988735,0.06581851223558036
1293.0,0.9,direct,0.11937336386313324,0.022360679774997918,0.022360679774997873,0.05477225575051666,0.03535533905932737,0.05084446364459462
1293.0,0.9,think,0.1890767040118904,0.09082951062292477,0.022360679774997876,0.05477225575051666,0.12449899597988728,0.0963076292280434
1299.0,0.1,cot,0.02236067977499791,0.06123724356957944,0.022360679774997876,0.027386127875258348,0.06123724356957945,0.0389163949128826
1299.0,0.1,direct,0.07582875444051551,0.022360679774997873,0.02236067977499793,0.02236067977499793,0.022360679774997935,0.03305429470810143
1299.0,0.1,think,0.07071067811865477,0.04472135954999576,0.03535533905932739,0.04183300132670379,0.15652475842498528,0.0698290272959334
1299.0,0.3,cot,0.0894427190999916,0.05,0.022360679774997935,0.022360679774997918,0.08215838362577492,0.05326449245515248
1299.0,0.3,direct,0.04183300132670377,0.06519202405202651,0.054772255750516634,0.05477225575051663,0.14832396974191325,0.07297870132433536
1299.0,0.3,think,0.07582875444051551,0.027386127875258258,0.0273861278752583,0.04472135954999578,0.13038404810405296,0.06114128356901616
1299.0,0.5,cot,0.11401754250991379,0.10368220676663858,0.022360679774997838,0.04183300132670377,0.16583123951776998,0.0895449339792048
1299.0,0.5,direct,0.04183300132670376,0.09082951062292473,0.022360679774997862,0.04472135954999577,0.05700877125495691,0.05135066450591581
1299.0,0.5,think,0.08660254037844387,0.0894427190999916,0.022360679774997866,0.04472135954999581,0.02738612787525826,0.05410268533573748
1299.0,0.7,cot,0.07416198487095663,0.057008771254956944,0.022360679774997935,0.04472135954999578,0.12942179105544785,0.06553491730127103
1299.0,0.7,direct,0.0821583836257749,0.09746794344808962,0.04472135954999577,0.027386127875258348,0.1396424004376894,0.07827524298736162
1299.0,0.7,think,0.04472135954999577,0.07905694150420946,0.0418330013267038,0.035355339059327376,0.12449899597988731,0.06509312748402474
1299.0,0.9,cot,0.04472135954999577,0.04472135954999579,0.022360679774997935,0.04472135954999579,0.1474788120375262,0.060800714092502296
1299.0,0.9,direct,0.2761340254296815,0.12942179105544785,0.07582875444051553,0.07582875444051553,0.22638462845343543,0.15671959076391917
1299.0,0.9,think,0.09617692030835673,0.05700877125495688,0.0,0.04472135954999579,0.14747881203752627,0.06907717263016713
1310.0,0.1,cot,0.0,0.12549900398011132,0.027386127875258286,0.027386127875258248,0.02738612787525829,0.04153147752117723
1310.0,0.1,direct,0.260768096208106,0.2355843797877949,0.022360679774997935,0.04472135954999577,0.24899799195977468,0.16248650145613386
1310.0,0.1,think,0.035355339059327376,0.022360679774997918,0.02738612787525828,0.04183300132670376,0.2018662923818635,0.06576028808363017
1310.0,0.3,cot,0.0,0.07905694150420947,0.027386127875258286,0.04472135954999581,0.15247950681976905,0.06072878714984653
1310.0,0.3,direct,0.04183300132670378,0.09354143466934856,0.022360679774997873,0.04999999999999995,0.20432816741702547,0.08241265663761513
1310.0,0.3,think,0.022360679774997904,0.04183300132670372,0.02738612787525828,0.04472135954999577,0.0,0.027260233705391136
1310.0,0.5,cot,0.054772255750516606,0.18841443681416772,0.022360679774997876,0.03535533905932737,0.07905694150420949,0.07599193058064382
1310.0,0.5,direct,0.05700877125495689,0.13038404810405296,0.07416198487095663,0.041833001326703784,0.16355427233796127,0.0933884155789263
1310.0,0.5,think,0.07582875444051551,0.02738612787525833,0.03535533905932737,0.04472135954999578,0.1695582495781317,0.07056996610064574
1310.0,0.7,cot,0.08944271909999159,0.1095445115010332,0.0273861278752583,0.0273861278752583,0.130384048104053,0.07682870689111887
1310.0,0.7,direct,0.04999999999999999,0.10368220676663864,0.04183300132670377,0.02738612787525829,0.17102631376487068,0.07878552994669427
1310.0,0.7,think,0.04183300132670377,0.02738612787525833,0.035355339059327404,0.04183300132670374,0.13509256086106294,0.05630000608981124
1310.0,0.9,cot,0.19557607215607947,0.10246950765959598,0.0,0.02738612787525833,0.08215838362577493,0.08151801826334175
1310.0,0.9,direct,0.10368220676663861,0.11510864433221338,0.0,0.04472135954999579,0.17102631376487065,0.08690770488274369
1310.0,0.9,think,0.06519202405202647,0.11401754250991379,0.022360679774997918,0.022360679774997862,0.1823458252881047,0.08125535028000815
1317.0,0.1,cot,0.11937336386313324,0.04183300132670375,0.022360679774997935,0.0,0.02738612787525833,0.04219063456801865
1317.0,0.1,direct,0.14747881203752627,0.022360679774997935,0.022360679774997873,0.0,0.027386127875258317,0.043917259892556085
1317.0,0.1,think,0.027386127875258286,0.03535533905932737,0.022360679774997904,0.02738612787525831,0.035355339059327355,0.029568722728833846
1317.0,0.3,cot,0.14404860290887933,0.04999999999999995,0.02738612787525831,0.0894427190999916,0.04183300132670379,0.0705420902421666
1317.0,0.3,direct,0.14577379737113255,0.02738612787525833,0.0,0.15247950681976907,0.04472135954999577,0.07407215832323115
1317.0,0.3,think,0.07416198487095663,0.041833001326703825,0.022360679774997918,0.16201851746019652,0.09354143466934854,0.07878312362044068
1317.0,0.5,cot,0.0758287544405155,0.1341640786499874,0.0,0.0,0.04472135954999579,0.050942838528099735
1317.0,0.5,direct,0.1604680653588121,0.02236067977499793,0.0,0.08944271909999159,0.02738612787525833,0.05993151842181199
1317.0,0.5,think,0.09617692030835667,0.05700877125495691,0.027386127875258317,0.11726039399558574,0.057008771254956944,0.07096819693782293
1317.0,0.7,cot,0.1643167672515498,0.04472135954999582,0.022360679774997904,0.08215838362577493,0.10368220676663861,0.08344787939379142
1317.0,0.7,direct,0.135092560861063,0.022360679774997918,0.0,0.08944271909999159,0.18574175621006708,0.08652754318922391
1317.0,0.7,think,0.21035683967962632,0.04183300132670383,0.0,0.17888543819998315,0.05700877125495691,0.09761681009225404
1317.0,0.9,cot,0.07905694150420946,0.08366600265340758,0.0,0.03535533905932738,0.06519202405202647,0.05265406145379418
1317.0,0.9,direct,0.022360679774997935,0.04472135954999585,0.022360679774997918,0.13693063937629152,0.16355427233796124,0.0779855261628489
1317.0,0.9,think,0.10839741694339397,0.07416198487095664,0.0,0.022360679774997894,0.07582875444051553,0.0561497672059728
1318.0,0.1,cot,0.02236067977499789,0.04472135954999578,0.022360679774997876,0.0,0.02738612787525829,0.023365769395049966
1318.0,0.1,direct,0.027386127875258293,0.054772255750516606,0.0,0.0,0.19039432764659772,0.05451054225447453
1318.0,0.1,think,0.0,0.044721359549995815,0.0,0.0,0.15652475842498528,0.04024922359499622
1318.0,0.3,cot,0.0,0.06708203932499371,0.0,0.04472135954999578,0.06519202405202651,0.0353990845854032
1318.0,0.3,direct,0.0273861278752583,0.10839741694339401,0.027386127875258275,0.02738612787525826,0.16955824957813168,0.07202281002946011
1318.0,0.3,think,0.0,0.05477225575051662,0.0,0.0,0.022360679774997894,0.0154265871051029
1318.0,0.5,cot,0.05477225575051661,0.07071067811865474,0.022360679774997873,0.05477225575051658,0.04472135954999577,0.04946744578893632
1318.0,0.5,direct,0.0273861278752583,0.05700877125495688,0.02738612787525829,0.0,0.17320508075688776,0.05699722155247224
1318.0,0.5,think,0.0,0.151657508881031,0.027386127875258265,0.022360679774997935,0.0,0.04028086330625744
1318.0,0.7,cot,0.0447213595499958,0.14832396974191325,0.022360679774997918,0.044721359549995794,0.151657508881031,0.08235697549958676
1318.0,0.7,direct,0.22360679774997896,0.0821583836257749,0.0,0.054772255750516606,0.19493588689617927,0.11109466480448996
1318.0,0.7,think,0.022360679774997894,0.11401754250991382,0.022360679774997918,0.0,0.2079663434308542,0.07334104909815277
1318.0,0.9,cot,0.022360679774997894,0.054772255750516585,0.02738612787525829,0.022360679774997887,0.09082951062292476,0.043541850759739084
1318.0,0.9,direct,0.2583602136552763,0.09617692030835671,0.022360679774997838,0.04472135954999577,0.17175564037317667,0.11867496273236067
1318.0,0.9,think,0.02236067977499789,0.16583123951777,0.022360679774997918,0.022360679774997918,0.21389249636207439,0.08936115504096762
1319.0,0.1,cot,0.07416198487095663,0.09746794344808966,0.022360679774997876,0.022360679774997862,0.09617692030835674,0.06250564163547975
1319.0,0.1,direct,0.14747881203752622,0.044721359549995836,0.0273861278752583,0.041833001326703805,0.02738612787525833,0.057761085732948504
1319.0,0.1,think,0.027386127875258293,0.02738612787525832,0.027386127875258275,0.04183300132670374,0.022360679774997935,0.029270412945495317
1319.0,0.3,cot,0.06519202405202647,0.09999999999999998,0.0,0.022360679774997873,0.09746794344808965,0.05700412945502279
1319.0,0.3,direct,0.07582875444051553,0.06708203932499372,0.027386127875258248,0.03535533905932742,0.04183300132670376,0.04949705240535973
1319.0,0.3,think,0.0273861278752583,0.041833001326703735,0.022360679774997876,0.04472135954999579,0.022360679774997887,0.03173236966039072
1319.0,0.5,cot,0.05700877125495688,0.041833001326703784,0.0,0.02236067977499793,0.04472135954999578,0.033184762381330876
1319.0,0.5,direct,0.22360679774997896,0.027386127875258317,0.022360679774997887,0.04183300132670378,0.10368220676663863,0.08377376269871552
1319.0,0.5,think,0.022360679774997894,0.022360679774997918,0.02738612787525828,0.027386127875258286,0.04472135954999579,0.02884299497010163
1319.0,0.7,cot,0.06708203932499367,0.09746794344808965,0.022360679774997876,0.041833001326703756,0.13038404810405294,0.07182554239576758
1319.0,0.7,direct,0.23822258499143192,0.02738612787525833,0.022360679774997918,0.057008771254956944,0.158113883008419,0.10061840938101282
1319.0,0.7,think,0.022360679774997894,0.02738612787525829,0.0,0.022360679774997866,0.06519202405202648,0.027459902295456105
1319.0,0.9,cot,0.0547722557505166,0.08944271909999155,0.022360679774997887,0.022360679774997866,0.14577379737113252,0.06694202635432729
1319.0,0.9,direct,0.2345207879911715,0.10839741694339398,0.022360679774997876,0.06519202405202648,0.130384048104053,0.11217099137312858
1319.0,0.9,think,0.022360679774997894,0.08944271909999156,0.022360679774997862,0.02738612787525829,0.1823458252881047,0.06877920636267006
1321.0,0.1,cot,0.18234582528810472,0.0,0.0,0.02738612787525826,0.12449899597988731,0.06684618982865007
1321.0,0.1,direct,0.1474788120375263,0.04472135954999581,0.0,0.044721359549995794,0.14404860290887936,0.07619402680927945
1321.0,0.1,think,0.0418330013267038,0.07582875444051554,0.02738612787525829,0.041833001326703735,0.19493588689617924,0.07636335437307211
1321.0,0.3,cot,0.1596871942267131,0.16355427233796124,0.0,0.022360679774997873,0.08215838362577493,0.08555210599308943
1321.0,0.3,direct,0.2893959225697556,0.04183300132670381,0.04183300132670378,0.21621748310439654,0.1823458252881047,0.15432504672313288
1321.0,0.3,think,0.19493588689617927,0.02236067977499793,0.027386127875258265,0.11401754250991378,0.17464249196572978,0.1066685458044158
1321.0,0.5,cot,0.1981161275615895,0.04472135954999579,0.0,0.03535533905932739,0.17102631376487068,0.08984382798715666
1321.0,0.5,direct,0.18708286933869708,0.02738612787525833,0.0,0.1541103500742244,0.18371173070873836,0.11045821559938362
1321.0,0.5,think,0.2079663434308542,0.12041594578792295,0.027386127875258296,0.0570087712549569,0.05477225575051662,0.0935098888199018
1321.0,0.7,cot,0.09082951062292476,0.05700877125495694,0.022360679774997862,0.11510864433221336,0.2091650066335189,0.09889452252372236
1321.0,0.7,direct,0.10246950765959598,0.02236067977499793,0.022360679774997935,0.09617692030835673,0.19235384061671346,0.0871443256269324
1321.0,0.7,think,0.29025850547399984,0.102469507659596,0.027386127875258272,0.11726039399558574,0.1981161275615895,0.14709813251320586
1321.0,0.9,cot,0.16355427233796127,0.06519202405202648,0.022360679774997876,0.0570087712549569,0.18165902124584948,0.0979549537331584
1321.0,0.9,direct,0.3271085446759225,0.02738612787525833,0.022360679774997935,0.11401754250991379,0.24899799195977468,0.14797417735917345
1321.0,0.9,think,0.11510864433221335,0.05477225575051658,0.027386127875258248,0.027386127875258248,0.15247950681976907,0.0754265325306031
1332.0,0.1,cot,0.0,0.0,0.027386127875258296,0.02738612787525833,0.02236067977499789,0.015426587105102904
1332.0,0.1,direct,0.0273861278752583,0.0,0.022360679774997862,0.022360679774997862,0.0273861278752583,0.019898723060102465
1332.0,0.1,think,0.0273861278752583,0.0,0.0,0.0,0.022360679774997887,0.009949361530051238
1332.0,0.3,cot,0.0,0.0,0.02738612787525828,0.0,0.0,0.005477225575051656
1332.0,0.3,direct,0.027386127875258293,0.0,0.027386127875258286,0.035355339059327355,0.10368220676663858,0.03876196031529651
1332.0,0.3,think,0.02738612787525829,0.022360679774997918,0.022360679774997862,0.04183300132670374,0.07071067811865474,0.03693023337412251
1332.0,0.5,cot,0.022360679774997894,0.04472135954999579,0.027386127875258258,0.03535533905932742,0.027386127875258313,0.03144192682696754
1332.0,0.5,direct,0.0273861278752583,0.08366600265340751,0.0273861278752583,0.05,0.02236067977499789,0.042159787635784395
1332.0,0.5,think,0.0273861278752583,0.08660254037844385,0.022360679774997866,0.04183300132670376,0.04472135954999577,0.044580741781079916
1332.0,0.7,cot,0.04472135954999577,0.04472135954999581,0.022360679774997935,0.0,0.06519202405202651,0.03539908458540321
1332.0,0.7,direct,0.0273861278752583,0.1224744871391589,0.022360679774997918,0.04472135954999577,0.027386127875258286,0.04886575644293384
1332.0,0.7,think,0.027386127875258293,0.08944271909999157,0.027386127875258272,0.027386127875258265,0.02236067977499789,0.03879235650015286
1332.0,0.9,cot,0.03535533905932737,0.08366600265340751,0.08366600265340753,0.022360679774997876,0.07582875444051551,0.06017535571633115
1332.0,0.9,direct,0.12449899597988733,0.13038404810405294,0.02738612787525829,0.04999999999999998,0.10000000000000002,0.0864538343918397
1332.0,0.9,think,0.0273861278752583,0.08944271909999157,0.022360679774997866,0.022360679774997887,0.17888543819998318,0.06808712894504576
1382.0,0.1,cot,0.0273861278752583,0.0447213595499958,0.0,0.0,0.0,0.01442149748505082
1382.0,0.1,direct,0.0670820393249937,0.04472135954999579,0.0,0.03535533905932735,0.022360679774997918,0.03390388354186295
1382.0,0.1,think,0.0,0.02738612787525829,0.022360679774997876,0.022360679774997887,0.0,0.01442149748505081
1382.0,0.3,cot,0.054772255750516606,0.06708203932499371,0.0,0.02738612787525833,0.022360679774997876,0.0343202205451533
1382.0,0.3,direct,0.12041594578792299,0.04183300132670378,0.027386127875258272,0.03535533905932735,0.06519202405202648,0.05803648762024778
1382.0,0.3,think,0.0,0.02738612787525826,0.0,0.027386127875258258,0.04183300132670381,0.019321051415444067
1382.0,0.5,cot,0.04183300132670378,0.057008771254956896,0.0,0.04472135954999577,0.04472135954999582,0.03765689833633045
1382.0,0.5,direct,0.15572411502397437,0.11510864433221336,0.0,0.02236067977499793,0.08215838362577495,0.07507036455139213
1382.0,0.5,think,0.03535533905932737,0.04472135954999578,0.022360679774997887,0.04183300132670375,0.041833001326703784,0.03722067620754572
1382.0,0.7,cot,0.04183300132670377,0.11510864433221338,0.027386127875258286,0.04472135954999577,0.027386127875258286,0.05128705219188591
1382.0,0.7,direct,0.13509256086106297,0.04999999999999998,0.0,0.02738612787525833,0.02738612787525833,0.04797296332231592
1382.0,0.7,think,0.04183300132670378,0.07582875444051551,0.022360679774997862,0.04183300132670375,0.02738612787525833,0.04184831294883585
1382.0,0.9,cot,0.0651920240520265,0.12041594578792297,0.0,0.05477225575051666,0.03535533905932736,0.055147112929958705
1382.0,0.9,direct,0.12549900398011135,0.10839741694339397,0.022360679774997876,0.02738612787525832,0.06519202405202651,0.06976705052515761
1382.0,0.9,think,0.03535533905932737,0.1095445115010332,0.0,0.04472135954999577,0.04472135954999578,0.04686851393207042
1405.0,0.1,cot,0.04183300132670378,0.0273861278752583,0.04472135954999578,0.0,0.04183300132670374,0.03115469801573232
1405.0,0.1,direct,0.1095445115010332,0.027386127875258248,0.0,0.0,0.050000000000000024,0.03738612787525829
1405.0,0.1,think,0.08944271909999157,0.0,0.02738612787525831,0.03535533905932738,0.04472135954999578,0.03938110911691461
1405.0,0.3,cot,0.022360679774997887,0.022360679774997866,0.022360679774997935,0.0,0.022360679774997935,0.017888543819998323
1405.0,0.3,direct,0.022360679774997862,0.044721359549995766,0.022360679774997935,0.0,0.04472135954999581,0.02683281572999747
1405.0,0.3,think,0.13416407864998736,0.0,0.022360679774997935,0.022360679774997894,0.0447213595499958,0.0447213595499958
1405.0,0.5,cot,0.10839741694339397,0.022360679774997862,0.022360679774997918,0.022360679774997894,0.027386127875258348,0.0405731168287292
1405.0,0.5,direct,0.08660254037844381,0.0447213595499958,0.02738612787525833,0.027386127875258313,0.04183300132670376,0.045585831401132
1405.0,0.5,think,0.09617692030835674,0.02738612787525829,0.02738612787525833,0.027386127875258306,0.04183300132670382,0.04403366105216709
1405.0,0.7,cot,0.10839741694339397,0.041833001326703756,0.02738612787525833,0.0,0.04472135954999583,0.04446758113907038
1405.0,0.7,direct,0.20736441353327723,0.027386127875258258,0.04472135954999577,0.0,0.03535533905932735,0.06296544800357172
1405.0,0.7,think,0.1095445115010332,0.022360679774997918,0.02738612787525833,0.03535533905932737,0.04999999999999998,0.04892933164212336
1405.0,0.9,cot,0.10954451150103317,0.0758287544405155,0.022360679774997918,0.022360679774997887,0.022360679774997935,0.050491061053308486
1405.0,0.9,direct,0.20124611797498107,0.022360679774997876,0.022360679774997904,0.022360679774997894,0.03535533905932741,0.06073669927186043
1405.0,0.9,think,0.08215838362577493,0.02738612787525826,0.02738612787525833,0.0,0.04472135954999578,0.03633039978525746
1413.0,0.1,cot,0.3286335345030997,0.04472135954999578,0.022360679774997935,0.0223606797749979,0.15247950681976905,0.11411115208457208
1413.0,0.1,direct,0.25495097567963926,0.027386127875258317,0.0,0.18574175621006708,0.027386127875258313,0.0990929975280446
1413.0,0.1,think,0.2655183609470351,0.027386127875258348,0.0,0.0,0.027386127875258293,0.06405812333951036
1413.0,0.3,cot,0.3427827300200522,0.20615528128088306,0.022360679774997935,0.3342902930089356,0.022360679774997894,0.18558993277197333
1413.0,0.3,direct,0.09617692030835673,0.022360679774997918,0.0,0.21621748310439654,0.10368220676663858,0.08768745799087795
1413.0,0.3,think,0.1604680653588121,0.04472135954999582,0.0,0.0,0.027386127875258293,0.04651511055681325
1413.0,0.5,cot,0.3342902930089356,0.2329162939770423,0.08215838362577495,0.356019662378358,0.1673320053068151,0.23454332765938518
1413.0,0.5,direct,0.23452078799117146,0.027386127875258317,0.0,0.19170289512680816,0.20796634343085424,0.13231523088481842
1413.0,0.5,think,0.21908902300206645,0.04183300132670381,0.0,0.02236067977499789,0.04472135954999581,0.06560081273075279
1413.0,0.7,cot,0.08944271909999162,0.24849547279578355,0.0,0.3615936946352909,0.06708203932499368,0.15332278517121195
1413.0,0.7,direct,0.04999999999999999,0.04183300132670382,0.0,0.3342902930089356,0.21908902300206645,0.12904246346754117
1413.0,0.7,think,0.24083189157584592,0.041833001326703784,0.0,0.27477263328068174,0.1823458252881047,0.14795667029426723
1413.0,0.9,cot,0.07416198487095663,0.09746794344808961,0.022360679774997935,0.35249113464029136,0.19170289512680816,0.14763692757222874
1413.0,0.9,direct,0.2902585054739999,0.05700877125495691,0.0,0.2583602136552763,0.24341322889276168,0.16980814385539897
1413.0,0.9,think,0.22912878474779197,0.1244989959798873,0.04472135954999577,0.3174114049620775,0.14747881203752625,0.17264787145545574
1425.0,0.1,cot,0.13509256086106297,0.044721359549995815,0.0,0.02738612787525833,0.022360679774997876,0.04591214561226299
1425.0,0.1,direct,0.07071067811865477,0.0,0.02738612787525826,0.03535533905932737,0.022360679774997862,0.031162564965647656
1425.0,0.1,think,0.0821583836257749,0.022360679774997918,0.044721359549995766,0.0,0.04472135954999583,0.03879235650015288
1425.0,0.3,cot,0.05477225575051664,0.04472135954999583,0.0,0.027386127875258348,0.061237243569579436,0.037623397349070054
1425.0,0.3,direct,0.2413503677229434,0.0758287544405155,0.0,0.050000000000000044,0.06123724356957946,0.08568327314660767
1425.0,0.3,think,0.0758287544405155,0.022360679774997918,0.022360679774997862,0.04472135954999578,0.04183300132670374,0.04142089497344216
1425.0,0.5,cot,0.09746794344808964,0.054772255750516585,0.0,0.04183300132670381,0.06519202405202651,0.05185304491546731
1425.0,0.5,direct,0.16733200530681508,0.10839741694339403,0.0,0.041833001326703825,0.0758287544405155,0.07867823560348569
1425.0,0.5,think,0.13509256086106297,0.07416198487095664,0.0,0.03535533905932741,0.0894427190999916,0.06681052077826773
1425.0,0.7,cot,0.0570087712549569,0.04472135954999575,0.0,0.027386127875258317,0.044721359549995836,0.03476752364604137
1425.0,0.7,direct,0.19557607215607947,0.0758287544405155,0.0,0.06708203932499372,0.06519202405202651,0.08073577799472305
1425.0,0.7,think,0.18371173070873834,0.10368220676663857,0.0,0.03535533905932733,0.02738612787525833,0.07002708088199251
1425.0,0.9,cot,0.12942179105544788,0.05,0.022360679774997918,0.02236067977499793,0.05477225575051663,0.05578308127119207
1425.0,0.9,direct,0.2607680962081059,0.06708203932499371,0.035355339059327355,0.022360679774997918,0.10606601717798213,0.0983264343090814
1425.0,0.9,think,0.10368220676663861,0.0,0.022360679774997876,0.05477225575051666,0.11510864433221339,0.059184757324873306
1429.0,0.1,cot,0.18234582528810467,0.12449899597988734,0.0,0.23021728866442678,0.13509256086106297,0.13443093415869636
1429.0,0.1,direct,0.09354143466934847,0.035355339059327355,0.022360679774997935,0.12449899597988733,0.041833001326703735,0.06351789016205298
1429.0,0.1,think,0.10954451150103317,0.02738612787525832,0.0,0.04472135954999578,0.0,0.036330399785257456
1429.0,0.3,cot,0.18841443681416775,0.12942179105544785,0.0,0.2382225849914319,0.04999999999999999,0.12121176257220952
1429.0,0.3,direct,0.0447213595499958,0.054772255750516634,0.0,0.1746424919657298,0.02738612787525833,0.06030444702830012
1429.0,0.3,think,0.09999999999999999,0.044721359549995836,0.0,0.11937336386313326,0.049999999999999996,0.0628189446826258
1429.0,0.5,cot,0.18234582528810467,0.12942179105544785,0.0,0.2489979919597746,0.07416198487095661,0.12698551863485674
1429.0,0.5,direct,0.054772255750516606,0.02738612787525826,0.022360679774997935,0.02738612787525832,0.049999999999999996,0.03638103825520622
1429.0,0.5,think,0.06519202405202651,0.04183300132670381,0.0,0.12041594578792296,0.057008771254956916,0.05688994848432204
1429.0,0.7,cot,0.06708203932499371,0.1151086443322134,0.022360679774997887,0.12942179105544788,0.06519202405202644,0.07983303570793586
1429.0,0.7,direct,0.05700877125495693,0.03535533905932737,0.02738612787525833,0.09746794344808962,0.0670820393249937,0.05686004419252518
1429.0,0.7,think,0.0547722557505166,0.04183300132670377,0.022360679774997918,0.12942179105544785,0.09354143466934857,0.06838583251540295
1429.0,0.9,cot,0.07582875444051551,0.07416198487095667,0.022360679774997904,0.09746794344808965,0.16955824957813168,0.0878755224225383
1429.0,0.9,direct,0.04472135954999579,0.04472135954999585,0.022360679774997873,0.12942179105544785,0.04183300132670377,0.05661163825142822
1429.0,0.9,think,0.130384048104053,0.08215838362577489,0.027386127875258296,0.13509256086106297,0.10246950765959599,0.09549812562514903
1433.0,0.1,cot,0.15652475842498526,0.022360679774997935,0.022360679774997873,0.05700877125495689,0.12449899597988733,0.07655077704196506
1433.0,0.1,direct,0.02738612787525833,0.05477225575051663,0.022360679774997918,0.0651920240520265,0.022360679774997935,0.03841435344555947
1433.0,0.1,think,0.1890767040118904,0.09617692030835674,0.022360679774997876,0.0670820393249937,0.1746424919657298,0.1098677670771937
1433.0,0.3,cot,0.1823458252881047,0.13509256086106297,0.0,0.11937336386313321,0.20432816741702553,0.12822798348586528
1433.0,0.3,direct,0.13416407864998736,0.022360679774997935,0.0,0.06708203932499371,0.022360679774997935,0.04919349550499539
1433.0,0.3,think,0.20493901531919195,0.130384048104053,0.02738612787525829,0.07416198487095661,0.19493588689617922,0.1263614126131278
1433.0,0.5,cot,0.10839741694339397,0.09746794344808964,0.022360679774997862,0.054772255750516606,0.16955824957813168,0.09051130909902597
1433.0,0.5,direct,0.10954451150103321,0.06708203932499371,0.0,0.1172603939955857,0.1680773631397161,0.09239286159226574
1433.0,0.5,think,0.23021728866442678,0.06708203932499372,0.02738612787525828,0.11510864433221334,0.15652475842498528,0.11926377172437548
1433.0,0.7,cot,0.13038404810405296,0.130384048104053,0.022360679774997876,0.0418330013267038,0.14577379737113252,0.09414711493618803
1433.0,0.7,direct,0.08660254037844385,0.08366600265340757,0.02738612787525829,0.027386127875258286,0.16355427233796127,0.07771901422406585
1433.0,0.7,think,0.135092560861063,0.14747881203752622,0.027386127875258286,0.15968719422671313,0.20916500663351892,0.13576194032681593
1433.0,0.9,cot,0.0758287544405155,0.08215838362577495,0.022360679774997862,0.0651920240520265,0.09746794344808962,0.06860155706828089
1433.0,0.9,direct,0.14747881203752627,0.09617692030835673,0.0353553390593274,0.06519202405202648,0.12747548783981963,0.09433571665941132
1433.0,0.9,think,0.1635542723379613,0.06519202405202645,0.035355339059327404,0.08660254037844385,0.12449899597988734,0.09504063436152926
1454.0,0.1,cot,0.0447213595499958,0.04999999999999999,0.0,0.035355339059327376,0.15165750888103102,0.05634684149807083
1454.0,0.1,direct,0.0670820393249937,0.044721359549995836,0.0,0.04472135954999578,0.027386127875258317,0.036782177260048725
1454.0,0.1,think,0.03535533905932737,0.02738612787525833,0.022360679774997918,0.044721359549995766,0.151657508881031,0.056296203028122084
1454.0,0.3,cot,0.0447213595499958,0.14142135623730948,0.02236067977499793,0.04183300132670377,0.13874436925511607,0.07781615322882461
1454.0,0.3,direct,0.0,0.022360679774997935,0.0,0.04472135954999578,0.06519202405202647,0.02645481267540404
1454.0,0.3,think,0.05700877125495688,0.027386127875258348,0.027386127875258317,0.041833001326703735,0.1414213562373095,0.05900707691389735
1454.0,0.5,cot,0.0570087712549569,0.1095445115010332,0.05,0.027386127875258286,0.15968719422671313,0.08072532097159231
1454.0,0.5,direct,0.09617692030835671,0.04999999999999997,0.027386127875258275,0.04183300132670372,0.022360679774997935,0.04755134585706332
1454.0,0.5,think,0.02236067977499789,0.04999999999999998,0.0,0.04472135954999578,0.17818529681205464,0.05905346722740965
1454.0,0.7,cot,0.06708203932499368,0.13874436925511602,0.027386127875258258,0.04183300132670375,0.04183300132670377,0.06337570782175508
1454.0,0.7,direct,0.02236067977499789,0.04472135954999578,0.0,0.04472135954999578,0.1541103500742244,0.05318274978984276
1454.0,0.7,think,0.0273861278752583,0.041833001326703735,0.02738612787525833,0.02738612787525828,0.1781852968120546,0.060435336352906655
1454.0,0.9,cot,0.057008771254956875,0.0758287544405155,0.022360679774997862,0.0353553390593274,0.1816590212458495,0.07444251315512943
1454.0,0.9,direct,0.13874436925511613,0.13509256086106297,0.0547722557505166,0.022360679774997862,0.1981161275615895,0.1098171986406566
1454.0,0.9,think,0.05700877125495688,0.07416198487095663,0.07582875444051544,0.04999999999999998,0.206155281280883,0.09263095836946239
1490.0,0.1,cot,0.05477225575051662,0.044721359549995815,0.022360679774997862,0.04472135954999578,0.108397416943394,0.05499461431378001
1490.0,0.1,direct,0.0447213595499958,0.0,0.08660254037844393,0.0,0.11937336386313321,0.05013945275831459
1490.0,0.1,think,0.0,0.0,0.0,0.0,0.0,0.0
1490.0,0.3,cot,0.022360679774997894,0.04472135954999579,0.022360679774997862,0.0,0.21679483388678797,0.061247510597355906
1490.0,0.3,direct,0.0,0.0447213595499958,0.10246950765959602,0.0,0.12549900398011132,0.05453797423794062
1490.0,0.3,think,0.03535533905932737,0.02738612787525833,0.0273861278752583,0.04183300132670375,0.02738612787525824,0.0318693448023612
1490.0,0.5,cot,0.0223606797749979,0.044721359549995815,0.022360679774997873,0.022360679774997862,0.17535677916750184,0.05743203560849826
1490.0,0.5,direct,0.022360679774997894,0.07071067811865474,0.06708203932499367,0.0,0.1140175425099138,0.05483418794571202
1490.0,0.5,think,0.022360679774997894,0.061237243569579464,0.022360679774997876,0.02738612787525826,0.035355339059327355,0.03374001401083217
1490.0,0.7,cot,0.0,0.0,0.0651920240520265,0.02738612787525833,0.1541103500742244,0.049337700400301845
1490.0,0.7,direct,0.05477225575051662,0.0894427190999916,0.14404860290887933,0.0,0.15572411502397437,0.08879753855667238
1490.0,0.7,think,0.049999999999999996,0.09999999999999999,0.027386127875258286,0.02738612787525826,0.14747881203752625,0.07045021355760857
1490.0,0.9,cot,0.04183300132670376,0.0670820393249937,0.10368220676663865,0.022360679774997873,0.15165750888103102,0.077323087214873
1490.0,0.9,direct,0.04472135954999579,0.09746794344808965,0.04472135954999582,0.0,0.19170289512680816,0.07572271153497788
1490.0,0.9,think,0.04183300132670376,0.08944271909999157,0.022360679774997918,0.0353553390593274,0.054772255750516606,0.04875279900230745
1493.0,0.1,cot,0.0447213595499958,0.027386127875258317,0.0273861278752583,0.041833001326703805,0.11180339887498948,0.050626003100441144
1493.0,0.1,direct,0.0,0.05477225575051663,0.022360679774997838,0.04472135954999581,0.04472135954999578,0.03331513092510121
1493.0,0.1,think,0.08215838362577493,0.027386127875258286,0.0,0.0447213595499958,0.02738612787525828,0.03633039978525746
1493.0,0.3,cot,0.07582875444051551,0.02738612787525833,0.027386127875258286,0.02738612787525833,0.04472135954999579,0.040541699523257244
1493.0,0.3,direct,0.0670820393249937,0.05477225575051661,0.027386127875258286,0.05477225575051663,0.09746794344808962,0.06029612442987496
1493.0,0.3,think,0.17535677916750175,0.09746794344808965,0.022360679774997838,0.06123724356957946,0.0,0.07128452919203374
1493.0,0.5,cot,0.08366600265340757,0.04472135954999578,0.022360679774997887,0.04183300132670379,0.10839741694339398,0.0601956920496998
1493.0,0.5,direct,0.09354143466934853,0.05700877125495688,0.02738612787525824,0.0570087712549569,0.09082951062292476,0.06515492313548907
1493.0,0.5,think,0.14404860290887933,0.10839741694339401,0.0,0.04183300132670381,0.02738612787525829,0.06433302981084708
1493.0,0.7,cot,0.11510864433221338,0.02738612787525833,0.0,0.04183300132670382,0.13416407864998736,0.06369837043683257
1493.0,0.7,direct,0.08215838362577495,0.08366600265340755,0.02738612787525828,0.06123724356957945,0.05700877125495687,0.062291305795795414
1493.0,0.7,think,0.12449899597988731,0.06708203932499363,0.02738612787525828,0.027386127875258317,0.02738612787525826,0.05474788378613116
1493.0,0.9,cot,0.14577379737113252,0.06123724356957948,0.022360679774997873,0.04472135954999585,0.0670820393249937,0.06823502391813988
1493.0,0.9,direct,0.07582875444051551,0.05700877125495693,0.022360679774997873,0.05,0.0821583836257749,0.05747131781924904
1493.0,0.9,think,0.1890767040118904,0.07582875444051553,0.022360679774997866,0.04183300132670381,0.108397416943394,0.08749931129950031
1495.0,0.1,cot,0.022360679774997866,0.022360679774997887,0.0,0.02738612787525831,0.054772255750516606,0.025375948635154133
1495.0,0.1,direct,0.0,0.0,0.02738612787525831,0.02738612787525831,0.0,0.010954451150103324
1495.0,0.1,think,0.04183300132670377,0.02738612787525828,0.022360679774997904,0.0,0.04472135954999577,0.027260233705391147
1495.0,0.3,cot,0.022360679774997862,0.022360679774997862,0.027386127875258317,0.02738612787525832,0.022360679774997904,0.024370859015102053
1495.0,0.3,direct,0.022360679774997918,0.022360679774997838,0.022360679774997918,0.027386127875258313,0.027386127875258286,0.02437085901510206
1495.0,0.3,think,0.022360679774997862,0.022360679774997862,0.022360679774997935,0.0223606797749979,0.07582875444051551,0.03305429470810141
1495.0,0.5,cot,0.050000000000000044,0.041833001326703735,0.0,0.0,0.10839741694339396,0.04004608365401955
1495.0,0.5,direct,0.1244989959798873,0.022360679774997862,0.02738612787525832,0.022360679774997894,0.19235384061671346,0.07779206480437097
1495.0,0.5,think,0.23874672772626646,0.035355339059327376,0.022360679774997876,0.0,0.21679483388678802,0.10265151608947595
1495.0,0.7,cot,0.05700877125495686,0.027386127875258275,0.02738612787525833,0.02738612787525832,0.07582875444051553,0.04299918186424946
1495.0,0.7,direct,0.0758287544405155,0.04183300132670372,0.02738612787525833,0.02738612787525832,0.21679483388678802,0.07784576908090476
1495.0,0.7,think,0.04183300132670373,0.06123724356957947,0.022360679774997918,0.02738612787525832,0.054772255750516606,0.04151786165941121
1495.0,0.9,cot,0.11401754250991376,0.0570087712549569,0.022360679774997904,0.035355339059327376,0.08944271909999156,0.0636370103398375
1495.0,0.9,direct,0.25495097567963926,0.0353553390593274,0.035355339059327404,0.022360679774997914,0.13038404810405294,0.095681276335469
1495.0,0.9,think,0.04183300132670376,0.06519202405202651,0.02738612787525831,0.0223606797749979,0.2043281674170255,0.0722200000892024
1537.0,0.1,cot,0.0670820393249937,0.0447213595499958,0.022360679774997876,0.02738612787525833,0.0547722557505166,0.04326449245515246
1537.0,0.1,direct,0.022360679774997873,0.0,0.022360679774997873,0.0,0.1837117307087384,0.04568661805174683
1537.0,0.1,think,0.02236067977499789,0.02738612787525833,0.022360679774997866,0.04183300132670373,0.1341640786499874,0.04962091348038904
1537.0,0.3,cot,0.0758287544405155,0.044721359549995815,0.0,0.02236067977499793,0.13509256086106294,0.05560067092531444
1537.0,0.3,direct,0.03535533905932735,0.04472135954999578,0.022360679774997918,0.0,0.0670820393249937,0.033903883541862946
1537.0,0.3,think,0.23075961518428653,0.07071067811865474,0.027386127875258248,0.02738612787525832,0.19493588689617924,0.11023568718992742
1537.0,0.5,cot,0.07582875444051551,0.041833001326703805,0.0,0.02738612787525833,0.16355427233796124,0.06172043119608778
1537.0,0.5,direct,0.17175564037317673,0.07071067811865477,0.0,0.04472135954999585,0.14577379737113252,0.08659229508259196
1537.0,0.5,think,0.2079663434308542,0.0651920240520265,0.027386127875258286,0.0418330013267038,0.16431676725154984,0.10133885278727853
1537.0,0.7,cot,0.07416198487095661,0.09746794344808964,0.027386127875258286,0.02738612787525833,0.16583123951777,0.07844668471746657
1537.0,0.7,direct,0.2043281674170255,0.0651920240520265,0.022360679774997876,0.05700877125495692,0.20493901531919195,0.11076573156363975
1537.0,0.7,think,0.15165750888103102,0.11401754250991376,0.022360679774997873,0.04183300132670374,0.18506755523321747,0.10298725754517277
1537.0,0.9,cot,0.1341640786499874,0.05477225575051663,0.022360679774997887,0.02738612787525833,0.11180339887498947,0.07009730818514995
1537.0,0.9,direct,0.2252776065213762,0.1483239697419133,0.022360679774997918,0.04183300132670381,0.1837117307087384,0.12430139761474593
1537.0,0.9,think,0.20796634343085427,0.08215838362577493,0.022360679774997876,0.04183300132670378,0.12549900398011132,0.09596348242768843
1557.0,0.1,cot,0.02236067977499793,0.02236067977499793,0.0,0.08215838362577488,0.0,0.025375948635154143
1557.0,0.1,direct,0.0353553390593274,0.02738612787525832,0.0,0.08944271909999159,0.022360679774997876,0.03490897316191503
1557.0,0.1,think,0.04472135954999578,0.05477225575051666,0.0,0.03535533905932736,0.02738612787525829,0.03244701644701962
1557.0,0.3,cot,0.17464249196572984,0.04999999999999995,0.02738612787525831,0.27386127875258304,0.16807736313971613,0.13879345234665746
1557.0,0.3,direct,0.05477225575051659,0.07071067811865477,0.0,0.15968719422671313,0.0670820393249937,0.07045043348417564
1557.0,0.3,think,0.0758287544405155,0.06123724356957944,0.022360679774997876,0.130384048104053,0.0273861278752583,0.06343937075288082
1557.0,0.5,cot,0.25099800796022265,0.04183300132670376,0.022360679774997862,0.0961769203083567,0.19364916731037082,0.12100355533613036
1557.0,0.5,direct,0.049999999999999996,0.022360679774997838,0.0,0.10954451150103325,0.04183300132670376,0.044747638520546966
1557.0,0.5,think,0.09354143466934856,0.0570087712549569,0.04472135954999577,0.08215838362577492,0.08366600265340751,0.07221919035069674
1557.0,0.7,cot,0.2783882181415011,0.11726039399558574,0.02738612787525826,0.1224744871391589,0.2018662923818635,0.14947510390667348
1557.0,0.7,direct,0.041833001326703735,0.02738612787525832,0.0,0.27386127875258304,0.1695582495781317,0.10252773150653535
1557.0,0.7,think,0.02738612787525833,0.08215838362577493,0.027386127875258286,0.1440486029088793,0.05700877125495687,0.06759760270802553
1557.0,0.9,cot,0.1850675552332175,0.06519202405202648,0.022360679774997873,0.04472135954999578,0.1643167672515498,0.0963316771723575
1557.0,0.9,direct,0.04183300132670376,0.04472135954999585,0.022360679774997918,0.2583602136552763,0.06519202405202648,0.08649345567180007
1557.0,0.9,think,0.20796634343085424,0.03535533905932742,0.022360679774997887,0.24392621835300932,0.15652475842498526,0.13322666780863485
1574.0,0.1,cot,0.0223606797749979,0.04472135954999578,0.0,0.0,0.0,0.013416407864998736
1574.0,0.1,direct,0.0273861278752583,0.022360679774997935,0.0,0.027386127875258286,0.02738612787525832,0.02090381268015457
1574.0,0.1,think,0.0,0.0,0.0,0.0,0.0,0.0
1574.0,0.3,cot,0.022360679774997894,0.04472135954999579,0.022360679774997838,0.022360679774997935,0.0273861278752583,0.02783790535004955
1574.0,0.3,direct,0.0273861278752583,0.04183300132670378,0.027386127875258248,0.03535533905932741,0.12549900398011132,0.051491920023331805
1574.0,0.3,think,0.0,0.0,0.0,0.0,0.022360679774997894,0.004472135954999579
1574.0,0.5,cot,0.0547722557505166,0.06123724356957944,0.022360679774997873,0.035355339059327376,0.07071067811865478,0.04888723925461521
1574.0,0.5,direct,0.0,0.04999999999999999,0.0,0.022360679774997918,0.06123724356957946,0.026719584668915476
1574.0,0.5,think,0.022360679774997894,0.0,0.022360679774997838,0.022360679774997935,0.0,0.013416407864998734
1574.0,0.7,cot,0.02236067977499789,0.1095445115010332,0.04183300132670374,0.02738612787525833,0.061237243569579464,0.05247231280951452
1574.0,0.7,direct,0.022360679774997894,0.05,0.022360679774997873,0.03535533905932733,0.1387443692551161,0.05376421357288784
1574.0,0.7,think,0.0,0.0,0.0,0.0,0.04472135954999579,0.008944271909999158
1574.0,0.9,cot,0.04183300132670377,0.07071067811865474,0.022360679774997935,0.02738612787525833,0.18841443681416772,0.07014098478195649
1574.0,0.9,direct,0.02236067977499789,0.0670820393249937,0.0,0.04472135954999578,0.1565247584249853,0.05813776741499453
1574.0,0.9,think,0.022360679774997894,0.0,0.03535533905932737,0.022360679774997904,0.02738612787525829,0.021492565296916292
1575.0,0.1,cot,0.2607680962081059,0.044721359549995836,0.0,0.14577379737113247,0.05477225575051661,0.10120710177595016
1575.0,0.1,direct,0.0,0.05477225575051666,0.0,0.04472135954999581,0.16355427233796127,0.052609577527694754
1575.0,0.1,think,0.0,0.04472135954999578,0.0,0.04183300132670377,0.02738612787525829,0.02278809775039157
1575.0,0.3,cot,0.2318404623873926,0.04472135954999583,0.0,0.054772255750516585,0.027386127875258306,0.07174404111263266
1575.0,0.3,direct,0.21965882636488795,0.1140175425099138,0.0,0.10839741694339403,0.1695582495781317,0.1223264070792655
1575.0,0.3,think,0.02738612787525829,0.09746794344808965,0.02738612787525828,0.02738612787525833,0.04472135954999577,0.04486953732477206
1575.0,0.5,cot,0.25149552679918585,0.08660254037844384,0.0,0.07071067811865474,0.02236067977499789,0.08623388501425647
1575.0,0.5,direct,0.23611437906235191,0.07416198487095667,0.0,0.10246950765959596,0.05477225575051665,0.09350362546868424
1575.0,0.5,think,0.04472135954999579,0.08366600265340751,0.027386127875258272,0.07582875444051551,0.022360679774997894,0.050792584858835
1575.0,0.7,cot,0.07582875444051551,0.06123724356957947,0.0,0.07905694150420944,0.03535533905932737,0.05029565571472636
1575.0,0.7,direct,0.08366600265340757,0.02738612787525833,0.027386127875258286,0.11510864433221339,0.22803508501982764,0.09631639755119303
1575.0,0.7,think,0.04183300132670377,0.12449899597988733,0.0,0.04183300132670382,0.20310096011589898,0.08225319174983878
1575.0,0.9,cot,0.2770379035439014,0.027386127875258348,0.027386127875258286,0.0790569415042095,0.18708286933869706,0.11958999402746491
1575.0,0.9,direct,0.16046806535881214,0.05477225575051659,0.04183300132670378,0.09354143466934853,0.16583123951776998,0.10328919932463021
1575.0,0.9,think,0.2509980079602227,0.06519202405202655,0.0,0.08215838362577489,0.07582875444051553,0.09483543401570793
1589.0,0.1,cot,0.03535533905932736,0.0651920240520265,0.022360679774997918,0.04472135954999582,0.10839741694339401,0.05520536387594832
1589.0,0.1,direct,0.0,0.027386127875258275,0.0,0.0,0.0,0.005477225575051655
1589.0,0.1,think,0.022360679774997894,0.0651920240520264,0.0,0.05477225575051658,0.04472135954999577,0.037409263825507334
1589.0,0.3,cot,0.04472135954999577,0.07071067811865471,0.0273861278752583,0.035355339059327424,0.0353553390593274,0.042705768732512715
1589.0,0.3,direct,0.0,0.05,0.022360679774997876,0.02236067977499793,0.04183300132670381,0.027310872175339923
1589.0,0.3,think,0.11937336386313326,0.0447213595499958,0.02738612787525833,0.041833001326703784,0.04183300132670375,0.055029370788358976
1589.0,0.5,cot,0.11180339887498951,0.08366600265340755,0.02738612787525826,0.02738612787525832,0.09617692030835674,0.06928371551745408
1589.0,0.5,direct,0.03535533905932738,0.07582875444051548,0.0,0.05477225575051658,0.15411035007422444,0.06401333986491678
1589.0,0.5,think,0.1890767040118904,0.08944271909999159,0.02738612787525833,0.03535533905932737,0.18165902124584948,0.10458398225846344
1589.0,0.7,cot,0.10839741694339398,0.13038404810405294,0.04183300132670374,0.06708203932499371,0.14404860290887933,0.09834902172160473
1589.0,0.7,direct,0.0,0.07582875444051546,0.07416198487095663,0.02738612787525829,0.08660254037844384,0.05279588151303485
1589.0,0.7,think,0.24596747752497689,0.0908295106229247,0.027386127875258265,0.06123724356957946,0.14747881203752627,0.11457983432605312
1589.0,0.9,cot,0.2607680962081059,0.09746794344808962,0.04183300132670378,0.0707106781186548,0.16733200530681508,0.12762234488167384
1589.0,0.9,direct,0.04183300132670378,0.0908295106229248,0.03535533905932737,0.04472135954999577,0.15000000000000002,0.07254784211179036
1589.0,0.9,think,0.03535533905932738,0.10368220676663858,0.06123724356957945,0.06123724356957947,0.1746424919657298,0.08723090498617095
1597.0,0.1,cot,0.04183300132670379,0.041833001326703735,0.03535533905932739,0.04472135954999578,0.0651920240520265,0.04578694506295143
1597.0,0.1,direct,0.03535533905932736,0.022360679774997862,0.022360679774997862,0.022360679774997918,0.022360679774997862,0.024959611631863776
1597.0,0.1,think,0.06519202405202648,0.022360679774997862,0.04183300132670375,0.04472135954999578,0.0758287544405155,0.04998716382884788
1597.0,0.3,cot,0.07582875444051551,0.1036822067666386,0.04183300132670378,0.06519202405202651,0.09746794344808965,0.07680078600679481
1597.0,0.3,direct,0.0651920240520265,0.06123724356957945,0.022360679774997876,0.022360679774997918,0.02738612787525828,0.039707351009372005
1597.0,0.3,think,0.022360679774997904,0.0,0.022360679774997838,0.04472135954999577,0.05000000000000002,0.027888543819998307
1597.0,0.5,cot,0.04183300132670376,0.04183300132670379,0.0,0.0447213595499958,0.07071067811865477,0.03981960806441163
1597.0,0.5,direct,0.1890767040118904,0.06519202405202648,0.02738612787525829,0.06123724356957945,0.15572411502397437,0.0997232429065458
1597.0,0.5,think,0.10368220676663861,0.035355339059327376,0.02738612787525828,0.027386127875258317,0.14832396974191325,0.06842675426367917
1597.0,0.7,cot,0.08215838362577492,0.027386127875258317,0.022360679774997862,0.022360679774997862,0.054772255750516634,0.04180762536030912
1597.0,0.7,direct,0.08366600265340754,0.09354143466934854,0.04183300132670378,0.06519202405202648,0.18234582528810467,0.0933156575979182
1597.0,0.7,think,0.08660254037844387,0.03535533905932733,0.027386127875258275,0.04183300132670374,0.16583123951776996,0.07140164963150063
1597.0,0.9,cot,0.08366600265340754,0.06519202405202645,0.03535533905932737,0.03535533905932739,0.044721359549995794,0.05285801287481691
1597.0,0.9,direct,0.1781852968120546,0.09999999999999998,0.022360679774997876,0.0670820393249937,0.151657508881031,0.10385710495861544
1597.0,0.9,think,0.04472135954999578,0.07416198487095661,0.022360679774997862,0.022360679774997862,0.12942179105544785,0.0586052990052792
1608.0,0.1,cot,0.027386127875258286,0.0447213595499958,0.027386127875258265,0.04472135954999581,0.022360679774997876,0.0333151309251012
1608.0,0.1,direct,0.15652475842498528,0.02738612787525833,0.022360679774997873,0.05700877125495693,0.022360679774997876,0.05712820342103926
1608.0,0.1,think,0.022360679774997894,0.06708203932499371,0.022360679774997876,0.022360679774997876,0.04472135954999577,0.03577708763999663
1608.0,0.3,cot,0.04472135954999579,0.1596871942267131,0.0273861278752583,0.027386127875258317,0.11937336386313319,0.07571083467807174
1608.0,0.3,direct,0.03535533905932739,0.0935414346693485,0.041833001326703756,0.041833001326703825,0.19170289512680816,0.08085313430177833
1608.0,0.3,think,0.0,0.07071067811865474,0.022360679774997876,0.022360679774997876,0.05,0.0330864075337301
1608.0,0.5,cot,0.1823458252881047,0.09617692030835673,0.02738612787525828,0.027386127875258317,0.18708286933869708,0.10407557413713502
1608.0,0.5,direct,0.04183300132670378,0.06708203932499372,0.027386127875258265,0.04472135954999577,0.14832396974191328,0.06586929956377297
1608.0,0.5,think,0.22192341021172146,0.15811388300841897,0.027386127875258258,0.04183300132670375,0.04183300132670376,0.09821788474976124
1608.0,0.7,cot,0.07416198487095663,0.14747881203752625,0.02738612787525828,0.04999999999999999,0.14832396974191325,0.08947017890513088
1608.0,0.7,direct,0.20493901531919195,0.11937336386313324,0.0651920240520265,0.05700877125495691,0.19493588689617927,0.12828981227709757
1608.0,0.7,think,0.19170289512680813,0.11401754250991379,0.022360679774997918,0.06123724356957945,0.04183300132670375,0.0862302724616006
1608.0,0.9,cot,0.08366600265340754,0.13874436925511602,0.04183300132670374,0.06519202405202651,0.1981161275615895,0.10551030496976865
1608.0,0.9,direct,0.12549900398011132,0.1095445115010332,0.027386127875258275,0.07071067811865474,0.18165902124584948,0.1029598685441814
1608.0,0.9,think,0.049999999999999996,0.11510864433221336,0.044721359549995766,0.054772255750516634,0.1823458252881047,0.0893896169841661
1631.0,0.1,cot,0.05477225575051662,0.035355339059327376,0.0,0.0821583836257749,0.08944271909999159,0.052345739507122103
1631.0,0.1,direct,0.10954451150103325,0.02738612787525833,0.0,0.1254990039801113,0.1746424919657298,0.08741442706442652
1631.0,0.1,think,0.0,0.07582875444051547,0.02738612787525828,0.041833001326703825,0.022360679774997904,0.03348171268349509
1631.0,0.3,cot,0.057008771254956896,0.08215838362577495,0.0,0.07582875444051547,0.09354143466934854,0.06170746879811917
1631.0,0.3,direct,0.19685019685029526,0.04472135954999578,0.0,0.11510864433221336,0.12449899597988733,0.09623583934247834
1631.0,0.3,think,0.21213203435596428,0.05700877125495689,0.022360679774997838,0.054772255750516585,0.13509256086106297,0.09627326039949971
1631.0,0.5,cot,0.1673320053068151,0.0447213595499958,0.0,0.07582875444051547,0.130384048104053,0.08365323348027587
1631.0,0.5,direct,0.21505813167606566,0.057008771254956944,0.02738612787525828,0.12247448713915889,0.15165750888103102,0.11471700536529417
1631.0,0.5,think,0.02236067977499789,0.054772255750516634,0.02738612787525829,0.0353553390593274,0.1890767040118904,0.06579022129439813
1631.0,0.7,cot,0.13874436925511607,0.04183300132670378,0.02738612787525828,0.09999999999999998,0.08366600265340757,0.07832590022209714
1631.0,0.7,direct,0.0273861278752583,0.11726039399558572,0.04472135954999577,0.06519202405202651,0.04472135954999578,0.05985625300457241
1631.0,0.7,think,0.13509256086106297,0.09354143466934854,0.02738612787525829,0.027386127875258348,0.1981161275615895,0.09630447576850354
1631.0,0.9,cot,0.14142135623730953,0.09617692030835671,0.0447213595499958,0.10246950765959599,0.20186629238186352,0.11733108722742432
1631.0,0.9,direct,0.0670820393249937,0.06519202405202648,0.0,0.06123724356957947,0.15652475842498528,0.07000721307431698
1631.0,0.9,think,0.2274862633215465,0.09082951062292473,0.02738612787525824,0.06519202405202648,0.19235384061671343,0.12064955329769389
1646.0,0.1,cot,0.022360679774997894,0.05477225575051664,0.022360679774997862,0.022360679774997918,0.02236067977499789,0.02884299497010164
1646.0,0.1,direct,0.04472135954999577,0.02738612787525833,0.022360679774997873,0.0,0.1981161275615895,0.058516858952368286
1646.0,0.1,think,0.044721359549995794,0.0,0.0,0.022360679774997918,0.022360679774997894,0.01788854381999832
1646.0,0.3,cot,0.04472135954999578,0.05,0.0,0.0,0.0273861278752583,0.024421497485050812
1646.0,0.3,direct,0.04472135954999579,0.022360679774997918,0.027386127875258296,0.022360679774997904,0.16807736313971613,0.056981242022993206
1646.0,0.3,think,0.0,0.04472135954999578,0.0,0.0,0.0273861278752583,0.014421497485050816
1646.0,0.5,cot,0.04472135954999578,0.04472135954999583,0.022360679774997873,0.027386127875258317,0.022360679774997894,0.032310041305049136
1646.0,0.5,direct,0.10954451150103321,0.04472135954999578,0.0,0.022360679774997918,0.16807736313971613,0.06894078279314861
1646.0,0.5,think,0.0,0.0,0.0,0.022360679774997935,0.02738612787525831,0.009949361530051248
1646.0,0.7,cot,0.05477225575051661,0.05477225575051663,0.02738612787525828,0.02738612787525833,0.10368220676663861,0.05359979480363769
1646.0,0.7,direct,0.04472135954999579,0.0,0.0353553390593274,0.03535533905932741,0.02236067977499789,0.027558543488729697
1646.0,0.7,think,0.0,0.04472135954999579,0.0,0.022360679774997918,0.0223606797749979,0.01788854381999832
1646.0,0.9,cot,0.05477225575051661,0.10954451150103321,0.027386127875258272,0.022360679774997904,0.06708203932499368,0.05622912284535993
1646.0,0.9,direct,0.07582875444051551,0.04472135954999578,0.022360679774997873,0.041833001326703784,0.18574175621006708,0.074097110260456
1646.0,0.9,think,0.022360679774997894,0.054772255750516606,0.027386127875258286,0.022360679774997918,0.16355427233796124,0.05808680310274639
1647.0,0.1,cot,0.0547722557505166,0.0670820393249937,0.02738612787525829,0.0,0.04472135954999577,0.03879235650015287
1647.0,0.1,direct,0.022360679774997935,0.03535533905932742,0.0,0.06708203932499367,0.1788854381999832,0.06073669927186045
1647.0,0.1,think,0.12942179105544785,0.022360679774997873,0.022360679774997873,0.04999999999999997,0.17464249196572978,0.07975712851423467
1647.0,0.3,cot,0.09746794344808962,0.1095445115010332,0.0273861278752583,0.02738612787525833,0.1414213562373095,0.08064121338738979
1647.0,0.3,direct,0.022360679774997918,0.022360679774997918,0.0,0.0758287544405155,0.19170289512680816,0.06245060182346389
1647.0,0.3,think,0.05700877125495689,0.08660254037844385,0.022360679774997862,0.054772255750516606,0.11937336386313323,0.06802352220440969
1647.0,0.5,cot,0.24849547279578355,0.1474788120375263,0.022360679774997873,0.0670820393249937,0.1457737973711325,0.1262381602608868
1647.0,0.5,direct,0.23021728866442678,0.04183300132670377,0.06708203932499372,0.12747548783981963,0.19039432764659772,0.13140042896050833
1647.0,0.5,think,0.108397416943394,0.11726039399558572,0.02738612787525826,0.06123724356957945,0.14832396974191325,0.09252103042514613
1647.0,0.7,cot,0.04472135954999578,0.08944271909999156,0.022360679774997862,0.035355339059327376,0.15652475842498528,0.06968097118185956
1647.0,0.7,direct,0.13874436925511607,0.04183300132670382,0.0,0.07905694150420949,0.206155281280883,0.09315791867338248
1647.0,0.7,think,0.1036822067666386,0.057008771254956944,0.022360679774997935,0.12449899597988727,0.0670820393249937,0.07492653862029489
1647.0,0.9,cot,0.11937336386313319,0.10368220676663858,0.04472135954999578,0.1274754878398196,0.15652475842498528,0.11035543528891449
1647.0,0.9,direct,0.08215838362577493,0.02738612787525832,0.04183300132670374,0.1341640786499874,0.09082951062292473,0.07527422042012982
1647.0,0.9,think,0.16355427233796124,0.04472135954999579,0.022360679774997918,0.14404860290887936,0.19557607215607947,0.11405219734558276
1650.0,0.1,cot,0.0,0.10954451150103316,0.02738612787525824,0.022360679774997935,0.08215838362577493,0.04828994055541286
1650.0,0.1,direct,0.022360679774997894,0.022360679774997904,0.0,0.027386127875258265,0.027386127875258265,0.019898723060102465
1650.0,0.1,think,0.027386127875258293,0.02738612787525833,0.022360679774997866,0.0,0.022360679774997918,0.019898723060102482
1650.0,0.3,cot,0.0447213595499958,0.10954451150103323,0.022360679774997838,0.022360679774997935,0.102469507659596,0.06029134765212416
1650.0,0.3,direct,0.0273861278752583,0.06123724356957945,0.0,0.0,0.2018662923818635,0.058097932765340254
1650.0,0.3,think,0.04183300132670376,0.08660254037844384,0.0,0.04472135954999578,0.22472205054244235,0.07957579035951715
1650.0,0.5,cot,0.022360679774997907,0.04472135954999578,0.08944271909999166,0.022360679774997935,0.02738612787525831,0.04125431321504831
1650.0,0.5,direct,0.027386127875258293,0.09617692030835671,0.022360679774997866,0.0,0.15572411502397435,0.06032956859651743
1650.0,0.5,think,0.04183300132670376,0.02738612787525833,0.035355339059327404,0.022360679774997918,0.11510864433221338,0.04840875847370016
1650.0,0.7,cot,0.0447213595499958,0.0894427190999916,0.09617692030835674,0.027386127875258317,0.02236067977499789,0.05601756132172007
1650.0,0.7,direct,0.022360679774997894,0.08366600265340753,0.03535533905932737,0.022360679774997935,0.06708203932499372,0.04616494811754489
1650.0,0.7,think,0.07582875444051551,0.10839741694339403,0.027386127875258272,0.027386127875258317,0.14832396974191325,0.07746447937526788
1650.0,0.9,cot,0.022360679774997894,0.11726039399558573,0.08944271909999163,0.022360679774997918,0.10368220676663864,0.07102133588244236
1650.0,0.9,direct,0.04183300132670376,0.10368220676663857,0.04472135954999585,0.0,0.18165902124584948,0.07437911777783754
1650.0,0.9,think,0.06123724356957944,0.1095445115010332,0.06519202405202648,0.05477225575051663,0.25592967784139453,0.10933514254291006
1675.0,0.1,cot,0.044721359549995794,0.044721359549995815,0.027386127875258248,0.022360679774997904,0.022360679774997894,0.03231004130504913
1675.0,0.1,direct,0.022360679774997894,0.0547722557505166,0.0273861278752583,0.02738612787525829,0.027386127875258306,0.03185826383025788
1675.0,0.1,think,0.0273861278752583,0.0,0.0,0.022360679774997876,0.0670820393249937,0.023365769395049973
1675.0,0.3,cot,0.05477225575051662,0.04472135954999579,0.02738612787525826,0.022360679774997918,0.04472135954999579,0.03879235650015288
1675.0,0.3,direct,0.02738612787525829,0.05477225575051664,0.0,0.05,0.14404860290887936,0.05524139730693085
1675.0,0.3,think,0.0273861278752583,0.0547722557505166,0.09617692030835673,0.022360679774997876,0.0223606797749979,0.044611332696825476
1675.0,0.5,cot,0.0273861278752583,0.02236067977499791,0.06708203932499372,0.022360679774997838,0.08660254037844385,0.04515841342573832
1675.0,0.5,direct,0.0273861278752583,0.10954451150103323,0.0273861278752583,0.022360679774997873,0.19170289512680813,0.07567606843067116
1675.0,0.5,think,0.027386127875258293,0.02236067977499793,0.12942179105544785,0.02738612787525826,0.12449899597988735,0.06621074451216993
1675.0,0.7,cot,0.06708203932499367,0.16355427233796127,0.04472135954999578,0.027386127875258286,0.10246950765959602,0.08104266134956101
1675.0,0.7,direct,0.0273861278752583,0.0547722557505166,0.04472135954999577,0.0273861278752583,0.15652475842498534,0.062158125895202865
1675.0,0.7,think,0.02236067977499789,0.04472135954999579,0.07582875444051553,0.022360679774997918,0.05477225575051662,0.044008745858204745
1675.0,0.9,cot,0.0,0.0447213595499958,0.041833001326703756,0.04183300132670376,0.022360679774997894,0.030149608395680243
1675.0,0.9,direct,0.0273861278752583,0.12747548783981966,0.04183300132670378,0.022360679774997873,0.15811388300841897,0.07543383596503972
1675.0,0.9,think,0.022360679774997894,0.04472135954999578,0.07071067811865477,0.022360679774997887,0.05477225575051661,0.04298513059383259
1687.0,0.1,cot,0.041833001326703756,0.027386127875258258,0.02738612787525831,0.027386127875258306,0.041833001326703735,0.03316487725583647
1687.0,0.1,direct,0.0,0.0,0.022360679774997935,0.0,0.0758287544405155,0.019637886843102685
1687.0,0.1,think,0.027386127875258296,0.02738612787525833,0.02738612787525833,0.0223606797749979,0.022360679774997918,0.025375948635154154
1687.0,0.3,cot,0.0,0.0,0.022360679774997918,0.0273861278752583,0.08215838362577488,0.02638103825520622
1687.0,0.3,direct,0.04472135954999577,0.0,0.022360679774997918,0.027386127875258324,0.0570087712549569,0.030295387691041786
1687.0,0.3,think,0.027386127875258296,0.035355339059327355,0.022360679774997935,0.027386127875258306,0.02738612787525832,0.027974880492020043
1687.0,0.5,cot,0.027386127875258272,0.035355339059327355,0.02738612787525833,0.044721359549995794,0.12942179105544782,0.05285414908305752
1687.0,0.5,direct,0.044721359549995794,0.03535533905932736,0.04472135954999579,0.027386127875258317,0.08215838362577495,0.04686851393207044
1687.0,0.5,think,0.044721359549995766,0.035355339059327376,0.04183300132670377,0.027386127875258313,0.06123724356957947,0.04210661427617294
1687.0,0.7,cot,0.044721359549995766,0.022360679774997873,0.02738612787525833,0.0,0.0651920240520265,0.031932038250455694
1687.0,0.7,direct,0.04183300132670378,0.057008771254956944,0.03535533905932739,0.02738612787525832,0.0651920240520265,0.04535505271365459
1687.0,0.7,think,0.035355339059327404,0.022360679774997862,0.044721359549995815,0.02738612787525831,0.02738612787525833,0.031441926826967545
1687.0,0.9,cot,0.1474788120375263,0.04183300132670376,0.022360679774997918,0.04183300132670378,0.17102631376487068,0.08490636164616047
1687.0,0.9,direct,0.08660254037844387,0.0570087712549569,0.02738612787525833,0.04183300132670378,0.15572411502397437,0.07371091117186745
1687.0,0.9,think,0.04183300132670375,0.027386127875258317,0.0,0.02738612787525832,0.04183300132670377,0.027687651680784832
1703.0,0.1,cot,0.0,0.0,0.027386127875258286,0.054772255750516606,0.027386127875258248,0.021908902300206628
1703.0,0.1,direct,0.02236067977499791,0.022360679774997935,0.027386127875258248,0.03535533905932742,0.04472135954999581,0.030436837206915462
1703.0,0.1,think,0.20493901531919198,0.06519202405202654,0.02738612787525824,0.06519202405202651,0.0570087712549569,0.08394359251069203
1703.0,0.3,cot,0.0,0.02236067977499793,0.02738612787525826,0.04472135954999583,0.04183300132670378,0.027260233705391157
1703.0,0.3,direct,0.08944271909999162,0.0,0.0,0.04472135954999582,0.05477225575051667,0.037787266880100825
1703.0,0.3,think,0.19811612756158953,0.05700877125495692,0.022360679774997873,0.07582875444051548,0.08944271909999153,0.08855141042641027
1703.0,0.5,cot,0.05477225575051662,0.07905694150420949,0.02738612787525829,0.02236067977499793,0.0670820393249937,0.0501316088459952
1703.0,0.5,direct,0.1635542723379613,0.08944271909999162,0.0447213595499958,0.07071067811865478,0.050000000000000024,0.08368580582132071
1703.0,0.5,think,0.1781852968120546,0.0418330013267038,0.022360679774997887,0.06123724356957947,0.07071067811865478,0.07486537992039811
1703.0,0.7,cot,0.0273861278752583,0.0908295106229247,0.06123724356957946,0.02738612787525833,0.04472135954999583,0.05031207389860333
1703.0,0.7,direct,0.1890767040118904,0.0670820393249937,0.0,0.08366600265340753,0.05477225575051666,0.07891940034816165
1703.0,0.7,think,0.10839741694339401,0.09354143466934851,0.0273861278752583,0.04183300132670379,0.06519202405202654,0.06727000097334623
1703.0,0.9,cot,0.14747881203752627,0.16046806535881214,0.041833001326703735,0.04183300132670381,0.0651920240520265,0.0913609808203545
1703.0,0.9,direct,0.18574175621006708,0.11510864433221338,0.027386127875258275,0.04183300132670381,0.09617692030835673,0.09324929001051986
1703.0,0.9,think,0.22527760652137618,0.151657508881031,0.04183300132670374,0.04183300132670381,0.08944271909999163,0.11000876743116128
1720.0,0.1,cot,0.15652475842498528,0.04472135954999578,0.0,0.0,0.04472135954999578,0.04919349550499537
1720.0,0.1,direct,0.15165750888103102,0.0,0.022360679774997873,0.06123724356957949,0.027386127875258272,0.05252831202017333
1720.0,0.1,think,0.02236067977499789,0.041833001326703756,0.0,0.02236067977499793,0.02738612787525829,0.022788097750391572
1720.0,0.3,cot,0.1746424919657298,0.1396424004376894,0.022360679774997862,0.027386127875258317,0.07416198487095663,0.08763873698492639
1720.0,0.3,direct,0.2109502310972899,0.03535533905932741,0.022360679774997873,0.10000000000000006,0.13874436925511607,0.10148212383734627
1720.0,0.3,think,0.03535533905932737,0.07582875444051547,0.0,0.061237243569579464,0.04183300132670376,0.04285086767922521
1720.0,0.5,cot,0.06519202405202647,0.1541103500742244,0.0,0.044721359549995815,0.23452078799117146,0.09970890433348363
1720.0,0.5,direct,0.08215838362577493,0.0651920240520265,0.022360679774997873,0.06519202405202645,0.022360679774997862,0.05145275825596472
1720.0,0.5,think,0.03535533905932737,0.07582875444051546,0.022360679774997862,0.022360679774997918,0.0418330013267038,0.03954769087530848
1720.0,0.7,cot,0.061237243569579436,0.151657508881031,0.0,0.02738612787525833,0.1541103500742244,0.07887824608001863
1720.0,0.7,direct,0.2413503677229434,0.05700877125495692,0.022360679774997876,0.05477225575051662,0.1673320053068151,0.108564815962046
1720.0,0.7,think,0.07416198487095663,0.11510864433221338,0.02738612787525829,0.06519202405202651,0.04183300132670376,0.06473635649143171
1720.0,0.9,cot,0.24392621835300934,0.13509256086106297,0.022360679774997876,0.07582875444051548,0.10606601717798214,0.11665484612151358
1720.0,0.9,direct,0.23345235059857505,0.0651920240520265,0.022360679774997873,0.08215838362577495,0.03535533905932735,0.08770375542214034
1720.0,0.9,think,0.17464249196572984,0.09354143466934853,0.0,0.05000000000000006,0.07071067811865477,0.07777892095074665
1829.0,0.1,cot,0.2138924963620744,0.04183300132670375,0.022360679774997904,0.022360679774997866,0.1823458252881047,0.09655853650537574
1829.0,0.1,direct,0.20493901531919195,0.027386127875258317,0.022360679774997935,0.0353553390593274,0.03535533905932735,0.0650793002176206
1829.0,0.1,think,0.057008771254956896,0.07416198487095661,0.02738612787525826,0.035355339059327424,0.022360679774997918,0.043254580567099424
1829.0,0.3,cot,0.05477225575051662,0.08660254037844385,0.022360679774997876,0.044721359549995836,0.17535677916750184,0.0767627229242912
1829.0,0.3,direct,0.19999999999999998,0.04472135954999582,0.0,0.07905694150420947,0.0547722557505166,0.07571011136094437
1829.0,0.3,think,0.18574175621006708,0.07582875444051551,0.02738612787525828,0.15652475842498528,0.022360679774997935,0.09356841534516482
1829.0,0.5,cot,0.21621748310439654,0.10368220676663858,0.0,0.06519202405202654,0.16733200530681508,0.11048474384597533
1829.0,0.5,direct,0.08215838362577495,0.07416198487095658,0.0,0.09082951062292473,0.06519202405202647,0.06246838063433654
1829.0,0.5,think,0.22527760652137624,0.035355339059327355,0.022360679774997918,0.0570087712549569,0.06519202405202645,0.08103888413253697
1829.0,0.7,cot,0.09746794344808968,0.09746794344808965,0.022360679774997887,0.05000000000000005,0.02738612787525829,0.058936538909287114
1829.0,0.7,direct,0.07071067811865474,0.04183300132670381,0.0,0.0961769203083567,0.022360679774997866,0.046216255905742624
1829.0,0.7,think,0.06519202405202648,0.07582875444051553,0.0,0.04183300132670381,0.11401754250991378,0.05937426446583192
1829.0,0.9,cot,0.23822258499143192,0.06708203932499372,0.0,0.21389249636207436,0.027386127875258348,0.10931664971075165
1829.0,0.9,direct,0.23874672772626646,0.05477225575051666,0.022360679774997918,0.08944271909999164,0.09617692030835674,0.10029986053202589
1829.0,0.9,think,0.2413503677229434,0.0894427190999916,0.022360679774997876,0.08215838362577493,0.04472135954999578,0.09600670195474073
1839.0,0.1,cot,0.022360679774997907,0.054772255750516585,0.02738612787525833,0.0,0.1341640786499874,0.04773662841015204
1839.0,0.1,direct,0.02236067977499789,0.04472135954999579,0.0,0.022360679774997873,0.027386127875258286,0.023365769395049966
1839.0,0.1,think,0.0,0.02738612787525833,0.0,0.0,0.0,0.0054772255750516665
1839.0,0.3,cot,0.022360679774997894,0.09617692030835673,0.022360679774997918,0.0,0.12747548783981963,0.05367475353963443
1839.0,0.3,direct,0.02236067977499789,0.02236067977499793,0.05477225575051663,0.044721359549995794,0.14747881203752625,0.058338757377606895
1839.0,0.3,think,0.027386127875258293,0.02738612787525833,0.022360679774997935,0.0,0.15165750888103102,0.04575808888130912
1839.0,0.5,cot,0.04472135954999579,0.1095445115010332,0.044721359549995836,0.044721359549995766,0.15165750888103102,0.07907321980641033
1839.0,0.5,direct,0.0,0.06708203932499371,0.08944271909999162,0.022360679774997876,0.13038404810405296,0.061853897260807235
1839.0,0.5,think,0.022360679774997894,0.022360679774997935,0.0,0.0,0.20186629238186354,0.04931753038637188
1839.0,0.7,cot,0.0,0.04472135954999578,0.15247950681976905,0.022360679774997876,0.14747881203752625,0.0734080716364578
1839.0,0.7,direct,0.0,0.054772255750516585,0.04472135954999583,0.0,0.027386127875258303,0.025375948635154143
1839.0,0.7,think,0.027386127875258293,0.0,0.02236067977499793,0.0447213595499958,0.22192341021172143,0.06327831548239468
1839.0,0.9,cot,0.022360679774997894,0.08366600265340753,0.04472135954999581,0.0,0.12549900398011135,0.055249409191702514
1839.0,0.9,direct,0.04472135954999579,0.08944271909999156,0.022360679774997866,0.0,0.11401754250991378,0.054108460186979804
1839.0,0.9,think,0.0273861278752583,0.13416407864998733,0.06519202405202652,0.02738612787525826,0.16807736313971608,0.08444114431844929
1913.0,0.1,cot,0.0547722557505166,0.08944271909999157,0.022360679774997935,0.022360679774997918,0.17535677916750184,0.07285862271360118
1913.0,0.1,direct,0.0,0.0,0.0,0.04472135954999578,0.027386127875258317,0.014421497485050819
1913.0,0.1,think,0.02236067977499789,0.11180339887498947,0.022360679774997862,0.027386127875258265,0.0894427190999916,0.05467072108004702
1913.0,0.3,cot,0.04183300132670378,0.09354143466934851,0.02738612787525833,0.04183300132670374,0.1717556403731767,0.0752698411142382
1913.0,0.3,direct,0.022360679774997894,0.04183300132670377,0.0,0.0,0.1341640786499874,0.039671551950337815
1913.0,0.3,think,0.0273861278752583,0.10368220676663858,0.022360679774997873,0.04472135954999579,0.0651920240520265,0.0526684796037834
1913.0,0.5,cot,0.05477225575051661,0.08215838362577489,0.04183300132670374,0.022360679774997904,0.10246950765959598,0.06071876562751784
1913.0,0.5,direct,0.0273861278752583,0.08660254037844382,0.08660254037844389,0.027386127875258296,0.15572411502397437,0.07674029030627574
1913.0,0.5,think,0.03535533905932737,0.022360679774997918,0.18708286933869706,0.04183300132670375,0.1788854381999832,0.09310346553994185
1913.0,0.7,cot,0.06519202405202648,0.04472135954999579,0.02738612787525833,0.0447213595499958,0.06708203932499372,0.04982058207045402
1913.0,0.7,direct,0.0273861278752583,0.0,0.02236067977499793,0.0447213595499958,0.14747881203752625,0.04838939584755565
1913.0,0.7,think,0.022360679774997894,0.1036822067666386,0.0,0.04472135954999578,0.10839741694339397,0.05583233260700524
1913.0,0.9,cot,0.06123724356957944,0.13964240043768938,0.07582875444051553,0.0,0.18234582528810467,0.0918108447471778
1913.0,0.9,direct,0.022360679774997904,0.10954451150103321,0.11510864433221338,0.022360679774997887,0.1254990039801113,0.07897470387267073
1913.0,0.9,think,0.04999999999999999,0.11726039399558572,0.04183300132670372,0.022360679774997873,0.16431676725154984,0.07915416846976743
1926.0,0.1,cot,0.06708203932499368,0.0,0.0,0.02738612787525829,0.10368220676663863,0.03963007479337812
1926.0,0.1,direct,0.04472135954999581,0.0,0.0,0.0758287544405155,0.022360679774997918,0.028582158753101845
1926.0,0.1,think,0.04472135954999577,0.022360679774997918,0.02738612787525829,0.054772255750516585,0.20493901531919195,0.0708358876539921
1926.0,0.3,cot,0.17464249196572978,0.03535533905932742,0.0,0.06123724356957946,0.09746794344808965,0.07374060360854526
1926.0,0.3,direct,0.04183300132670381,0.02738612787525832,0.0,0.10606601717798213,0.15247950681976913,0.06555293063994268
1926.0,0.3,think,0.18234582528810467,0.022360679774997918,0.0273861278752583,0.07582875444051547,0.16431676725154984,0.09444763092608524
1926.0,0.5,cot,0.18234582528810467,0.03535533905932741,0.022360679774997887,0.044721359549995766,0.0447213595499958,0.0659009126444843
1926.0,0.5,direct,0.16046806535881214,0.02738612787525833,0.0,0.06519202405202651,0.1680773631397161,0.08422471608516262
1926.0,0.5,think,0.05,0.04472135954999585,0.022360679774997873,0.09617692030835664,0.0570087712549569,0.05405354617766145
1926.0,0.7,cot,0.2413503677229434,0.06519202405202651,0.027386127875258258,0.0570087712549569,0.102469507659596,0.0986813597129562
1926.0,0.7,direct,0.02738612787525833,0.02738612787525833,0.0,0.08215838362577492,0.19170289512680816,0.06572670690061995
1926.0,0.7,think,0.19685019685029523,0.0,0.027386127875258272,0.054772255750516585,0.13416407864998736,0.0826345318252115
1926.0,0.9,cot,0.2133072900770154,0.06123724356957947,0.0273861278752583,0.02738612787525824,0.08944271909999157,0.0837519016994206
1926.0,0.9,direct,0.03535533905932741,0.022360679774997866,0.0,0.08366600265340754,0.16355427233796127,0.060987258765138816
1926.0,0.9,think,0.26362852652928137,0.07582875444051551,0.022360679774997887,0.12041594578792295,0.12549900398011132,0.12154658210256582
1932.0,0.1,cot,0.0,0.08215838362577493,0.044721359549995836,0.0,0.05477225575051661,0.036330399785257476
1932.0,0.1,direct,0.0,0.0,0.10606601717798213,0.03535533905932739,0.0,0.0282842712474619
1932.0,0.1,think,0.0,0.08215838362577493,0.0866025403784439,0.0,0.0273861278752583,0.039229410375895425
1932.0,0.3,cot,0.0,0.0,0.0,0.0,0.044721359549995794,0.00894427190999916
1932.0,0.3,direct,0.04472135954999579,0.07071067811865477,0.11401754250991383,0.022360679774997935,0.04472135954999579,0.059306323900711624
1932.0,0.3,think,0.0,0.1036822067666386,0.02738612787525833,0.0,0.04472135954999579,0.03515793883837855
1932.0,0.5,cot,0.044721359549995794,0.1,0.027386127875258265,0.02738612787525833,0.027386127875258293,0.04537594863515414
1932.0,0.5,direct,0.04472135954999579,0.08366600265340757,0.10368220676663857,0.02738612787525833,0.0,0.051891139369060056
1932.0,0.5,think,0.04472135954999579,0.0894427190999916,0.044721359549995836,0.0273861278752583,0.03535533905932737,0.04832538102691378
1932.0,0.7,cot,0.02236067977499789,0.13416407864998736,0.054772255750516634,0.02738612787525826,0.03535533905932737,0.05480769622201751
1932.0,0.7,direct,0.0,0.17320508075688773,0.13038404810405302,0.022360679774997862,0.02236067977499789,0.0696620976821873
1932.0,0.7,think,0.0,0.0447213595499958,0.05477225575051666,0.022360679774997918,0.03535533905932737,0.031441926826967545
1932.0,0.9,cot,0.0,0.1643167672515498,0.054772255750516655,0.0,0.05477225575051663,0.05477225575051662
1932.0,0.9,direct,0.0,0.08366600265340757,0.07582875444051553,0.022360679774997918,0.04472135954999578,0.04531535928378336
1932.0,0.9,think,0.0,0.07416198487095663,0.10954451150103323,0.027386127875258286,0.057008771254956896,0.053620279100441
2030.0,0.1,cot,0.04183300132670375,0.07905694150420949,0.0,0.022360679774997918,0.12942179105544788,0.05453448273227181
2030.0,0.1,direct,0.09746794344808965,0.02236067977499793,0.022360679774997876,0.04472135954999583,0.02738612787525833,0.04285935808466791
2030.0,0.1,think,0.0,0.027386127875258286,0.022360679774997862,0.02738612787525833,0.02738612787525833,0.020903812680154562
2030.0,0.3,cot,0.02738612787525829,0.0821583836257749,0.0,0.022360679774997935,0.0,0.026381038255206223
2030.0,0.3,direct,0.0894427190999916,0.02738612787525833,0.02738612787525824,0.04183300132670381,0.02738612787525833,0.04268682081049406
2030.0,0.3,think,0.03535533905932737,0.0670820393249937,0.022360679774997873,0.02738612787525832,0.0,0.03043683720691545
2030.0,0.5,cot,0.17464249196572984,0.054772255750516655,0.022360679774997887,0.05700877125495693,0.11726039399558573,0.08520891854835741
2030.0,0.5,direct,0.022360679774997894,0.027386127875258317,0.022360679774997918,0.027386127875258317,0.16807736313971613,0.05351419568804572
2030.0,0.5,think,0.1890767040118904,0.08366600265340755,0.022360679774997862,0.04472135954999585,0.17818529681205458,0.10360200856046924
2030.0,0.7,cot,0.14747881203752627,0.1140175425099138,0.022360679774997873,0.035355339059327355,0.13964240043768938,0.09177095476389094
2030.0,0.7,direct,0.2150581316760657,0.02738612787525832,0.022360679774997876,0.05000000000000006,0.14832396974191325,0.09262578181364703
2030.0,0.7,think,0.04472135954999578,0.05477225575051663,0.0,0.03535533905932733,0.1732050807568877,0.061610807023345496
2030.0,0.9,cot,0.08660254037844385,0.04183300132670381,0.0,0.06708203932499368,0.135092560861063,0.06612202837824085
2030.0,0.9,direct,0.21389249636207439,0.03535533905932741,0.0,0.04472135954999585,0.0570087712549569,0.07019559324527092
2030.0,0.9,think,0.19999999999999998,0.02738612787525833,0.022360679774997876,0.06519202405202645,0.08944271909999162,0.08087631016045485
2047.0,0.1,cot,0.0,0.04472135954999579,0.0,0.022360679774997918,0.0,0.013416407864998741
2047.0,0.1,direct,0.054772255750516606,0.07071067811865474,0.09746794344808962,0.02738612787525833,0.04472135954999579,0.05901167294850301
2047.0,0.1,think,0.0,0.0,0.1710263137648707,0.022360679774997918,0.04472135954999579,0.047621670617972886
2047.0,0.3,cot,0.054772255750516606,0.05477225575051663,0.04472135954999577,0.022360679774997935,0.03535533905932738,0.04239637797707087
2047.0,0.3,direct,0.06123724356957945,0.08366600265340757,0.16955824957813173,0.0,0.1781852968120546,0.09852935852263467
2047.0,0.3,think,0.04472135954999579,0.07071067811865475,0.18708286933869708,0.0,0.044721359549995794,0.06944725331146868
2047.0,0.5,cot,0.05477225575051663,0.054772255750516634,0.06519202405202647,0.0353553390593274,0.03535533905932738,0.0490894427343429
2047.0,0.5,direct,0.0570087712549569,0.05477225575051663,0.19811612756158953,0.022360679774997904,0.02738612787525829,0.07192879244346385
2047.0,0.5,think,0.0,0.05477225575051663,0.1414213562373095,0.0,0.0,0.03923872239756523
2047.0,0.7,cot,0.05477225575051662,0.05477225575051664,0.0570087712549569,0.02738612787525833,0.03535533905932737,0.045858949938115165
2047.0,0.7,direct,0.044721359549995794,0.044721359549995794,0.04183300132670379,0.02738612787525833,0.0273861278752583,0.0372095952354424
2047.0,0.7,think,0.08366600265340755,0.11401754250991379,0.06519202405202651,0.0,0.04183300132670376,0.060941714108410316
2047.0,0.9,cot,0.022360679774997894,0.07071067811865478,0.04472135954999578,0.022360679774997887,0.04472135954999579,0.04097495135372843
2047.0,0.9,direct,0.035355339059327376,0.1,0.15652475842498523,0.022360679774997935,0.07582875444051551,0.07801390633996522
2047.0,0.9,think,0.0,0.05477225575051661,0.1732050807568877,0.027386127875258286,0.057008771254956896,0.062474447127523904
